frequency_relative_to_carrier_hz	psd_relative_db
-39999.023438	-54.932519
-39996.093750	-54.208885
-39993.164062	-54.471630
-39990.234375	-54.347174
-39987.304688	-54.698418
-39984.375000	-55.574806
-39981.445312	-55.240767
-39978.515625	-55.868662
-39975.585938	-55.936763
-39972.656250	-55.241208
-39969.726562	-55.357739
-39966.796875	-55.756830
-39963.867188	-54.532220
-39960.937500	-54.062641
-39958.007812	-54.118091
-39955.078125	-53.870121
-39952.148438	-54.224008
-39949.218750	-54.693569
-39946.289062	-54.824863
-39943.359375	-54.320836
-39940.429688	-54.321831
-39937.500000	-54.602364
-39934.570312	-54.429765
-39931.640625	-54.869530
-39928.710938	-54.902891
-39925.781250	-55.773529
-39922.851562	-54.523787
-39919.921875	-53.278616
-39916.992188	-55.201633
-39914.062500	-56.022843
-39911.132812	-55.695782
-39908.203125	-55.181517
-39905.273438	-55.127584
-39902.343750	-54.875106
-39899.414062	-54.725816
-39896.484375	-55.661729
-39893.554688	-55.212664
-39890.625000	-54.360915
-39887.695312	-54.985940
-39884.765625	-56.681526
-39881.835938	-55.992683
-39878.906250	-54.678589
-39875.976562	-54.813683
-39873.046875	-54.323407
-39870.117188	-54.371600
-39867.187500	-54.727032
-39864.257812	-54.563038
-39861.328125	-54.576493
-39858.398438	-53.963087
-39855.468750	-54.606679
-39852.539062	-55.537396
-39849.609375	-54.803621
-39846.679688	-54.687701
-39843.750000	-54.613935
-39840.820312	-54.487256
-39837.890625	-54.174053
-39834.960938	-54.405946
-39832.031250	-54.321021
-39829.101562	-54.420660
-39826.171875	-54.609832
-39823.242188	-54.406860
-39820.312500	-54.005672
-39817.382812	-53.839839
-39814.453125	-54.544869
-39811.523438	-55.884257
-39808.593750	-55.726071
-39805.664062	-55.045948
-39802.734375	-54.818250
-39799.804688	-54.649592
-39796.875000	-54.329471
-39793.945312	-53.758393
-39791.015625	-54.306415
-39788.085938	-55.429233
-39785.156250	-54.807439
-39782.226562	-54.796958
-39779.296875	-56.110146
-39776.367188	-55.628196
-39773.437500	-55.492661
-39770.507812	-54.908557
-39767.578125	-55.683287
-39764.648438	-55.523225
-39761.718750	-54.706755
-39758.789062	-55.704837
-39755.859375	-54.308613
-39752.929688	-54.201557
-39750.000000	-55.518798
-39747.070312	-56.097306
-39744.140625	-55.704422
-39741.210938	-54.890042
-39738.281250	-56.009255
-39735.351562	-54.631415
-39732.421875	-53.514846
-39729.492188	-54.175537
-39726.562500	-55.189648
-39723.632812	-54.813816
-39720.703125	-54.502347
-39717.773438	-55.574102
-39714.843750	-56.868468
-39711.914062	-54.893609
-39708.984375	-53.774072
-39706.054688	-54.529915
-39703.125000	-55.334530
-39700.195312	-55.269179
-39697.265625	-54.498952
-39694.335938	-55.257963
-39691.406250	-54.822453
-39688.476562	-54.857536
-39685.546875	-55.166902
-39682.617188	-54.658145
-39679.687500	-54.702024
-39676.757812	-55.038269
-39673.828125	-54.894139
-39670.898438	-54.569166
-39667.968750	-55.360710
-39665.039062	-55.808698
-39662.109375	-54.959664
-39659.179688	-54.746345
-39656.250000	-54.988600
-39653.320312	-56.185523
-39650.390625	-56.513117
-39647.460938	-56.496345
-39644.531250	-54.675095
-39641.601562	-53.923276
-39638.671875	-54.874218
-39635.742188	-54.891695
-39632.812500	-54.432472
-39629.882812	-54.152773
-39626.953125	-54.538735
-39624.023438	-54.672878
-39621.093750	-54.590595
-39618.164062	-54.576651
-39615.234375	-55.142726
-39612.304688	-55.296420
-39609.375000	-54.849490
-39606.445312	-55.699198
-39603.515625	-55.381143
-39600.585938	-54.250606
-39597.656250	-53.633131
-39594.726562	-53.625222
-39591.796875	-53.715541
-39588.867188	-54.369338
-39585.937500	-55.141580
-39583.007812	-56.126116
-39580.078125	-54.688394
-39577.148438	-53.931632
-39574.218750	-54.005479
-39571.289062	-54.084669
-39568.359375	-53.436365
-39565.429688	-53.411701
-39562.500000	-54.240900
-39559.570312	-55.414937
-39556.640625	-55.074792
-39553.710938	-53.724295
-39550.781250	-54.476915
-39547.851562	-55.710756
-39544.921875	-55.583815
-39541.992188	-55.709789
-39539.062500	-55.506557
-39536.132812	-54.129172
-39533.203125	-53.781235
-39530.273438	-54.327078
-39527.343750	-54.306513
-39524.414062	-55.720799
-39521.484375	-54.340880
-39518.554688	-54.535224
-39515.625000	-54.322600
-39512.695312	-55.013028
-39509.765625	-55.638819
-39506.835938	-54.285250
-39503.906250	-54.015173
-39500.976562	-54.077160
-39498.046875	-54.701168
-39495.117188	-55.636778
-39492.187500	-55.481085
-39489.257812	-55.203113
-39486.328125	-54.533881
-39483.398438	-53.948222
-39480.468750	-54.302973
-39477.539062	-55.317835
-39474.609375	-55.351759
-39471.679688	-54.351426
-39468.750000	-54.602775
-39465.820312	-54.191804
-39462.890625	-54.740371
-39459.960938	-55.856686
-39457.031250	-54.853868
-39454.101562	-54.204693
-39451.171875	-54.727959
-39448.242188	-55.242196
-39445.312500	-54.558460
-39442.382812	-55.142149
-39439.453125	-54.429873
-39436.523438	-54.937041
-39433.593750	-55.377819
-39430.664062	-54.815390
-39427.734375	-55.398157
-39424.804688	-54.989755
-39421.875000	-55.236384
-39418.945312	-55.640837
-39416.015625	-55.320551
-39413.085938	-55.299163
-39410.156250	-54.384350
-39407.226562	-54.105676
-39404.296875	-53.953427
-39401.367188	-54.108049
-39398.437500	-54.587953
-39395.507812	-54.752933
-39392.578125	-54.612652
-39389.648438	-53.727937
-39386.718750	-54.324240
-39383.789062	-54.783971
-39380.859375	-55.008582
-39377.929688	-54.584087
-39375.000000	-54.783532
-39372.070312	-55.152830
-39369.140625	-55.661243
-39366.210938	-54.554953
-39363.281250	-54.962191
-39360.351562	-54.942424
-39357.421875	-54.915078
-39354.492188	-55.977573
-39351.562500	-55.379134
-39348.632812	-55.475936
-39345.703125	-54.914825
-39342.773438	-53.844140
-39339.843750	-54.699136
-39336.914062	-55.674334
-39333.984375	-55.353014
-39331.054688	-54.631978
-39328.125000	-54.902288
-39325.195312	-54.834329
-39322.265625	-55.090849
-39319.335938	-55.739150
-39316.406250	-55.649590
-39313.476562	-54.583851
-39310.546875	-54.204720
-39307.617188	-55.132692
-39304.687500	-55.148624
-39301.757812	-55.196235
-39298.828125	-54.663451
-39295.898438	-55.289778
-39292.968750	-56.069824
-39290.039062	-54.738099
-39287.109375	-54.939250
-39284.179688	-54.851200
-39281.250000	-54.256620
-39278.320312	-53.996579
-39275.390625	-54.556809
-39272.460938	-54.078854
-39269.531250	-54.477850
-39266.601562	-55.014152
-39263.671875	-55.315407
-39260.742188	-54.603333
-39257.812500	-54.582965
-39254.882812	-55.269318
-39251.953125	-54.961632
-39249.023438	-55.126690
-39246.093750	-55.354510
-39243.164062	-55.606653
-39240.234375	-55.535211
-39237.304688	-55.234271
-39234.375000	-55.589673
-39231.445312	-54.040708
-39228.515625	-54.377033
-39225.585938	-55.679179
-39222.656250	-54.210395
-39219.726562	-54.726186
-39216.796875	-54.913830
-39213.867188	-54.088665
-39210.937500	-53.784846
-39208.007812	-54.455740
-39205.078125	-54.969974
-39202.148438	-55.760283
-39199.218750	-55.723587
-39196.289062	-54.839349
-39193.359375	-54.720543
-39190.429688	-54.532328
-39187.500000	-54.440269
-39184.570312	-54.140761
-39181.640625	-54.874149
-39178.710938	-54.391653
-39175.781250	-54.631992
-39172.851562	-54.778015
-39169.921875	-55.032981
-39166.992188	-55.510444
-39164.062500	-55.293187
-39161.132812	-55.446658
-39158.203125	-55.949794
-39155.273438	-56.401608
-39152.343750	-56.763327
-39149.414062	-55.310323
-39146.484375	-54.696326
-39143.554688	-55.469259
-39140.625000	-55.527756
-39137.695312	-55.795770
-39134.765625	-55.118301
-39131.835938	-54.449049
-39128.906250	-53.875843
-39125.976562	-54.055268
-39123.046875	-55.732636
-39120.117188	-56.148316
-39117.187500	-56.053903
-39114.257812	-54.997470
-39111.328125	-54.405323
-39108.398438	-54.712878
-39105.468750	-54.396377
-39102.539062	-56.469562
-39099.609375	-55.489837
-39096.679688	-55.296116
-39093.750000	-54.240314
-39090.820312	-53.893292
-39087.890625	-54.163575
-39084.960938	-54.561051
-39082.031250	-53.533598
-39079.101562	-54.011284
-39076.171875	-55.755185
-39073.242188	-56.155685
-39070.312500	-54.861409
-39067.382812	-54.923369
-39064.453125	-56.164335
-39061.523438	-54.979407
-39058.593750	-53.873136
-39055.664062	-54.425486
-39052.734375	-53.691312
-39049.804688	-53.683402
-39046.875000	-55.042704
-39043.945312	-54.813869
-39041.015625	-54.998850
-39038.085938	-55.417327
-39035.156250	-54.502324
-39032.226562	-54.383064
-39029.296875	-54.583029
-39026.367188	-55.375221
-39023.437500	-55.552627
-39020.507812	-55.897443
-39017.578125	-54.946196
-39014.648438	-53.759622
-39011.718750	-54.043161
-39008.789062	-53.673436
-39005.859375	-53.595859
-39002.929688	-54.020937
-39000.000000	-54.191489
-38997.070312	-54.718105
-38994.140625	-55.312058
-38991.210938	-56.151667
-38988.281250	-55.121755
-38985.351562	-55.448240
-38982.421875	-53.836932
-38979.492188	-53.561090
-38976.562500	-54.089022
-38973.632812	-54.818037
-38970.703125	-55.517941
-38967.773438	-54.144822
-38964.843750	-53.924905
-38961.914062	-55.716804
-38958.984375	-55.746688
-38956.054688	-55.315938
-38953.125000	-54.490573
-38950.195312	-54.504596
-38947.265625	-54.593243
-38944.335938	-54.760159
-38941.406250	-53.987977
-38938.476562	-54.468530
-38935.546875	-55.555877
-38932.617188	-55.376125
-38929.687500	-55.060498
-38926.757812	-54.259959
-38923.828125	-54.868506
-38920.898438	-55.898924
-38917.968750	-55.063491
-38915.039062	-54.584802
-38912.109375	-55.523691
-38909.179688	-54.913231
-38906.250000	-56.373930
-38903.320312	-57.483267
-38900.390625	-55.422991
-38897.460938	-54.227527
-38894.531250	-54.478235
-38891.601562	-55.395408
-38888.671875	-54.643603
-38885.742188	-54.441798
-38882.812500	-54.748603
-38879.882812	-54.887230
-38876.953125	-54.040142
-38874.023438	-54.462146
-38871.093750	-55.874995
-38868.164062	-54.629043
-38865.234375	-54.150510
-38862.304688	-54.048608
-38859.375000	-54.026268
-38856.445312	-54.361741
-38853.515625	-54.582744
-38850.585938	-54.829851
-38847.656250	-54.950485
-38844.726562	-54.484096
-38841.796875	-54.780171
-38838.867188	-54.670470
-38835.937500	-53.911610
-38833.007812	-53.376380
-38830.078125	-54.937397
-38827.148438	-55.669780
-38824.218750	-55.234369
-38821.289062	-54.908640
-38818.359375	-55.190219
-38815.429688	-55.193817
-38812.500000	-54.707335
-38809.570312	-54.810553
-38806.640625	-54.451719
-38803.710938	-54.246434
-38800.781250	-54.297928
-38797.851562	-54.349484
-38794.921875	-54.625599
-38791.992188	-54.959899
-38789.062500	-55.341270
-38786.132812	-54.389608
-38783.203125	-54.023009
-38780.273438	-54.324143
-38777.343750	-54.644167
-38774.414062	-55.002622
-38771.484375	-55.025591
-38768.554688	-55.611097
-38765.625000	-56.043806
-38762.695312	-55.271062
-38759.765625	-55.228395
-38756.835938	-55.580462
-38753.906250	-55.831775
-38750.976562	-54.893235
-38748.046875	-54.790502
-38745.117188	-56.062345
-38742.187500	-54.829393
-38739.257812	-54.843923
-38736.328125	-55.104420
-38733.398438	-56.046504
-38730.468750	-54.848934
-38727.539062	-54.580760
-38724.609375	-55.775455
-38721.679688	-55.774576
-38718.750000	-54.771075
-38715.820312	-56.319489
-38712.890625	-55.694864
-38709.960938	-55.406350
-38707.031250	-55.010285
-38704.101562	-54.157094
-38701.171875	-54.457150
-38698.242188	-54.581214
-38695.312500	-54.369849
-38692.382812	-54.247008
-38689.453125	-55.232347
-38686.523438	-54.884311
-38683.593750	-54.452385
-38680.664062	-55.268323
-38677.734375	-55.140255
-38674.804688	-55.012302
-38671.875000	-54.945744
-38668.945312	-55.915809
-38666.015625	-56.369733
-38663.085938	-56.011195
-38660.156250	-55.113148
-38657.226562	-54.442340
-38654.296875	-55.058255
-38651.367188	-56.247164
-38648.437500	-55.295232
-38645.507812	-54.102543
-38642.578125	-54.214261
-38639.648438	-54.723570
-38636.718750	-53.829476
-38633.789062	-54.341987
-38630.859375	-54.358521
-38627.929688	-54.202493
-38625.000000	-54.518591
-38622.070312	-55.056565
-38619.140625	-54.543162
-38616.210938	-54.914548
-38613.281250	-55.507164
-38610.351562	-55.175409
-38607.421875	-54.539110
-38604.492188	-55.092500
-38601.562500	-55.249155
-38598.632812	-54.871504
-38595.703125	-55.252680
-38592.773438	-55.368225
-38589.843750	-54.936620
-38586.914062	-54.664439
-38583.984375	-54.673325
-38581.054688	-53.576688
-38578.125000	-54.029965
-38575.195312	-55.126586
-38572.265625	-54.836945
-38569.335938	-53.596792
-38566.406250	-53.708278
-38563.476562	-55.288530
-38560.546875	-55.388576
-38557.617188	-54.136926
-38554.687500	-55.022167
-38551.757812	-55.725082
-38548.828125	-55.829358
-38545.898438	-54.936766
-38542.968750	-54.114343
-38540.039062	-54.718594
-38537.109375	-54.098885
-38534.179688	-54.364108
-38531.250000	-54.520072
-38528.320312	-54.646797
-38525.390625	-54.463505
-38522.460938	-54.414817
-38519.531250	-54.321123
-38516.601562	-54.657608
-38513.671875	-55.510012
-38510.742188	-55.479404
-38507.812500	-54.293625
-38504.882812	-54.344607
-38501.953125	-53.684371
-38499.023438	-53.802704
-38496.093750	-54.082700
-38493.164062	-54.969593
-38490.234375	-54.884947
-38487.304688	-55.100313
-38484.375000	-55.228152
-38481.445312	-55.491018
-38478.515625	-55.052362
-38475.585938	-54.611880
-38472.656250	-55.366020
-38469.726562	-55.307113
-38466.796875	-54.739652
-38463.867188	-55.213211
-38460.937500	-54.115194
-38458.007812	-54.550978
-38455.078125	-55.145733
-38452.148438	-55.724455
-38449.218750	-55.488330
-38446.289062	-55.131602
-38443.359375	-54.652860
-38440.429688	-54.472742
-38437.500000	-54.381274
-38434.570312	-54.353415
-38431.640625	-54.038505
-38428.710938	-55.137017
-38425.781250	-54.746239
-38422.851562	-54.684885
-38419.921875	-55.521294
-38416.992188	-54.907631
-38414.062500	-54.947714
-38411.132812	-56.615412
-38408.203125	-54.670166
-38405.273438	-54.823856
-38402.343750	-54.408296
-38399.414062	-55.567679
-38396.484375	-55.727081
-38393.554688	-54.859521
-38390.625000	-53.622096
-38387.695312	-54.024883
-38384.765625	-56.037236
-38381.835938	-54.583583
-38378.906250	-53.513160
-38375.976562	-54.263459
-38373.046875	-54.472986
-38370.117188	-54.245334
-38367.187500	-55.624092
-38364.257812	-54.979854
-38361.328125	-54.704654
-38358.398438	-55.652600
-38355.468750	-54.699464
-38352.539062	-54.488338
-38349.609375	-55.789646
-38346.679688	-55.482246
-38343.750000	-55.216583
-38340.820312	-55.726648
-38337.890625	-55.003908
-38334.960938	-54.487238
-38332.031250	-54.571887
-38329.101562	-54.641686
-38326.171875	-55.186115
-38323.242188	-55.012952
-38320.312500	-54.818267
-38317.382812	-53.868524
-38314.453125	-53.815172
-38311.523438	-54.914462
-38308.593750	-54.926216
-38305.664062	-53.886215
-38302.734375	-54.009720
-38299.804688	-54.161482
-38296.875000	-54.259431
-38293.945312	-55.602806
-38291.015625	-55.998030
-38288.085938	-54.547606
-38285.156250	-54.844593
-38282.226562	-55.934178
-38279.296875	-54.643543
-38276.367188	-54.186967
-38273.437500	-54.252163
-38270.507812	-54.551701
-38267.578125	-53.861690
-38264.648438	-54.741787
-38261.718750	-53.874465
-38258.789062	-54.658620
-38255.859375	-55.319427
-38252.929688	-55.254082
-38250.000000	-55.373675
-38247.070312	-54.829658
-38244.140625	-53.760821
-38241.210938	-54.111793
-38238.281250	-55.341837
-38235.351562	-55.683054
-38232.421875	-54.903424
-38229.492188	-54.484315
-38226.562500	-54.382661
-38223.632812	-54.466344
-38220.703125	-54.882598
-38217.773438	-54.259652
-38214.843750	-54.282143
-38211.914062	-54.015337
-38208.984375	-54.670815
-38206.054688	-55.177396
-38203.125000	-53.801219
-38200.195312	-53.360462
-38197.265625	-53.593614
-38194.335938	-53.741828
-38191.406250	-53.275531
-38188.476562	-53.917099
-38185.546875	-55.520607
-38182.617188	-55.444410
-38179.687500	-54.284748
-38176.757812	-55.206687
-38173.828125	-56.785932
-38170.898438	-54.792683
-38167.968750	-53.566522
-38165.039062	-53.769622
-38162.109375	-53.650279
-38159.179688	-53.141516
-38156.250000	-54.513351
-38153.320312	-55.193278
-38150.390625	-54.407383
-38147.460938	-54.426027
-38144.531250	-54.498863
-38141.601562	-54.932800
-38138.671875	-55.923483
-38135.742188	-55.699273
-38132.812500	-56.482069
-38129.882812	-56.193757
-38126.953125	-55.566291
-38124.023438	-54.660004
-38121.093750	-54.230742
-38118.164062	-54.542255
-38115.234375	-55.837059
-38112.304688	-55.909690
-38109.375000	-55.837661
-38106.445312	-55.460724
-38103.515625	-55.135637
-38100.585938	-55.160665
-38097.656250	-54.732001
-38094.726562	-54.333803
-38091.796875	-55.016269
-38088.867188	-56.042185
-38085.937500	-56.395787
-38083.007812	-55.212690
-38080.078125	-55.000943
-38077.148438	-55.624209
-38074.218750	-56.171685
-38071.289062	-56.720678
-38068.359375	-55.372295
-38065.429688	-54.698876
-38062.500000	-54.448106
-38059.570312	-53.889357
-38056.640625	-55.057350
-38053.710938	-55.837206
-38050.781250	-55.166990
-38047.851562	-54.591236
-38044.921875	-54.443032
-38041.992188	-54.866066
-38039.062500	-54.245747
-38036.132812	-54.638421
-38033.203125	-55.094608
-38030.273438	-55.290839
-38027.343750	-55.007236
-38024.414062	-54.851026
-38021.484375	-54.094516
-38018.554688	-54.883759
-38015.625000	-55.764915
-38012.695312	-55.313774
-38009.765625	-54.410094
-38006.835938	-54.382775
-38003.906250	-54.821553
-38000.976562	-55.551453
-37998.046875	-55.083759
-37995.117188	-55.771815
-37992.187500	-55.929010
-37989.257812	-54.338724
-37986.328125	-54.800383
-37983.398438	-55.114073
-37980.468750	-55.034090
-37977.539062	-54.611421
-37974.609375	-54.413823
-37971.679688	-54.611669
-37968.750000	-54.821629
-37965.820312	-55.185289
-37962.890625	-54.914060
-37959.960938	-54.739103
-37957.031250	-54.348682
-37954.101562	-54.631233
-37951.171875	-54.702406
-37948.242188	-54.217047
-37945.312500	-54.829409
-37942.382812	-55.050640
-37939.453125	-55.874506
-37936.523438	-55.117690
-37933.593750	-55.560316
-37930.664062	-55.207304
-37927.734375	-54.441072
-37924.804688	-54.246368
-37921.875000	-54.479403
-37918.945312	-54.470116
-37916.015625	-54.816227
-37913.085938	-55.474422
-37910.156250	-54.889549
-37907.226562	-54.714490
-37904.296875	-54.618866
-37901.367188	-54.702865
-37898.437500	-54.977740
-37895.507812	-55.734497
-37892.578125	-55.429691
-37889.648438	-55.127523
-37886.718750	-54.878222
-37883.789062	-54.195964
-37880.859375	-54.652207
-37877.929688	-54.813063
-37875.000000	-54.289856
-37872.070312	-53.929115
-37869.140625	-54.124245
-37866.210938	-55.096663
-37863.281250	-55.115920
-37860.351562	-55.359049
-37857.421875	-55.188819
-37854.492188	-56.062153
-37851.562500	-55.647511
-37848.632812	-54.986805
-37845.703125	-54.980700
-37842.773438	-55.701903
-37839.843750	-55.417161
-37836.914062	-55.874865
-37833.984375	-55.680965
-37831.054688	-54.995664
-37828.125000	-54.901715
-37825.195312	-55.833469
-37822.265625	-55.063784
-37819.335938	-55.065101
-37816.406250	-56.141351
-37813.476562	-55.128095
-37810.546875	-55.100113
-37807.617188	-55.746209
-37804.687500	-55.328288
-37801.757812	-54.533710
-37798.828125	-53.856930
-37795.898438	-54.493083
-37792.968750	-54.928187
-37790.039062	-55.301662
-37787.109375	-54.025621
-37784.179688	-55.145724
-37781.250000	-55.970444
-37778.320312	-55.804079
-37775.390625	-55.436286
-37772.460938	-55.719832
-37769.531250	-55.342362
-37766.601562	-55.262561
-37763.671875	-54.549924
-37760.742188	-54.831996
-37757.812500	-55.777551
-37754.882812	-55.168726
-37751.953125	-55.306490
-37749.023438	-54.938463
-37746.093750	-54.298902
-37743.164062	-54.106019
-37740.234375	-55.571126
-37737.304688	-56.513295
-37734.375000	-55.729149
-37731.445312	-54.649867
-37728.515625	-54.247665
-37725.585938	-55.713587
-37722.656250	-56.524133
-37719.726562	-56.187401
-37716.796875	-54.534045
-37713.867188	-53.206463
-37710.937500	-54.599582
-37708.007812	-55.129358
-37705.078125	-53.737319
-37702.148438	-54.787227
-37699.218750	-56.956641
-37696.289062	-55.084300
-37693.359375	-54.480387
-37690.429688	-55.194466
-37687.500000	-55.425207
-37684.570312	-55.421015
-37681.640625	-55.861989
-37678.710938	-55.109142
-37675.781250	-54.554287
-37672.851562	-54.813794
-37669.921875	-54.226753
-37666.992188	-54.471082
-37664.062500	-55.022251
-37661.132812	-55.330004
-37658.203125	-55.248091
-37655.273438	-54.518369
-37652.343750	-55.110710
-37649.414062	-54.841553
-37646.484375	-54.902527
-37643.554688	-54.660318
-37640.625000	-55.599217
-37637.695312	-55.618159
-37634.765625	-55.191373
-37631.835938	-55.678551
-37628.906250	-55.158486
-37625.976562	-54.992768
-37623.046875	-54.537330
-37620.117188	-55.096902
-37617.187500	-54.885813
-37614.257812	-54.331051
-37611.328125	-53.717334
-37608.398438	-53.862481
-37605.468750	-54.901160
-37602.539062	-54.815061
-37599.609375	-55.108541
-37596.679688	-55.010482
-37593.750000	-54.320301
-37590.820312	-54.540750
-37587.890625	-54.543564
-37584.960938	-55.410266
-37582.031250	-55.579052
-37579.101562	-54.983696
-37576.171875	-54.349727
-37573.242188	-55.277042
-37570.312500	-55.406651
-37567.382812	-54.937724
-37564.453125	-55.453736
-37561.523438	-54.601137
-37558.593750	-54.625396
-37555.664062	-54.895998
-37552.734375	-55.841220
-37549.804688	-55.298122
-37546.875000	-54.306723
-37543.945312	-54.144565
-37541.015625	-54.438064
-37538.085938	-54.667033
-37535.156250	-54.340897
-37532.226562	-55.560135
-37529.296875	-55.584563
-37526.367188	-54.299779
-37523.437500	-55.555536
-37520.507812	-56.070819
-37517.578125	-54.815941
-37514.648438	-55.446188
-37511.718750	-55.003469
-37508.789062	-53.686018
-37505.859375	-53.638673
-37502.929688	-53.962155
-37500.000000	-54.536640
-37497.070312	-55.492513
-37494.140625	-54.964633
-37491.210938	-53.704698
-37488.281250	-53.640187
-37485.351562	-54.551467
-37482.421875	-55.879748
-37479.492188	-55.572139
-37476.562500	-55.381165
-37473.632812	-54.432517
-37470.703125	-53.871303
-37467.773438	-54.400015
-37464.843750	-53.641668
-37461.914062	-55.091088
-37458.984375	-54.378973
-37456.054688	-53.763502
-37453.125000	-55.446501
-37450.195312	-56.097101
-37447.265625	-55.455346
-37444.335938	-55.226416
-37441.406250	-54.250476
-37438.476562	-55.775422
-37435.546875	-54.544995
-37432.617188	-54.674639
-37429.687500	-53.501606
-37426.757812	-53.487988
-37423.828125	-54.384038
-37420.898438	-55.180312
-37417.968750	-55.199926
-37415.039062	-54.185949
-37412.109375	-55.095317
-37409.179688	-55.104638
-37406.250000	-54.746062
-37403.320312	-54.561209
-37400.390625	-54.504643
-37397.460938	-54.492376
-37394.531250	-55.350543
-37391.601562	-55.463863
-37388.671875	-54.854328
-37385.742188	-54.391130
-37382.812500	-53.930698
-37379.882812	-53.616860
-37376.953125	-54.231842
-37374.023438	-55.174756
-37371.093750	-55.036358
-37368.164062	-55.148602
-37365.234375	-54.399495
-37362.304688	-54.141153
-37359.375000	-54.270290
-37356.445312	-55.112895
-37353.515625	-55.006608
-37350.585938	-54.638163
-37347.656250	-55.786159
-37344.726562	-55.601272
-37341.796875	-55.573599
-37338.867188	-54.648559
-37335.937500	-55.010158
-37333.007812	-54.222701
-37330.078125	-55.150764
-37327.148438	-55.259468
-37324.218750	-55.213104
-37321.289062	-55.804350
-37318.359375	-55.365114
-37315.429688	-55.103912
-37312.500000	-55.382952
-37309.570312	-54.692402
-37306.640625	-54.944692
-37303.710938	-56.221043
-37300.781250	-54.567994
-37297.851562	-55.526562
-37294.921875	-54.974218
-37291.992188	-54.120472
-37289.062500	-55.390286
-37286.132812	-55.010428
-37283.203125	-54.523228
-37280.273438	-55.198857
-37277.343750	-55.420779
-37274.414062	-56.046405
-37271.484375	-56.193553
-37268.554688	-55.108568
-37265.625000	-54.437415
-37262.695312	-54.990580
-37259.765625	-54.808404
-37256.835938	-54.512927
-37253.906250	-55.039645
-37250.976562	-54.755028
-37248.046875	-54.947558
-37245.117188	-54.920462
-37242.187500	-55.160957
-37239.257812	-55.613030
-37236.328125	-53.678653
-37233.398438	-53.235663
-37230.468750	-54.478517
-37227.539062	-54.553410
-37224.609375	-53.888276
-37221.679688	-54.671609
-37218.750000	-54.334725
-37215.820312	-54.465330
-37212.890625	-54.609156
-37209.960938	-55.449250
-37207.031250	-54.912817
-37204.101562	-53.686461
-37201.171875	-54.091306
-37198.242188	-54.939935
-37195.312500	-53.875158
-37192.382812	-54.462698
-37189.453125	-54.936002
-37186.523438	-54.423342
-37183.593750	-54.840126
-37180.664062	-55.094216
-37177.734375	-55.432725
-37174.804688	-55.071472
-37171.875000	-55.960554
-37168.945312	-55.890905
-37166.015625	-54.581859
-37163.085938	-53.660842
-37160.156250	-54.915690
-37157.226562	-54.901583
-37154.296875	-55.192937
-37151.367188	-55.695723
-37148.437500	-55.591960
-37145.507812	-55.416084
-37142.578125	-55.546237
-37139.648438	-54.698477
-37136.718750	-54.559651
-37133.789062	-54.098797
-37130.859375	-53.838117
-37127.929688	-54.814997
-37125.000000	-54.561657
-37122.070312	-54.799631
-37119.140625	-54.512737
-37116.210938	-53.390769
-37113.281250	-54.241391
-37110.351562	-55.313835
-37107.421875	-56.273031
-37104.492188	-55.339469
-37101.562500	-54.303351
-37098.632812	-54.444828
-37095.703125	-53.283403
-37092.773438	-54.064586
-37089.843750	-54.723763
-37086.914062	-53.496451
-37083.984375	-53.450187
-37081.054688	-54.210512
-37078.125000	-54.675125
-37075.195312	-54.181645
-37072.265625	-55.010297
-37069.335938	-54.513098
-37066.406250	-55.346401
-37063.476562	-55.255910
-37060.546875	-54.642744
-37057.617188	-54.924076
-37054.687500	-54.889404
-37051.757812	-55.054473
-37048.828125	-54.368954
-37045.898438	-54.963272
-37042.968750	-55.766274
-37040.039062	-55.637950
-37037.109375	-55.698091
-37034.179688	-54.710506
-37031.250000	-54.161848
-37028.320312	-55.200016
-37025.390625	-54.780786
-37022.460938	-54.262371
-37019.531250	-55.680412
-37016.601562	-54.858206
-37013.671875	-54.630248
-37010.742188	-55.483881
-37007.812500	-54.790036
-37004.882812	-53.593295
-37001.953125	-55.045553
-36999.023438	-56.857421
-36996.093750	-55.318910
-36993.164062	-53.649474
-36990.234375	-53.400348
-36987.304688	-53.759870
-36984.375000	-55.221774
-36981.445312	-54.724288
-36978.515625	-53.689828
-36975.585938	-54.633269
-36972.656250	-54.212253
-36969.726562	-53.660381
-36966.796875	-54.670759
-36963.867188	-55.062971
-36960.937500	-55.004099
-36958.007812	-54.099796
-36955.078125	-54.136347
-36952.148438	-54.892570
-36949.218750	-54.439499
-36946.289062	-55.467556
-36943.359375	-54.661939
-36940.429688	-54.990797
-36937.500000	-55.482709
-36934.570312	-54.577807
-36931.640625	-54.461831
-36928.710938	-54.611859
-36925.781250	-55.411344
-36922.851562	-55.358823
-36919.921875	-53.779470
-36916.992188	-54.387497
-36914.062500	-55.190503
-36911.132812	-55.763959
-36908.203125	-55.235197
-36905.273438	-54.414152
-36902.343750	-55.649706
-36899.414062	-55.098546
-36896.484375	-54.830690
-36893.554688	-55.165204
-36890.625000	-55.463152
-36887.695312	-55.629357
-36884.765625	-56.183068
-36881.835938	-56.231275
-36878.906250	-55.035265
-36875.976562	-55.142783
-36873.046875	-54.393191
-36870.117188	-55.829555
-36867.187500	-57.167296
-36864.257812	-55.464838
-36861.328125	-55.999004
-36858.398438	-55.373367
-36855.468750	-55.018202
-36852.539062	-54.583397
-36849.609375	-54.107456
-36846.679688	-55.162198
-36843.750000	-55.472271
-36840.820312	-55.295655
-36837.890625	-54.956223
-36834.960938	-54.431585
-36832.031250	-54.986207
-36829.101562	-54.112146
-36826.171875	-54.145548
-36823.242188	-54.530311
-36820.312500	-54.033914
-36817.382812	-54.066452
-36814.453125	-54.802320
-36811.523438	-54.932515
-36808.593750	-55.136972
-36805.664062	-54.467785
-36802.734375	-54.381648
-36799.804688	-54.892658
-36796.875000	-54.454057
-36793.945312	-54.665290
-36791.015625	-55.624616
-36788.085938	-55.498435
-36785.156250	-55.674169
-36782.226562	-54.974143
-36779.296875	-55.335002
-36776.367188	-55.188703
-36773.437500	-55.130036
-36770.507812	-53.849377
-36767.578125	-54.403564
-36764.648438	-56.285184
-36761.718750	-56.139721
-36758.789062	-55.298387
-36755.859375	-54.188660
-36752.929688	-53.672920
-36750.000000	-54.669623
-36747.070312	-54.594207
-36744.140625	-53.604706
-36741.210938	-54.917281
-36738.281250	-55.305299
-36735.351562	-54.815255
-36732.421875	-55.517242
-36729.492188	-55.669602
-36726.562500	-54.423935
-36723.632812	-53.763514
-36720.703125	-54.430311
-36717.773438	-54.930664
-36714.843750	-54.700384
-36711.914062	-55.575504
-36708.984375	-54.556930
-36706.054688	-54.675177
-36703.125000	-56.049740
-36700.195312	-54.595250
-36697.265625	-55.087073
-36694.335938	-54.923157
-36691.406250	-55.322512
-36688.476562	-54.866145
-36685.546875	-54.425267
-36682.617188	-54.502740
-36679.687500	-54.795831
-36676.757812	-54.230446
-36673.828125	-54.173430
-36670.898438	-54.696504
-36667.968750	-55.609647
-36665.039062	-54.546684
-36662.109375	-54.489390
-36659.179688	-54.506627
-36656.250000	-53.920498
-36653.320312	-55.604906
-36650.390625	-56.107813
-36647.460938	-54.690536
-36644.531250	-54.621844
-36641.601562	-56.040653
-36638.671875	-55.142524
-36635.742188	-53.760974
-36632.812500	-53.350333
-36629.882812	-53.799671
-36626.953125	-54.059888
-36624.023438	-54.612292
-36621.093750	-54.993566
-36618.164062	-54.285345
-36615.234375	-54.841622
-36612.304688	-54.928741
-36609.375000	-54.974768
-36606.445312	-55.580390
-36603.515625	-54.962686
-36600.585938	-54.969694
-36597.656250	-54.843523
-36594.726562	-55.094918
-36591.796875	-54.935662
-36588.867188	-55.098114
-36585.937500	-55.505044
-36583.007812	-55.378735
-36580.078125	-55.845627
-36577.148438	-55.265482
-36574.218750	-54.994635
-36571.289062	-55.517258
-36568.359375	-54.765145
-36565.429688	-54.529233
-36562.500000	-54.820445
-36559.570312	-54.497780
-36556.640625	-53.515535
-36553.710938	-54.532797
-36550.781250	-54.323727
-36547.851562	-53.554918
-36544.921875	-54.364243
-36541.992188	-54.736870
-36539.062500	-54.653871
-36536.132812	-54.156456
-36533.203125	-54.566880
-36530.273438	-54.692547
-36527.343750	-54.165358
-36524.414062	-55.141713
-36521.484375	-54.745965
-36518.554688	-54.417353
-36515.625000	-54.999577
-36512.695312	-54.775891
-36509.765625	-55.240572
-36506.835938	-54.685722
-36503.906250	-53.497707
-36500.976562	-53.513109
-36498.046875	-55.766352
-36495.117188	-56.498983
-36492.187500	-55.028269
-36489.257812	-54.841840
-36486.328125	-55.610214
-36483.398438	-55.816127
-36480.468750	-55.045879
-36477.539062	-54.648927
-36474.609375	-54.965836
-36471.679688	-54.740698
-36468.750000	-54.819148
-36465.820312	-55.152658
-36462.890625	-55.898663
-36459.960938	-55.553375
-36457.031250	-55.275753
-36454.101562	-54.491341
-36451.171875	-54.819095
-36448.242188	-54.184363
-36445.312500	-54.572872
-36442.382812	-55.403396
-36439.453125	-55.082584
-36436.523438	-54.429088
-36433.593750	-55.166457
-36430.664062	-54.742925
-36427.734375	-54.919515
-36424.804688	-56.092225
-36421.875000	-55.775051
-36418.945312	-54.622250
-36416.015625	-55.411136
-36413.085938	-54.720555
-36410.156250	-54.806166
-36407.226562	-55.422580
-36404.296875	-54.929195
-36401.367188	-54.444304
-36398.437500	-54.340708
-36395.507812	-54.761065
-36392.578125	-54.968696
-36389.648438	-55.028290
-36386.718750	-54.402976
-36383.789062	-54.949286
-36380.859375	-55.535676
-36377.929688	-54.302149
-36375.000000	-53.860771
-36372.070312	-53.096750
-36369.140625	-54.132360
-36366.210938	-54.650926
-36363.281250	-54.620431
-36360.351562	-54.990381
-36357.421875	-55.211322
-36354.492188	-55.575894
-36351.562500	-54.857667
-36348.632812	-55.220286
-36345.703125	-54.015872
-36342.773438	-54.131799
-36339.843750	-54.439878
-36336.914062	-53.826954
-36333.984375	-54.229949
-36331.054688	-54.735473
-36328.125000	-54.835622
-36325.195312	-53.913279
-36322.265625	-54.105001
-36319.335938	-54.927960
-36316.406250	-54.263584
-36313.476562	-54.187791
-36310.546875	-53.724091
-36307.617188	-53.803399
-36304.687500	-53.803773
-36301.757812	-54.727302
-36298.828125	-54.069127
-36295.898438	-54.300982
-36292.968750	-54.264866
-36290.039062	-54.570077
-36287.109375	-55.047976
-36284.179688	-54.616114
-36281.250000	-54.712180
-36278.320312	-55.038857
-36275.390625	-54.532715
-36272.460938	-53.906172
-36269.531250	-55.509614
-36266.601562	-54.795728
-36263.671875	-53.797197
-36260.742188	-54.255805
-36257.812500	-54.158711
-36254.882812	-54.972835
-36251.953125	-55.790131
-36249.023438	-55.507292
-36246.093750	-54.277047
-36243.164062	-54.489369
-36240.234375	-55.169155
-36237.304688	-55.969772
-36234.375000	-55.036065
-36231.445312	-54.587685
-36228.515625	-54.877434
-36225.585938	-54.670843
-36222.656250	-54.313653
-36219.726562	-54.239143
-36216.796875	-53.874375
-36213.867188	-52.837025
-36210.937500	-53.113470
-36208.007812	-54.692202
-36205.078125	-55.605246
-36202.148438	-55.133075
-36199.218750	-55.377153
-36196.289062	-55.384926
-36193.359375	-55.346100
-36190.429688	-55.893014
-36187.500000	-55.113454
-36184.570312	-54.740702
-36181.640625	-55.320704
-36178.710938	-55.562602
-36175.781250	-54.769161
-36172.851562	-55.581987
-36169.921875	-55.814910
-36166.992188	-55.737097
-36164.062500	-56.016653
-36161.132812	-54.837733
-36158.203125	-54.291914
-36155.273438	-54.201442
-36152.343750	-55.175239
-36149.414062	-55.474396
-36146.484375	-55.876113
-36143.554688	-55.489414
-36140.625000	-54.581787
-36137.695312	-54.501500
-36134.765625	-53.722018
-36131.835938	-54.667395
-36128.906250	-55.256073
-36125.976562	-55.148118
-36123.046875	-54.243559
-36120.117188	-55.195116
-36117.187500	-54.670452
-36114.257812	-54.372641
-36111.328125	-54.121564
-36108.398438	-54.146421
-36105.468750	-54.257106
-36102.539062	-55.151860
-36099.609375	-54.620357
-36096.679688	-53.892409
-36093.750000	-54.873492
-36090.820312	-54.699429
-36087.890625	-55.095307
-36084.960938	-54.881689
-36082.031250	-54.521878
-36079.101562	-55.346532
-36076.171875	-55.009276
-36073.242188	-54.292549
-36070.312500	-54.651762
-36067.382812	-54.993594
-36064.453125	-55.191233
-36061.523438	-54.308429
-36058.593750	-54.286254
-36055.664062	-55.202634
-36052.734375	-55.242883
-36049.804688	-54.465446
-36046.875000	-54.542014
-36043.945312	-55.164760
-36041.015625	-55.058479
-36038.085938	-55.060002
-36035.156250	-55.765520
-36032.226562	-56.417487
-36029.296875	-55.015703
-36026.367188	-55.563113
-36023.437500	-56.617711
-36020.507812	-54.387286
-36017.578125	-54.200736
-36014.648438	-54.372472
-36011.718750	-53.796105
-36008.789062	-54.356443
-36005.859375	-53.969968
-36002.929688	-54.123071
-36000.000000	-54.533725
-35997.070312	-53.856950
-35994.140625	-54.379022
-35991.210938	-54.512836
-35988.281250	-54.273587
-35985.351562	-54.667102
-35982.421875	-54.590940
-35979.492188	-54.353029
-35976.562500	-54.914269
-35973.632812	-55.383995
-35970.703125	-54.733001
-35967.773438	-54.668234
-35964.843750	-54.987286
-35961.914062	-54.861294
-35958.984375	-55.531729
-35956.054688	-55.767201
-35953.125000	-55.331032
-35950.195312	-54.508911
-35947.265625	-54.541680
-35944.335938	-55.080561
-35941.406250	-55.045700
-35938.476562	-55.238929
-35935.546875	-54.074065
-35932.617188	-54.589389
-35929.687500	-53.768184
-35926.757812	-54.737779
-35923.828125	-55.180740
-35920.898438	-54.535731
-35917.968750	-55.554954
-35915.039062	-54.728045
-35912.109375	-55.096197
-35909.179688	-55.697048
-35906.250000	-54.820035
-35903.320312	-54.614535
-35900.390625	-54.258929
-35897.460938	-54.698294
-35894.531250	-54.849420
-35891.601562	-53.479330
-35888.671875	-54.241224
-35885.742188	-54.985709
-35882.812500	-54.425933
-35879.882812	-54.075432
-35876.953125	-55.092837
-35874.023438	-55.947715
-35871.093750	-55.617058
-35868.164062	-54.421823
-35865.234375	-54.432278
-35862.304688	-54.358054
-35859.375000	-53.416453
-35856.445312	-55.261738
-35853.515625	-55.248607
-35850.585938	-54.944998
-35847.656250	-54.592753
-35844.726562	-55.278622
-35841.796875	-55.373315
-35838.867188	-54.340151
-35835.937500	-55.124687
-35833.007812	-55.114775
-35830.078125	-54.680754
-35827.148438	-53.648308
-35824.218750	-54.813399
-35821.289062	-55.308614
-35818.359375	-54.811615
-35815.429688	-54.334979
-35812.500000	-54.048750
-35809.570312	-54.616789
-35806.640625	-54.926483
-35803.710938	-54.452852
-35800.781250	-54.178012
-35797.851562	-54.735841
-35794.921875	-54.378659
-35791.992188	-54.653391
-35789.062500	-55.151248
-35786.132812	-55.467102
-35783.203125	-54.520780
-35780.273438	-53.662659
-35777.343750	-54.075501
-35774.414062	-54.700480
-35771.484375	-54.996497
-35768.554688	-55.326467
-35765.625000	-55.710702
-35762.695312	-55.362930
-35759.765625	-54.410346
-35756.835938	-54.387040
-35753.906250	-54.751746
-35750.976562	-54.345209
-35748.046875	-55.009345
-35745.117188	-55.183583
-35742.187500	-54.843542
-35739.257812	-55.012044
-35736.328125	-55.548880
-35733.398438	-54.658458
-35730.468750	-54.155446
-35727.539062	-54.556264
-35724.609375	-55.445749
-35721.679688	-55.718968
-35718.750000	-56.132271
-35715.820312	-55.340233
-35712.890625	-54.537872
-35709.960938	-55.380420
-35707.031250	-54.822199
-35704.101562	-54.593522
-35701.171875	-55.084652
-35698.242188	-54.694237
-35695.312500	-54.165683
-35692.382812	-55.783360
-35689.453125	-55.237047
-35686.523438	-54.584578
-35683.593750	-54.669124
-35680.664062	-56.491969
-35677.734375	-55.132229
-35674.804688	-54.982899
-35671.875000	-55.178500
-35668.945312	-54.599491
-35666.015625	-53.972425
-35663.085938	-54.740177
-35660.156250	-55.804023
-35657.226562	-55.155988
-35654.296875	-54.215706
-35651.367188	-54.890821
-35648.437500	-54.636094
-35645.507812	-54.032393
-35642.578125	-53.836543
-35639.648438	-54.397359
-35636.718750	-54.049379
-35633.789062	-54.361000
-35630.859375	-55.096549
-35627.929688	-55.397183
-35625.000000	-54.219607
-35622.070312	-54.468266
-35619.140625	-55.560184
-35616.210938	-54.161071
-35613.281250	-54.430003
-35610.351562	-55.287856
-35607.421875	-54.330992
-35604.492188	-53.499657
-35601.562500	-53.750418
-35598.632812	-53.303701
-35595.703125	-53.923504
-35592.773438	-54.492670
-35589.843750	-54.574046
-35586.914062	-54.941421
-35583.984375	-54.991556
-35581.054688	-54.279351
-35578.125000	-55.317374
-35575.195312	-55.566683
-35572.265625	-56.152751
-35569.335938	-55.052254
-35566.406250	-54.867506
-35563.476562	-55.830061
-35560.546875	-56.174706
-35557.617188	-55.901276
-35554.687500	-55.055665
-35551.757812	-54.727604
-35548.828125	-54.858902
-35545.898438	-53.650458
-35542.968750	-54.566004
-35540.039062	-54.203075
-35537.109375	-53.246233
-35534.179688	-54.055921
-35531.250000	-54.703592
-35528.320312	-54.037359
-35525.390625	-55.309989
-35522.460938	-54.707589
-35519.531250	-54.338851
-35516.601562	-54.371645
-35513.671875	-54.009109
-35510.742188	-53.960497
-35507.812500	-55.609544
-35504.882812	-56.016697
-35501.953125	-55.511364
-35499.023438	-55.631806
-35496.093750	-55.109446
-35493.164062	-53.419623
-35490.234375	-54.106815
-35487.304688	-54.934577
-35484.375000	-56.290297
-35481.445312	-54.995770
-35478.515625	-54.452787
-35475.585938	-54.457310
-35472.656250	-55.156400
-35469.726562	-55.673184
-35466.796875	-55.064232
-35463.867188	-54.553903
-35460.937500	-54.428261
-35458.007812	-55.207096
-35455.078125	-54.741395
-35452.148438	-54.059198
-35449.218750	-53.825495
-35446.289062	-55.584233
-35443.359375	-55.871882
-35440.429688	-54.602290
-35437.500000	-55.004457
-35434.570312	-55.233265
-35431.640625	-55.029147
-35428.710938	-55.250407
-35425.781250	-54.618892
-35422.851562	-54.949780
-35419.921875	-54.001897
-35416.992188	-54.843555
-35414.062500	-55.262559
-35411.132812	-54.747846
-35408.203125	-54.293496
-35405.273438	-54.951151
-35402.343750	-56.455617
-35399.414062	-54.514376
-35396.484375	-54.039853
-35393.554688	-53.824768
-35390.625000	-53.580235
-35387.695312	-54.480554
-35384.765625	-54.308395
-35381.835938	-54.878355
-35378.906250	-55.345400
-35375.976562	-54.699659
-35373.046875	-55.265824
-35370.117188	-53.840760
-35367.187500	-54.153644
-35364.257812	-55.294956
-35361.328125	-54.077310
-35358.398438	-54.257623
-35355.468750	-54.890906
-35352.539062	-54.739292
-35349.609375	-53.994923
-35346.679688	-53.741913
-35343.750000	-54.065341
-35340.820312	-54.768836
-35337.890625	-55.099211
-35334.960938	-54.883191
-35332.031250	-54.747263
-35329.101562	-54.660967
-35326.171875	-53.792685
-35323.242188	-54.139197
-35320.312500	-54.656689
-35317.382812	-54.522771
-35314.453125	-54.726153
-35311.523438	-54.295675
-35308.593750	-53.972557
-35305.664062	-55.301479
-35302.734375	-54.591013
-35299.804688	-53.714547
-35296.875000	-53.723209
-35293.945312	-54.155080
-35291.015625	-54.141135
-35288.085938	-54.072876
-35285.156250	-53.423744
-35282.226562	-54.239878
-35279.296875	-54.335399
-35276.367188	-55.146897
-35273.437500	-54.887997
-35270.507812	-54.459238
-35267.578125	-54.950781
-35264.648438	-55.878211
-35261.718750	-55.241166
-35258.789062	-54.998394
-35255.859375	-55.770601
-35252.929688	-55.361310
-35250.000000	-54.260945
-35247.070312	-54.808972
-35244.140625	-54.866479
-35241.210938	-53.934526
-35238.281250	-54.391468
-35235.351562	-54.746987
-35232.421875	-54.365233
-35229.492188	-54.349975
-35226.562500	-54.501166
-35223.632812	-53.510669
-35220.703125	-53.724771
-35217.773438	-54.543593
-35214.843750	-54.850381
-35211.914062	-55.199019
-35208.984375	-54.456997
-35206.054688	-55.150159
-35203.125000	-54.431565
-35200.195312	-54.442797
-35197.265625	-53.981197
-35194.335938	-53.463387
-35191.406250	-54.463043
-35188.476562	-54.859713
-35185.546875	-54.657223
-35182.617188	-53.772995
-35179.687500	-54.800207
-35176.757812	-55.507305
-35173.828125	-54.872818
-35170.898438	-54.249001
-35167.968750	-54.822383
-35165.039062	-54.371196
-35162.109375	-54.292335
-35159.179688	-55.138669
-35156.250000	-55.909509
-35153.320312	-54.028635
-35150.390625	-54.951578
-35147.460938	-55.315821
-35144.531250	-54.849619
-35141.601562	-54.879765
-35138.671875	-54.772020
-35135.742188	-54.706489
-35132.812500	-54.866974
-35129.882812	-54.355904
-35126.953125	-54.995279
-35124.023438	-54.579001
-35121.093750	-54.495027
-35118.164062	-54.514539
-35115.234375	-54.637087
-35112.304688	-54.482404
-35109.375000	-54.232063
-35106.445312	-54.336007
-35103.515625	-55.100843
-35100.585938	-54.638142
-35097.656250	-54.106325
-35094.726562	-54.241699
-35091.796875	-54.401657
-35088.867188	-54.214456
-35085.937500	-54.616201
-35083.007812	-55.041703
-35080.078125	-55.829237
-35077.148438	-55.984371
-35074.218750	-54.592888
-35071.289062	-54.786946
-35068.359375	-55.577968
-35065.429688	-54.880591
-35062.500000	-54.444965
-35059.570312	-54.421219
-35056.640625	-54.803487
-35053.710938	-54.522060
-35050.781250	-54.007983
-35047.851562	-54.370432
-35044.921875	-54.506053
-35041.992188	-54.850014
-35039.062500	-54.884345
-35036.132812	-54.139692
-35033.203125	-53.559011
-35030.273438	-54.641499
-35027.343750	-54.139589
-35024.414062	-54.319189
-35021.484375	-55.094329
-35018.554688	-54.492755
-35015.625000	-54.533962
-35012.695312	-54.370729
-35009.765625	-54.759409
-35006.835938	-54.256706
-35003.906250	-55.369636
-35000.976562	-54.690206
-34998.046875	-54.259451
-34995.117188	-56.197549
-34992.187500	-56.169242
-34989.257812	-55.224554
-34986.328125	-55.422301
-34983.398438	-54.790393
-34980.468750	-54.787584
-34977.539062	-55.242087
-34974.609375	-55.344187
-34971.679688	-54.753856
-34968.750000	-54.226645
-34965.820312	-54.855100
-34962.890625	-55.269985
-34959.960938	-55.926272
-34957.031250	-55.947667
-34954.101562	-56.445758
-34951.171875	-55.335137
-34948.242188	-54.808668
-34945.312500	-54.252289
-34942.382812	-54.204311
-34939.453125	-54.716376
-34936.523438	-55.225193
-34933.593750	-54.550476
-34930.664062	-54.557786
-34927.734375	-53.915944
-34924.804688	-53.507035
-34921.875000	-54.735516
-34918.945312	-55.337084
-34916.015625	-54.550618
-34913.085938	-55.413833
-34910.156250	-55.049838
-34907.226562	-54.852165
-34904.296875	-54.459011
-34901.367188	-54.353081
-34898.437500	-55.819459
-34895.507812	-56.308097
-34892.578125	-55.347185
-34889.648438	-55.058453
-34886.718750	-54.855306
-34883.789062	-54.538376
-34880.859375	-54.948910
-34877.929688	-54.519950
-34875.000000	-54.836603
-34872.070312	-55.073944
-34869.140625	-55.613903
-34866.210938	-54.740963
-34863.281250	-54.818184
-34860.351562	-56.046252
-34857.421875	-55.826347
-34854.492188	-54.151771
-34851.562500	-54.408379
-34848.632812	-54.151845
-34845.703125	-54.379459
-34842.773438	-55.091370
-34839.843750	-56.087374
-34836.914062	-55.157217
-34833.984375	-54.891579
-34831.054688	-54.384495
-34828.125000	-54.961389
-34825.195312	-55.373063
-34822.265625	-54.683435
-34819.335938	-54.803889
-34816.406250	-55.455174
-34813.476562	-55.654874
-34810.546875	-54.096991
-34807.617188	-55.325266
-34804.687500	-55.347600
-34801.757812	-54.975676
-34798.828125	-54.660339
-34795.898438	-54.730820
-34792.968750	-54.428945
-34790.039062	-54.066664
-34787.109375	-55.035982
-34784.179688	-55.304931
-34781.250000	-54.208635
-34778.320312	-54.437465
-34775.390625	-54.907152
-34772.460938	-53.962984
-34769.531250	-54.517525
-34766.601562	-53.507167
-34763.671875	-54.671197
-34760.742188	-54.824502
-34757.812500	-54.162636
-34754.882812	-54.314333
-34751.953125	-55.511333
-34749.023438	-55.123983
-34746.093750	-53.927810
-34743.164062	-54.295553
-34740.234375	-55.583170
-34737.304688	-56.759077
-34734.375000	-55.413037
-34731.445312	-54.805926
-34728.515625	-55.117420
-34725.585938	-54.419214
-34722.656250	-54.430605
-34719.726562	-55.059572
-34716.796875	-55.948229
-34713.867188	-54.825186
-34710.937500	-53.436194
-34708.007812	-53.511256
-34705.078125	-54.487184
-34702.148438	-55.070610
-34699.218750	-54.978251
-34696.289062	-54.291513
-34693.359375	-54.642360
-34690.429688	-55.174106
-34687.500000	-54.702747
-34684.570312	-55.137435
-34681.640625	-54.600247
-34678.710938	-54.988916
-34675.781250	-55.110746
-34672.851562	-55.442878
-34669.921875	-54.607430
-34666.992188	-54.942540
-34664.062500	-55.193317
-34661.132812	-55.145778
-34658.203125	-54.710271
-34655.273438	-54.312022
-34652.343750	-55.023382
-34649.414062	-54.601391
-34646.484375	-54.295188
-34643.554688	-53.320424
-34640.625000	-54.871422
-34637.695312	-55.780686
-34634.765625	-55.705961
-34631.835938	-54.871867
-34628.906250	-54.684059
-34625.976562	-54.894163
-34623.046875	-55.083084
-34620.117188	-55.472764
-34617.187500	-54.810042
-34614.257812	-54.686713
-34611.328125	-55.271933
-34608.398438	-55.205744
-34605.468750	-54.718704
-34602.539062	-54.596139
-34599.609375	-53.593852
-34596.679688	-53.787225
-34593.750000	-55.228831
-34590.820312	-55.785450
-34587.890625	-54.942192
-34584.960938	-54.439471
-34582.031250	-55.433726
-34579.101562	-55.308689
-34576.171875	-54.547936
-34573.242188	-54.801470
-34570.312500	-54.507598
-34567.382812	-54.955528
-34564.453125	-54.493403
-34561.523438	-54.637701
-34558.593750	-54.559949
-34555.664062	-55.191241
-34552.734375	-54.647167
-34549.804688	-55.035737
-34546.875000	-55.249437
-34543.945312	-54.897164
-34541.015625	-54.340626
-34538.085938	-56.096880
-34535.156250	-55.622925
-34532.226562	-54.980761
-34529.296875	-54.296747
-34526.367188	-54.531119
-34523.437500	-53.693531
-34520.507812	-55.323173
-34517.578125	-56.831637
-34514.648438	-56.056313
-34511.718750	-55.198407
-34508.789062	-56.107807
-34505.859375	-56.045507
-34502.929688	-54.694309
-34500.000000	-53.935120
-34497.070312	-55.175566
-34494.140625	-55.694117
-34491.210938	-54.515467
-34488.281250	-54.443464
-34485.351562	-55.350352
-34482.421875	-55.138746
-34479.492188	-53.573969
-34476.562500	-53.732335
-34473.632812	-54.398696
-34470.703125	-55.185446
-34467.773438	-54.112834
-34464.843750	-54.279429
-34461.914062	-54.356213
-34458.984375	-54.420132
-34456.054688	-55.236882
-34453.125000	-54.678396
-34450.195312	-54.474489
-34447.265625	-55.456586
-34444.335938	-55.321282
-34441.406250	-54.464447
-34438.476562	-54.782901
-34435.546875	-54.901599
-34432.617188	-54.953140
-34429.687500	-55.276109
-34426.757812	-54.604902
-34423.828125	-55.135653
-34420.898438	-54.387172
-34417.968750	-54.085539
-34415.039062	-55.038019
-34412.109375	-54.292767
-34409.179688	-54.374604
-34406.250000	-54.761383
-34403.320312	-54.778259
-34400.390625	-55.013185
-34397.460938	-55.931656
-34394.531250	-55.018751
-34391.601562	-54.327794
-34388.671875	-54.484201
-34385.742188	-54.783611
-34382.812500	-55.549938
-34379.882812	-55.717741
-34376.953125	-55.639250
-34374.023438	-54.080504
-34371.093750	-54.422018
-34368.164062	-54.988226
-34365.234375	-54.699849
-34362.304688	-54.916313
-34359.375000	-54.962194
-34356.445312	-55.484429
-34353.515625	-55.744637
-34350.585938	-55.172401
-34347.656250	-55.264878
-34344.726562	-54.990524
-34341.796875	-54.352003
-34338.867188	-54.695986
-34335.937500	-55.647361
-34333.007812	-54.400061
-34330.078125	-54.109456
-34327.148438	-55.000955
-34324.218750	-55.016276
-34321.289062	-55.850126
-34318.359375	-55.389895
-34315.429688	-55.693758
-34312.500000	-56.086683
-34309.570312	-56.014214
-34306.640625	-55.649054
-34303.710938	-56.310695
-34300.781250	-54.201834
-34297.851562	-53.526089
-34294.921875	-54.056474
-34291.992188	-53.981633
-34289.062500	-53.871888
-34286.132812	-54.083286
-34283.203125	-54.894734
-34280.273438	-55.209487
-34277.343750	-55.015444
-34274.414062	-53.974909
-34271.484375	-54.810527
-34268.554688	-54.508133
-34265.625000	-54.844699
-34262.695312	-55.096327
-34259.765625	-55.518421
-34256.835938	-54.901282
-34253.906250	-54.609731
-34250.976562	-54.657855
-34248.046875	-55.810044
-34245.117188	-55.296831
-34242.187500	-54.761450
-34239.257812	-55.368598
-34236.328125	-54.690449
-34233.398438	-54.510097
-34230.468750	-54.548769
-34227.539062	-54.060537
-34224.609375	-54.152012
-34221.679688	-54.846391
-34218.750000	-55.702661
-34215.820312	-55.335651
-34212.890625	-54.786811
-34209.960938	-54.251562
-34207.031250	-54.644603
-34204.101562	-55.240797
-34201.171875	-54.752115
-34198.242188	-53.624924
-34195.312500	-54.651974
-34192.382812	-54.744913
-34189.453125	-55.391995
-34186.523438	-56.628054
-34183.593750	-56.138114
-34180.664062	-55.241167
-34177.734375	-54.674302
-34174.804688	-55.599515
-34171.875000	-54.955721
-34168.945312	-55.241179
-34166.015625	-54.176418
-34163.085938	-53.841982
-34160.156250	-54.050480
-34157.226562	-54.766717
-34154.296875	-55.021053
-34151.367188	-54.399238
-34148.437500	-55.123626
-34145.507812	-55.255812
-34142.578125	-55.314974
-34139.648438	-54.785919
-34136.718750	-54.825450
-34133.789062	-54.828480
-34130.859375	-55.066561
-34127.929688	-54.462494
-34125.000000	-54.377235
-34122.070312	-55.594262
-34119.140625	-55.114831
-34116.210938	-54.547683
-34113.281250	-55.430856
-34110.351562	-55.028008
-34107.421875	-54.192018
-34104.492188	-53.872796
-34101.562500	-54.481471
-34098.632812	-55.530982
-34095.703125	-55.729354
-34092.773438	-54.573785
-34089.843750	-54.124250
-34086.914062	-53.784954
-34083.984375	-53.637379
-34081.054688	-53.708240
-34078.125000	-54.285150
-34075.195312	-54.473235
-34072.265625	-55.040350
-34069.335938	-54.914678
-34066.406250	-54.952114
-34063.476562	-53.799996
-34060.546875	-53.856302
-34057.617188	-54.312396
-34054.687500	-54.860320
-34051.757812	-54.842736
-34048.828125	-55.307672
-34045.898438	-55.196535
-34042.968750	-54.380060
-34040.039062	-54.206045
-34037.109375	-54.081730
-34034.179688	-55.325148
-34031.250000	-55.186726
-34028.320312	-55.435571
-34025.390625	-54.208190
-34022.460938	-55.147833
-34019.531250	-55.793689
-34016.601562	-55.563424
-34013.671875	-54.673416
-34010.742188	-55.057926
-34007.812500	-54.865543
-34004.882812	-54.008294
-34001.953125	-54.458687
-33999.023438	-54.637647
-33996.093750	-54.660300
-33993.164062	-55.077067
-33990.234375	-54.147873
-33987.304688	-53.862598
-33984.375000	-54.776965
-33981.445312	-54.576413
-33978.515625	-53.658550
-33975.585938	-54.239412
-33972.656250	-54.516740
-33969.726562	-53.714563
-33966.796875	-54.440504
-33963.867188	-54.195560
-33960.937500	-53.315198
-33958.007812	-54.783172
-33955.078125	-56.037154
-33952.148438	-54.845780
-33949.218750	-54.651195
-33946.289062	-54.177268
-33943.359375	-55.392268
-33940.429688	-54.515646
-33937.500000	-54.068866
-33934.570312	-54.176944
-33931.640625	-54.205081
-33928.710938	-53.792841
-33925.781250	-53.782096
-33922.851562	-54.068787
-33919.921875	-54.974009
-33916.992188	-54.607162
-33914.062500	-53.880646
-33911.132812	-54.454120
-33908.203125	-54.572577
-33905.273438	-55.453323
-33902.343750	-55.502561
-33899.414062	-55.520660
-33896.484375	-54.793896
-33893.554688	-55.348726
-33890.625000	-54.718750
-33887.695312	-53.961168
-33884.765625	-54.155018
-33881.835938	-54.644317
-33878.906250	-54.041115
-33875.976562	-54.400552
-33873.046875	-54.123928
-33870.117188	-53.987876
-33867.187500	-53.872001
-33864.257812	-53.927531
-33861.328125	-55.057709
-33858.398438	-55.032176
-33855.468750	-53.823705
-33852.539062	-53.944452
-33849.609375	-54.974533
-33846.679688	-54.438867
-33843.750000	-54.720014
-33840.820312	-53.795309
-33837.890625	-54.020778
-33834.960938	-55.527534
-33832.031250	-54.773497
-33829.101562	-55.120437
-33826.171875	-56.033058
-33823.242188	-55.116817
-33820.312500	-55.156141
-33817.382812	-54.707948
-33814.453125	-54.430064
-33811.523438	-55.655502
-33808.593750	-55.120233
-33805.664062	-56.229378
-33802.734375	-55.766272
-33799.804688	-55.061185
-33796.875000	-54.744667
-33793.945312	-54.190852
-33791.015625	-53.784451
-33788.085938	-54.384946
-33785.156250	-55.173106
-33782.226562	-55.598072
-33779.296875	-54.751419
-33776.367188	-54.992675
-33773.437500	-54.109514
-33770.507812	-53.819814
-33767.578125	-54.587432
-33764.648438	-54.965021
-33761.718750	-54.366832
-33758.789062	-54.810188
-33755.859375	-54.735447
-33752.929688	-53.796772
-33750.000000	-53.668234
-33747.070312	-54.679946
-33744.140625	-55.379396
-33741.210938	-55.498103
-33738.281250	-55.070845
-33735.351562	-55.094163
-33732.421875	-53.547114
-33729.492188	-53.689133
-33726.562500	-54.283518
-33723.632812	-53.941921
-33720.703125	-54.070537
-33717.773438	-54.590207
-33714.843750	-54.732678
-33711.914062	-53.629108
-33708.984375	-53.668007
-33706.054688	-55.523678
-33703.125000	-56.073184
-33700.195312	-55.140651
-33697.265625	-54.519411
-33694.335938	-54.385781
-33691.406250	-54.627938
-33688.476562	-54.172623
-33685.546875	-54.192319
-33682.617188	-55.321154
-33679.687500	-55.110964
-33676.757812	-54.528118
-33673.828125	-54.121611
-33670.898438	-53.668111
-33667.968750	-53.623757
-33665.039062	-54.072377
-33662.109375	-54.529240
-33659.179688	-54.724114
-33656.250000	-55.995692
-33653.320312	-55.613832
-33650.390625	-55.555035
-33647.460938	-55.698811
-33644.531250	-55.486919
-33641.601562	-55.880744
-33638.671875	-55.132905
-33635.742188	-54.035161
-33632.812500	-53.809424
-33629.882812	-53.596697
-33626.953125	-54.025630
-33624.023438	-54.692305
-33621.093750	-54.527687
-33618.164062	-54.767105
-33615.234375	-55.162011
-33612.304688	-54.931908
-33609.375000	-54.879541
-33606.445312	-55.151832
-33603.515625	-54.945036
-33600.585938	-55.202098
-33597.656250	-55.174173
-33594.726562	-54.914859
-33591.796875	-54.952589
-33588.867188	-55.112618
-33585.937500	-54.949610
-33583.007812	-55.165393
-33580.078125	-55.065442
-33577.148438	-55.107585
-33574.218750	-54.537716
-33571.289062	-54.015188
-33568.359375	-54.103226
-33565.429688	-54.441976
-33562.500000	-54.486445
-33559.570312	-54.659251
-33556.640625	-55.873374
-33553.710938	-55.846645
-33550.781250	-54.638132
-33547.851562	-54.269308
-33544.921875	-55.951064
-33541.992188	-55.384673
-33539.062500	-55.347665
-33536.132812	-53.955725
-33533.203125	-54.909593
-33530.273438	-54.212725
-33527.343750	-55.130878
-33524.414062	-55.212837
-33521.484375	-54.766319
-33518.554688	-54.775863
-33515.625000	-55.692734
-33512.695312	-55.393334
-33509.765625	-55.488577
-33506.835938	-55.161393
-33503.906250	-54.340734
-33500.976562	-55.399580
-33498.046875	-54.965716
-33495.117188	-54.754537
-33492.187500	-55.469518
-33489.257812	-54.720266
-33486.328125	-55.215525
-33483.398438	-53.710926
-33480.468750	-54.302829
-33477.539062	-55.591466
-33474.609375	-55.494146
-33471.679688	-55.190240
-33468.750000	-54.585750
-33465.820312	-54.436933
-33462.890625	-54.470515
-33459.960938	-55.127283
-33457.031250	-54.724530
-33454.101562	-53.957952
-33451.171875	-53.871053
-33448.242188	-55.349132
-33445.312500	-54.648018
-33442.382812	-54.414262
-33439.453125	-54.780747
-33436.523438	-54.300902
-33433.593750	-53.924278
-33430.664062	-54.937559
-33427.734375	-55.042939
-33424.804688	-55.022058
-33421.875000	-54.172217
-33418.945312	-54.201752
-33416.015625	-54.593447
-33413.085938	-54.275340
-33410.156250	-54.404457
-33407.226562	-55.368718
-33404.296875	-54.792724
-33401.367188	-53.741023
-33398.437500	-54.481416
-33395.507812	-55.373636
-33392.578125	-55.419061
-33389.648438	-55.054044
-33386.718750	-54.760455
-33383.789062	-54.347211
-33380.859375	-54.070627
-33377.929688	-54.406236
-33375.000000	-54.584407
-33372.070312	-54.700212
-33369.140625	-55.139283
-33366.210938	-55.564992
-33363.281250	-55.252460
-33360.351562	-55.671640
-33357.421875	-56.274929
-33354.492188	-54.898995
-33351.562500	-54.771710
-33348.632812	-55.118279
-33345.703125	-56.320679
-33342.773438	-55.017712
-33339.843750	-54.333275
-33336.914062	-54.970358
-33333.984375	-55.525035
-33331.054688	-54.971289
-33328.125000	-54.598107
-33325.195312	-54.410473
-33322.265625	-54.125650
-33319.335938	-54.641109
-33316.406250	-55.659305
-33313.476562	-56.029024
-33310.546875	-55.176559
-33307.617188	-54.588790
-33304.687500	-55.395237
-33301.757812	-54.379838
-33298.828125	-53.601830
-33295.898438	-53.717511
-33292.968750	-53.669908
-33290.039062	-54.249723
-33287.109375	-55.013386
-33284.179688	-55.155611
-33281.250000	-54.813012
-33278.320312	-54.068388
-33275.390625	-54.706362
-33272.460938	-54.556506
-33269.531250	-53.815853
-33266.601562	-54.377860
-33263.671875	-54.362997
-33260.742188	-54.720681
-33257.812500	-55.435428
-33254.882812	-56.046371
-33251.953125	-55.605979
-33249.023438	-54.327651
-33246.093750	-53.847242
-33243.164062	-54.560619
-33240.234375	-55.244772
-33237.304688	-55.190308
-33234.375000	-55.945305
-33231.445312	-55.507670
-33228.515625	-55.678256
-33225.585938	-55.414666
-33222.656250	-54.924976
-33219.726562	-55.453078
-33216.796875	-55.234971
-33213.867188	-55.062926
-33210.937500	-54.357360
-33208.007812	-54.751456
-33205.078125	-55.690173
-33202.148438	-55.373303
-33199.218750	-55.689353
-33196.289062	-55.994767
-33193.359375	-55.744558
-33190.429688	-55.072596
-33187.500000	-54.812419
-33184.570312	-54.422517
-33181.640625	-54.166784
-33178.710938	-53.939118
-33175.781250	-53.625997
-33172.851562	-54.291297
-33169.921875	-54.722884
-33166.992188	-56.526619
-33164.062500	-56.262815
-33161.132812	-55.976584
-33158.203125	-54.764174
-33155.273438	-55.106142
-33152.343750	-54.524546
-33149.414062	-54.477896
-33146.484375	-55.052067
-33143.554688	-54.386002
-33140.625000	-54.609594
-33137.695312	-54.416179
-33134.765625	-54.745790
-33131.835938	-55.368779
-33128.906250	-54.908033
-33125.976562	-55.176121
-33123.046875	-54.580551
-33120.117188	-55.068730
-33117.187500	-54.340429
-33114.257812	-53.784793
-33111.328125	-53.783875
-33108.398438	-54.770547
-33105.468750	-54.089136
-33102.539062	-54.035510
-33099.609375	-54.738773
-33096.679688	-55.150446
-33093.750000	-54.742230
-33090.820312	-54.664540
-33087.890625	-54.972245
-33084.960938	-55.711661
-33082.031250	-55.817654
-33079.101562	-54.758493
-33076.171875	-53.741711
-33073.242188	-53.556689
-33070.312500	-53.493084
-33067.382812	-53.822833
-33064.453125	-54.596734
-33061.523438	-54.139721
-33058.593750	-54.675704
-33055.664062	-54.211462
-33052.734375	-54.046855
-33049.804688	-54.308589
-33046.875000	-54.371856
-33043.945312	-54.441004
-33041.015625	-54.087396
-33038.085938	-54.192815
-33035.156250	-55.726486
-33032.226562	-55.082676
-33029.296875	-55.440931
-33026.367188	-54.695713
-33023.437500	-54.177131
-33020.507812	-54.157557
-33017.578125	-54.000112
-33014.648438	-54.530401
-33011.718750	-54.251736
-33008.789062	-54.299746
-33005.859375	-54.402358
-33002.929688	-55.016607
-33000.000000	-55.225462
-32997.070312	-55.054641
-32994.140625	-55.137469
-32991.210938	-55.672127
-32988.281250	-55.742595
-32985.351562	-55.026222
-32982.421875	-54.842222
-32979.492188	-54.996151
-32976.562500	-54.839869
-32973.632812	-54.364700
-32970.703125	-54.450064
-32967.773438	-55.465304
-32964.843750	-55.321440
-32961.914062	-53.936357
-32958.984375	-53.884697
-32956.054688	-54.398883
-32953.125000	-54.466305
-32950.195312	-54.788305
-32947.265625	-54.392016
-32944.335938	-53.377101
-32941.406250	-53.311177
-32938.476562	-53.962526
-32935.546875	-55.109167
-32932.617188	-54.990251
-32929.687500	-54.223829
-32926.757812	-54.348544
-32923.828125	-55.114268
-32920.898438	-54.362875
-32917.968750	-54.584953
-32915.039062	-54.473510
-32912.109375	-54.077403
-32909.179688	-54.347156
-32906.250000	-54.591979
-32903.320312	-55.207596
-32900.390625	-56.511926
-32897.460938	-54.367542
-32894.531250	-54.300558
-32891.601562	-54.593077
-32888.671875	-54.546751
-32885.742188	-55.035750
-32882.812500	-54.531722
-32879.882812	-54.685353
-32876.953125	-54.109571
-32874.023438	-56.289568
-32871.093750	-56.050152
-32868.164062	-55.046885
-32865.234375	-53.906065
-32862.304688	-54.003244
-32859.375000	-55.231217
-32856.445312	-56.324918
-32853.515625	-55.958701
-32850.585938	-56.268580
-32847.656250	-54.955098
-32844.726562	-56.076330
-32841.796875	-55.796299
-32838.867188	-55.346299
-32835.937500	-54.836435
-32833.007812	-55.242356
-32830.078125	-54.342381
-32827.148438	-53.703647
-32824.218750	-53.578903
-32821.289062	-54.775271
-32818.359375	-54.878023
-32815.429688	-54.483298
-32812.500000	-54.390974
-32809.570312	-55.033065
-32806.640625	-55.301943
-32803.710938	-55.411828
-32800.781250	-55.268277
-32797.851562	-55.344640
-32794.921875	-55.837676
-32791.992188	-54.947246
-32789.062500	-54.497173
-32786.132812	-54.042871
-32783.203125	-55.231620
-32780.273438	-55.905016
-32777.343750	-54.999959
-32774.414062	-55.443120
-32771.484375	-54.379494
-32768.554688	-54.038735
-32765.625000	-54.778213
-32762.695312	-54.221212
-32759.765625	-54.113832
-32756.835938	-54.731343
-32753.906250	-54.427880
-32750.976562	-54.328870
-32748.046875	-54.554299
-32745.117188	-54.802489
-32742.187500	-54.918897
-32739.257812	-54.668898
-32736.328125	-53.388404
-32733.398438	-54.577520
-32730.468750	-54.405992
-32727.539062	-54.611184
-32724.609375	-54.884615
-32721.679688	-55.971833
-32718.750000	-56.852599
-32715.820312	-55.872195
-32712.890625	-55.151733
-32709.960938	-53.981801
-32707.031250	-54.281112
-32704.101562	-54.777723
-32701.171875	-54.613081
-32698.242188	-54.498025
-32695.312500	-54.758066
-32692.382812	-54.247953
-32689.453125	-53.767861
-32686.523438	-53.985090
-32683.593750	-54.591714
-32680.664062	-53.829457
-32677.734375	-53.529097
-32674.804688	-54.278577
-32671.875000	-54.558193
-32668.945312	-54.416725
-32666.015625	-54.308980
-32663.085938	-54.520916
-32660.156250	-54.838080
-32657.226562	-54.913393
-32654.296875	-54.126087
-32651.367188	-54.834552
-32648.437500	-54.517673
-32645.507812	-54.169348
-32642.578125	-55.815698
-32639.648438	-55.282923
-32636.718750	-55.067180
-32633.789062	-54.697762
-32630.859375	-54.479246
-32627.929688	-53.925546
-32625.000000	-54.644222
-32622.070312	-54.802327
-32619.140625	-54.614643
-32616.210938	-54.733594
-32613.281250	-55.084282
-32610.351562	-54.938326
-32607.421875	-54.682848
-32604.492188	-54.372127
-32601.562500	-53.905527
-32598.632812	-55.319345
-32595.703125	-55.088453
-32592.773438	-54.847410
-32589.843750	-54.560495
-32586.914062	-54.913095
-32583.984375	-55.621840
-32581.054688	-55.952462
-32578.125000	-54.756503
-32575.195312	-54.059743
-32572.265625	-53.953372
-32569.335938	-55.226782
-32566.406250	-55.024681
-32563.476562	-54.161204
-32560.546875	-53.642415
-32557.617188	-54.389797
-32554.687500	-54.329334
-32551.757812	-54.386985
-32548.828125	-54.964090
-32545.898438	-55.003429
-32542.968750	-54.474032
-32540.039062	-54.984082
-32537.109375	-53.973294
-32534.179688	-54.192245
-32531.250000	-54.683139
-32528.320312	-54.302296
-32525.390625	-55.109970
-32522.460938	-56.034524
-32519.531250	-54.966611
-32516.601562	-55.772163
-32513.671875	-55.335134
-32510.742188	-53.878468
-32507.812500	-54.861597
-32504.882812	-55.046852
-32501.953125	-54.524017
-32499.023438	-54.741373
-32496.093750	-54.540452
-32493.164062	-53.484918
-32490.234375	-54.777707
-32487.304688	-55.943663
-32484.375000	-56.079364
-32481.445312	-55.436748
-32478.515625	-55.672242
-32475.585938	-54.481254
-32472.656250	-54.580007
-32469.726562	-54.322400
-32466.796875	-54.308583
-32463.867188	-55.101703
-32460.937500	-54.918952
-32458.007812	-53.552459
-32455.078125	-54.093350
-32452.148438	-54.076318
-32449.218750	-53.974369
-32446.289062	-54.510100
-32443.359375	-54.989550
-32440.429688	-55.095117
-32437.500000	-55.086827
-32434.570312	-54.996131
-32431.640625	-54.340898
-32428.710938	-54.672293
-32425.781250	-54.755665
-32422.851562	-55.378972
-32419.921875	-54.974242
-32416.992188	-55.426713
-32414.062500	-54.579691
-32411.132812	-54.813294
-32408.203125	-54.678257
-32405.273438	-55.031172
-32402.343750	-54.751680
-32399.414062	-55.442167
-32396.484375	-54.752725
-32393.554688	-53.338630
-32390.625000	-54.562708
-32387.695312	-54.907493
-32384.765625	-54.449028
-32381.835938	-53.809691
-32378.906250	-53.500260
-32375.976562	-55.087814
-32373.046875	-54.696373
-32370.117188	-54.609865
-32367.187500	-55.611376
-32364.257812	-54.533311
-32361.328125	-53.965880
-32358.398438	-54.637359
-32355.468750	-54.582708
-32352.539062	-55.852767
-32349.609375	-54.959010
-32346.679688	-54.207753
-32343.750000	-54.929594
-32340.820312	-54.609715
-32337.890625	-54.250124
-32334.960938	-54.360188
-32332.031250	-54.288282
-32329.101562	-54.629554
-32326.171875	-55.378058
-32323.242188	-54.938030
-32320.312500	-55.179442
-32317.382812	-55.640805
-32314.453125	-54.818949
-32311.523438	-55.204128
-32308.593750	-54.711635
-32305.664062	-54.150226
-32302.734375	-54.462399
-32299.804688	-55.692830
-32296.875000	-54.972773
-32293.945312	-53.708520
-32291.015625	-53.734775
-32288.085938	-53.946050
-32285.156250	-54.275423
-32282.226562	-55.104903
-32279.296875	-53.760156
-32276.367188	-53.111282
-32273.437500	-54.606189
-32270.507812	-55.692185
-32267.578125	-55.827377
-32264.648438	-54.038991
-32261.718750	-54.205194
-32258.789062	-54.183368
-32255.859375	-54.162388
-32252.929688	-54.407790
-32250.000000	-54.904460
-32247.070312	-54.374480
-32244.140625	-54.872975
-32241.210938	-53.714230
-32238.281250	-53.255119
-32235.351562	-54.141092
-32232.421875	-54.779901
-32229.492188	-55.186434
-32226.562500	-55.216543
-32223.632812	-54.212104
-32220.703125	-53.667521
-32217.773438	-53.881662
-32214.843750	-55.129868
-32211.914062	-56.225306
-32208.984375	-55.314758
-32206.054688	-55.594412
-32203.125000	-54.004308
-32200.195312	-54.065798
-32197.265625	-54.973249
-32194.335938	-54.586399
-32191.406250	-54.897818
-32188.476562	-54.492131
-32185.546875	-53.733264
-32182.617188	-54.133477
-32179.687500	-55.078044
-32176.757812	-55.195576
-32173.828125	-55.152946
-32170.898438	-54.783356
-32167.968750	-54.934211
-32165.039062	-55.183822
-32162.109375	-54.403767
-32159.179688	-54.936112
-32156.250000	-54.910184
-32153.320312	-54.850965
-32150.390625	-54.569474
-32147.460938	-54.739859
-32144.531250	-54.449676
-32141.601562	-54.524567
-32138.671875	-55.393836
-32135.742188	-54.430055
-32132.812500	-54.520787
-32129.882812	-55.047219
-32126.953125	-55.655394
-32124.023438	-57.399042
-32121.093750	-56.432179
-32118.164062	-55.018834
-32115.234375	-55.207065
-32112.304688	-55.059191
-32109.375000	-55.295572
-32106.445312	-54.690218
-32103.515625	-54.667275
-32100.585938	-55.204949
-32097.656250	-55.169270
-32094.726562	-54.772307
-32091.796875	-54.429316
-32088.867188	-55.016424
-32085.937500	-54.910780
-32083.007812	-54.728294
-32080.078125	-55.089216
-32077.148438	-55.070772
-32074.218750	-53.772466
-32071.289062	-53.427737
-32068.359375	-54.891265
-32065.429688	-55.757346
-32062.500000	-55.236566
-32059.570312	-54.543696
-32056.640625	-54.802651
-32053.710938	-54.984740
-32050.781250	-54.393183
-32047.851562	-55.303540
-32044.921875	-54.418365
-32041.992188	-53.699710
-32039.062500	-53.532850
-32036.132812	-54.607764
-32033.203125	-55.067861
-32030.273438	-55.581705
-32027.343750	-54.213216
-32024.414062	-54.267881
-32021.484375	-54.192413
-32018.554688	-55.499972
-32015.625000	-55.322541
-32012.695312	-55.048084
-32009.765625	-55.300207
-32006.835938	-55.230248
-32003.906250	-54.233941
-32000.976562	-54.906250
-31998.046875	-56.039943
-31995.117188	-55.883295
-31992.187500	-53.773325
-31989.257812	-53.468808
-31986.328125	-54.384463
-31983.398438	-55.638500
-31980.468750	-55.534845
-31977.539062	-55.442412
-31974.609375	-54.749774
-31971.679688	-55.168636
-31968.750000	-55.449056
-31965.820312	-55.993008
-31962.890625	-55.117080
-31959.960938	-54.734880
-31957.031250	-55.890151
-31954.101562	-54.899045
-31951.171875	-54.198227
-31948.242188	-54.521653
-31945.312500	-54.848627
-31942.382812	-54.775312
-31939.453125	-54.022055
-31936.523438	-55.193885
-31933.593750	-55.330824
-31930.664062	-55.582432
-31927.734375	-55.069274
-31924.804688	-54.591507
-31921.875000	-54.211643
-31918.945312	-54.673757
-31916.015625	-54.515568
-31913.085938	-54.972111
-31910.156250	-54.603488
-31907.226562	-55.080576
-31904.296875	-54.547449
-31901.367188	-54.836634
-31898.437500	-55.745382
-31895.507812	-54.955177
-31892.578125	-55.578138
-31889.648438	-55.194515
-31886.718750	-55.156629
-31883.789062	-54.872590
-31880.859375	-53.770243
-31877.929688	-54.298815
-31875.000000	-53.959239
-31872.070312	-54.860438
-31869.140625	-56.504793
-31866.210938	-55.633135
-31863.281250	-53.992382
-31860.351562	-54.815069
-31857.421875	-54.659660
-31854.492188	-55.067901
-31851.562500	-55.628052
-31848.632812	-55.362833
-31845.703125	-54.868354
-31842.773438	-54.617268
-31839.843750	-54.303625
-31836.914062	-54.245467
-31833.984375	-54.672178
-31831.054688	-53.914004
-31828.125000	-54.678615
-31825.195312	-54.066579
-31822.265625	-54.919387
-31819.335938	-55.665236
-31816.406250	-56.893388
-31813.476562	-55.237999
-31810.546875	-54.486936
-31807.617188	-54.787186
-31804.687500	-54.657289
-31801.757812	-54.181316
-31798.828125	-54.603002
-31795.898438	-53.994737
-31792.968750	-53.502853
-31790.039062	-54.301012
-31787.109375	-55.098665
-31784.179688	-55.616196
-31781.250000	-54.387390
-31778.320312	-54.123994
-31775.390625	-54.099891
-31772.460938	-55.187724
-31769.531250	-55.490868
-31766.601562	-55.014013
-31763.671875	-54.236972
-31760.742188	-54.637512
-31757.812500	-54.500957
-31754.882812	-54.636452
-31751.953125	-54.929036
-31749.023438	-54.683462
-31746.093750	-54.083669
-31743.164062	-54.111768
-31740.234375	-55.635571
-31737.304688	-55.769253
-31734.375000	-54.573739
-31731.445312	-54.260168
-31728.515625	-55.667410
-31725.585938	-55.381495
-31722.656250	-53.813444
-31719.726562	-54.003832
-31716.796875	-54.957342
-31713.867188	-55.139225
-31710.937500	-55.618563
-31708.007812	-54.904881
-31705.078125	-54.632784
-31702.148438	-54.136111
-31699.218750	-54.160505
-31696.289062	-54.572040
-31693.359375	-54.290088
-31690.429688	-55.528316
-31687.500000	-54.955122
-31684.570312	-53.406313
-31681.640625	-54.002729
-31678.710938	-54.447167
-31675.781250	-53.977485
-31672.851562	-54.126250
-31669.921875	-54.983674
-31666.992188	-55.172372
-31664.062500	-54.930301
-31661.132812	-55.122900
-31658.203125	-55.415177
-31655.273438	-54.795068
-31652.343750	-53.779116
-31649.414062	-54.201800
-31646.484375	-55.303065
-31643.554688	-55.764873
-31640.625000	-54.718206
-31637.695312	-56.072010
-31634.765625	-54.985164
-31631.835938	-54.284422
-31628.906250	-54.718166
-31625.976562	-54.896303
-31623.046875	-56.066290
-31620.117188	-55.245371
-31617.187500	-54.404707
-31614.257812	-54.601186
-31611.328125	-54.546269
-31608.398438	-54.194307
-31605.468750	-54.397609
-31602.539062	-53.897093
-31599.609375	-54.020487
-31596.679688	-53.842089
-31593.750000	-53.846263
-31590.820312	-53.733906
-31587.890625	-54.756045
-31584.960938	-54.791710
-31582.031250	-54.768198
-31579.101562	-53.669979
-31576.171875	-54.336675
-31573.242188	-55.038481
-31570.312500	-54.749695
-31567.382812	-54.966480
-31564.453125	-55.695245
-31561.523438	-54.621945
-31558.593750	-53.835543
-31555.664062	-54.049543
-31552.734375	-53.769663
-31549.804688	-53.501136
-31546.875000	-54.174325
-31543.945312	-54.813418
-31541.015625	-55.176843
-31538.085938	-55.504911
-31535.156250	-54.789027
-31532.226562	-53.708753
-31529.296875	-55.349840
-31526.367188	-55.484516
-31523.437500	-55.396863
-31520.507812	-54.886419
-31517.578125	-54.416736
-31514.648438	-55.156587
-31511.718750	-54.670325
-31508.789062	-54.534860
-31505.859375	-54.990598
-31502.929688	-54.791377
-31500.000000	-55.412818
-31497.070312	-54.956507
-31494.140625	-54.225915
-31491.210938	-55.255597
-31488.281250	-54.548053
-31485.351562	-53.436388
-31482.421875	-53.855054
-31479.492188	-55.174900
-31476.562500	-55.011321
-31473.632812	-54.589158
-31470.703125	-55.058959
-31467.773438	-53.750316
-31464.843750	-53.813469
-31461.914062	-54.137695
-31458.984375	-54.870046
-31456.054688	-55.790884
-31453.125000	-54.662820
-31450.195312	-55.811566
-31447.265625	-55.994561
-31444.335938	-54.765924
-31441.406250	-55.370167
-31438.476562	-54.982808
-31435.546875	-54.111726
-31432.617188	-54.132864
-31429.687500	-54.654363
-31426.757812	-55.815617
-31423.828125	-55.212814
-31420.898438	-54.457453
-31417.968750	-54.274773
-31415.039062	-53.937924
-31412.109375	-54.146966
-31409.179688	-55.042258
-31406.250000	-55.279330
-31403.320312	-55.253907
-31400.390625	-54.003917
-31397.460938	-53.966139
-31394.531250	-54.341218
-31391.601562	-55.064799
-31388.671875	-55.398380
-31385.742188	-55.520910
-31382.812500	-55.291296
-31379.882812	-54.612885
-31376.953125	-54.049779
-31374.023438	-54.266406
-31371.093750	-54.437889
-31368.164062	-54.352672
-31365.234375	-55.487042
-31362.304688	-54.778628
-31359.375000	-54.156090
-31356.445312	-53.907727
-31353.515625	-54.286362
-31350.585938	-54.134531
-31347.656250	-54.521081
-31344.726562	-54.941746
-31341.796875	-54.298682
-31338.867188	-53.468919
-31335.937500	-54.185791
-31333.007812	-54.652106
-31330.078125	-54.447577
-31327.148438	-53.722890
-31324.218750	-54.010933
-31321.289062	-53.850055
-31318.359375	-54.420755
-31315.429688	-54.898989
-31312.500000	-54.795824
-31309.570312	-55.153113
-31306.640625	-55.324199
-31303.710938	-54.545430
-31300.781250	-54.686411
-31297.851562	-55.222604
-31294.921875	-54.779323
-31291.992188	-54.470103
-31289.062500	-54.116068
-31286.132812	-54.491636
-31283.203125	-55.213003
-31280.273438	-55.063221
-31277.343750	-54.898244
-31274.414062	-54.336577
-31271.484375	-53.861221
-31268.554688	-54.096961
-31265.625000	-54.711668
-31262.695312	-54.315793
-31259.765625	-54.418794
-31256.835938	-54.691078
-31253.906250	-55.296394
-31250.976562	-55.573027
-31248.046875	-55.446117
-31245.117188	-55.955517
-31242.187500	-54.774233
-31239.257812	-54.276504
-31236.328125	-54.601007
-31233.398438	-55.146565
-31230.468750	-55.354697
-31227.539062	-54.763895
-31224.609375	-55.024113
-31221.679688	-55.847080
-31218.750000	-54.556000
-31215.820312	-54.110774
-31212.890625	-54.304593
-31209.960938	-55.860035
-31207.031250	-55.237989
-31204.101562	-55.802069
-31201.171875	-55.145773
-31198.242188	-55.695327
-31195.312500	-55.063407
-31192.382812	-54.592928
-31189.453125	-54.100041
-31186.523438	-55.254609
-31183.593750	-54.530085
-31180.664062	-53.944360
-31177.734375	-54.469372
-31174.804688	-55.257794
-31171.875000	-55.309571
-31168.945312	-54.801345
-31166.015625	-55.373627
-31163.085938	-55.483365
-31160.156250	-54.769928
-31157.226562	-54.788467
-31154.296875	-54.776909
-31151.367188	-55.057901
-31148.437500	-53.713814
-31145.507812	-53.436563
-31142.578125	-54.194235
-31139.648438	-54.496867
-31136.718750	-54.863486
-31133.789062	-54.114031
-31130.859375	-54.298905
-31127.929688	-53.760829
-31125.000000	-54.266366
-31122.070312	-55.854745
-31119.140625	-55.453842
-31116.210938	-54.675681
-31113.281250	-54.339617
-31110.351562	-54.640111
-31107.421875	-54.612895
-31104.492188	-55.172184
-31101.562500	-53.898171
-31098.632812	-53.765463
-31095.703125	-54.889573
-31092.773438	-55.280999
-31089.843750	-55.339863
-31086.914062	-55.726870
-31083.984375	-54.609643
-31081.054688	-54.619756
-31078.125000	-53.891676
-31075.195312	-54.382675
-31072.265625	-55.683882
-31069.335938	-55.057413
-31066.406250	-55.268839
-31063.476562	-54.858507
-31060.546875	-54.522003
-31057.617188	-54.951149
-31054.687500	-55.382062
-31051.757812	-56.098528
-31048.828125	-54.909564
-31045.898438	-54.123388
-31042.968750	-53.832913
-31040.039062	-53.852003
-31037.109375	-54.743187
-31034.179688	-54.810259
-31031.250000	-55.422923
-31028.320312	-55.233666
-31025.390625	-53.847747
-31022.460938	-54.497381
-31019.531250	-56.354073
-31016.601562	-54.958675
-31013.671875	-55.497219
-31010.742188	-53.652363
-31007.812500	-53.860904
-31004.882812	-54.179633
-31001.953125	-54.798580
-30999.023438	-54.283454
-30996.093750	-54.148621
-30993.164062	-53.922872
-30990.234375	-54.552013
-30987.304688	-54.823388
-30984.375000	-54.468758
-30981.445312	-54.026136
-30978.515625	-54.114773
-30975.585938	-53.978422
-30972.656250	-53.723267
-30969.726562	-54.470886
-30966.796875	-55.096194
-30963.867188	-55.446835
-30960.937500	-54.000139
-30958.007812	-53.843010
-30955.078125	-54.421698
-30952.148438	-54.754340
-30949.218750	-54.688452
-30946.289062	-54.639775
-30943.359375	-54.531700
-30940.429688	-54.219574
-30937.500000	-54.732627
-30934.570312	-56.040015
-30931.640625	-56.231097
-30928.710938	-55.279464
-30925.781250	-55.779763
-30922.851562	-56.038046
-30919.921875	-55.846560
-30916.992188	-55.142067
-30914.062500	-54.864072
-30911.132812	-54.852646
-30908.203125	-54.756092
-30905.273438	-54.385979
-30902.343750	-54.642386
-30899.414062	-54.606100
-30896.484375	-56.388227
-30893.554688	-55.980443
-30890.625000	-55.025556
-30887.695312	-54.132029
-30884.765625	-53.796763
-30881.835938	-54.443926
-30878.906250	-54.708322
-30875.976562	-56.102576
-30873.046875	-53.861471
-30870.117188	-54.080795
-30867.187500	-54.573109
-30864.257812	-55.268041
-30861.328125	-54.814049
-30858.398438	-54.673766
-30855.468750	-54.550039
-30852.539062	-54.768290
-30849.609375	-54.346030
-30846.679688	-54.739257
-30843.750000	-54.307159
-30840.820312	-54.649313
-30837.890625	-55.139214
-30834.960938	-55.169235
-30832.031250	-53.790773
-30829.101562	-55.014253
-30826.171875	-55.189488
-30823.242188	-54.916035
-30820.312500	-54.474926
-30817.382812	-55.296929
-30814.453125	-56.058708
-30811.523438	-55.064902
-30808.593750	-55.584819
-30805.664062	-55.457332
-30802.734375	-55.365262
-30799.804688	-55.502161
-30796.875000	-54.959734
-30793.945312	-54.965134
-30791.015625	-54.108019
-30788.085938	-55.157479
-30785.156250	-54.846830
-30782.226562	-54.214088
-30779.296875	-54.781292
-30776.367188	-54.696018
-30773.437500	-54.720490
-30770.507812	-54.490600
-30767.578125	-55.388802
-30764.648438	-54.661724
-30761.718750	-54.659106
-30758.789062	-54.436039
-30755.859375	-54.345229
-30752.929688	-53.353166
-30750.000000	-54.243154
-30747.070312	-55.820201
-30744.140625	-55.423275
-30741.210938	-55.051841
-30738.281250	-54.468713
-30735.351562	-53.753946
-30732.421875	-55.041264
-30729.492188	-55.860707
-30726.562500	-54.552736
-30723.632812	-54.529433
-30720.703125	-54.662976
-30717.773438	-53.569373
-30714.843750	-53.929918
-30711.914062	-54.641938
-30708.984375	-55.265647
-30706.054688	-55.525411
-30703.125000	-54.649746
-30700.195312	-55.215548
-30697.265625	-55.121061
-30694.335938	-54.502370
-30691.406250	-55.184739
-30688.476562	-54.923132
-30685.546875	-54.082705
-30682.617188	-55.065254
-30679.687500	-54.529344
-30676.757812	-54.114902
-30673.828125	-54.650907
-30670.898438	-55.165944
-30667.968750	-54.699519
-30665.039062	-55.303453
-30662.109375	-54.314959
-30659.179688	-54.441867
-30656.250000	-54.641073
-30653.320312	-55.220531
-30650.390625	-55.264315
-30647.460938	-55.269314
-30644.531250	-53.713004
-30641.601562	-53.785731
-30638.671875	-53.844115
-30635.742188	-53.734898
-30632.812500	-54.826956
-30629.882812	-55.167856
-30626.953125	-55.220119
-30624.023438	-54.388159
-30621.093750	-54.529549
-30618.164062	-55.172497
-30615.234375	-54.503921
-30612.304688	-54.956651
-30609.375000	-54.955819
-30606.445312	-55.137867
-30603.515625	-54.485884
-30600.585938	-54.555071
-30597.656250	-55.546562
-30594.726562	-55.924081
-30591.796875	-54.786225
-30588.867188	-54.462088
-30585.937500	-53.948969
-30583.007812	-54.033451
-30580.078125	-54.734577
-30577.148438	-54.231910
-30574.218750	-54.730624
-30571.289062	-55.225322
-30568.359375	-54.257514
-30565.429688	-54.606612
-30562.500000	-54.727288
-30559.570312	-54.937172
-30556.640625	-53.795939
-30553.710938	-53.881572
-30550.781250	-55.320169
-30547.851562	-53.776510
-30544.921875	-53.105572
-30541.992188	-54.054440
-30539.062500	-54.985314
-30536.132812	-55.029037
-30533.203125	-55.198256
-30530.273438	-55.174072
-30527.343750	-54.638304
-30524.414062	-55.158957
-30521.484375	-55.269057
-30518.554688	-55.601432
-30515.625000	-55.099929
-30512.695312	-55.302204
-30509.765625	-54.332103
-30506.835938	-53.852151
-30503.906250	-54.279930
-30500.976562	-55.155821
-30498.046875	-53.981465
-30495.117188	-55.076618
-30492.187500	-54.686334
-30489.257812	-55.648207
-30486.328125	-55.559275
-30483.398438	-55.515600
-30480.468750	-54.427392
-30477.539062	-54.548772
-30474.609375	-54.993933
-30471.679688	-55.580691
-30468.750000	-54.406228
-30465.820312	-54.473014
-30462.890625	-55.123722
-30459.960938	-55.174119
-30457.031250	-54.753798
-30454.101562	-54.718645
-30451.171875	-54.837984
-30448.242188	-54.790738
-30445.312500	-55.177672
-30442.382812	-56.354387
-30439.453125	-54.224514
-30436.523438	-54.090852
-30433.593750	-55.024830
-30430.664062	-54.472054
-30427.734375	-56.153316
-30424.804688	-54.789524
-30421.875000	-53.707606
-30418.945312	-54.178723
-30416.015625	-53.230876
-30413.085938	-53.757588
-30410.156250	-53.925366
-30407.226562	-54.361238
-30404.296875	-54.264404
-30401.367188	-55.225230
-30398.437500	-56.104352
-30395.507812	-54.512762
-30392.578125	-53.781078
-30389.648438	-53.785938
-30386.718750	-54.808540
-30383.789062	-54.931333
-30380.859375	-54.484199
-30377.929688	-55.372597
-30375.000000	-55.932996
-30372.070312	-55.230196
-30369.140625	-55.140635
-30366.210938	-55.098281
-30363.281250	-55.089764
-30360.351562	-55.421156
-30357.421875	-55.479123
-30354.492188	-55.462885
-30351.562500	-54.350378
-30348.632812	-53.823846
-30345.703125	-53.769366
-30342.773438	-54.826900
-30339.843750	-54.661427
-30336.914062	-53.843102
-30333.984375	-54.446817
-30331.054688	-54.465819
-30328.125000	-54.933094
-30325.195312	-54.235848
-30322.265625	-53.938983
-30319.335938	-55.071798
-30316.406250	-55.083235
-30313.476562	-54.438659
-30310.546875	-54.670318
-30307.617188	-55.413664
-30304.687500	-54.992335
-30301.757812	-53.850741
-30298.828125	-54.602542
-30295.898438	-56.087524
-30292.968750	-55.851200
-30290.039062	-53.598090
-30287.109375	-53.241833
-30284.179688	-53.928161
-30281.250000	-55.020361
-30278.320312	-55.621129
-30275.390625	-55.500953
-30272.460938	-55.704886
-30269.531250	-56.065317
-30266.601562	-55.445469
-30263.671875	-54.838751
-30260.742188	-54.538807
-30257.812500	-54.454130
-30254.882812	-54.668424
-30251.953125	-54.263828
-30249.023438	-55.411265
-30246.093750	-54.833426
-30243.164062	-55.189700
-30240.234375	-54.861935
-30237.304688	-52.840853
-30234.375000	-52.689385
-30231.445312	-54.820959
-30228.515625	-54.167466
-30225.585938	-54.432387
-30222.656250	-54.230180
-30219.726562	-53.942609
-30216.796875	-54.418040
-30213.867188	-54.210190
-30210.937500	-54.479856
-30208.007812	-54.701109
-30205.078125	-54.099782
-30202.148438	-54.450745
-30199.218750	-54.910555
-30196.289062	-54.242870
-30193.359375	-54.368075
-30190.429688	-54.346839
-30187.500000	-54.029708
-30184.570312	-54.894867
-30181.640625	-55.096808
-30178.710938	-54.405390
-30175.781250	-54.091439
-30172.851562	-54.006010
-30169.921875	-53.841253
-30166.992188	-53.648387
-30164.062500	-55.396757
-30161.132812	-55.295270
-30158.203125	-55.644124
-30155.273438	-54.608989
-30152.343750	-54.641349
-30149.414062	-53.860920
-30146.484375	-54.153118
-30143.554688	-55.202361
-30140.625000	-55.120806
-30137.695312	-54.054324
-30134.765625	-54.107197
-30131.835938	-54.927393
-30128.906250	-55.085157
-30125.976562	-54.904370
-30123.046875	-54.974535
-30120.117188	-54.712864
-30117.187500	-55.048216
-30114.257812	-55.021731
-30111.328125	-54.635568
-30108.398438	-54.366813
-30105.468750	-54.135967
-30102.539062	-54.408742
-30099.609375	-54.513341
-30096.679688	-55.321081
-30093.750000	-54.917419
-30090.820312	-53.971517
-30087.890625	-53.480984
-30084.960938	-54.253290
-30082.031250	-54.833039
-30079.101562	-55.852414
-30076.171875	-55.180146
-30073.242188	-54.688179
-30070.312500	-55.264655
-30067.382812	-55.266436
-30064.453125	-54.499632
-30061.523438	-54.598501
-30058.593750	-54.525122
-30055.664062	-55.253260
-30052.734375	-53.775400
-30049.804688	-54.399903
-30046.875000	-53.738303
-30043.945312	-53.591070
-30041.015625	-53.649320
-30038.085938	-54.016732
-30035.156250	-54.035009
-30032.226562	-54.311819
-30029.296875	-54.336295
-30026.367188	-54.957355
-30023.437500	-55.096410
-30020.507812	-54.527552
-30017.578125	-54.467781
-30014.648438	-54.376565
-30011.718750	-54.677103
-30008.789062	-55.189557
-30005.859375	-55.142073
-30002.929688	-53.566963
-30000.000000	-54.104360
-29997.070312	-54.709557
-29994.140625	-54.787199
-29991.210938	-54.113183
-29988.281250	-54.508552
-29985.351562	-54.525921
-29982.421875	-55.102602
-29979.492188	-54.369376
-29976.562500	-54.029651
-29973.632812	-54.102951
-29970.703125	-54.537544
-29967.773438	-55.731888
-29964.843750	-54.012756
-29961.914062	-54.741586
-29958.984375	-54.482333
-29956.054688	-55.646931
-29953.125000	-55.076335
-29950.195312	-54.599787
-29947.265625	-54.816077
-29944.335938	-55.418881
-29941.406250	-54.559700
-29938.476562	-54.991190
-29935.546875	-55.023309
-29932.617188	-53.950445
-29929.687500	-54.315697
-29926.757812	-54.574804
-29923.828125	-54.184428
-29920.898438	-54.563501
-29917.968750	-54.139061
-29915.039062	-55.045161
-29912.109375	-55.946241
-29909.179688	-55.458952
-29906.250000	-54.691188
-29903.320312	-55.449935
-29900.390625	-55.025478
-29897.460938	-54.242486
-29894.531250	-54.425418
-29891.601562	-55.816975
-29888.671875	-55.124525
-29885.742188	-54.220998
-29882.812500	-55.181677
-29879.882812	-54.120881
-29876.953125	-54.951888
-29874.023438	-55.178483
-29871.093750	-55.402932
-29868.164062	-55.625999
-29865.234375	-55.145925
-29862.304688	-55.430076
-29859.375000	-54.465519
-29856.445312	-54.747148
-29853.515625	-55.663499
-29850.585938	-56.297622
-29847.656250	-55.808543
-29844.726562	-54.574507
-29841.796875	-54.690853
-29838.867188	-55.509452
-29835.937500	-54.627939
-29833.007812	-54.633580
-29830.078125	-53.444128
-29827.148438	-54.427244
-29824.218750	-55.340113
-29821.289062	-55.256005
-29818.359375	-54.626421
-29815.429688	-54.816199
-29812.500000	-53.528778
-29809.570312	-52.736703
-29806.640625	-54.096429
-29803.710938	-54.339516
-29800.781250	-54.868092
-29797.851562	-54.495355
-29794.921875	-54.564902
-29791.992188	-54.412068
-29789.062500	-54.077024
-29786.132812	-54.457392
-29783.203125	-54.450944
-29780.273438	-55.429979
-29777.343750	-55.003926
-29774.414062	-54.744486
-29771.484375	-54.337454
-29768.554688	-54.356694
-29765.625000	-55.002460
-29762.695312	-54.564577
-29759.765625	-54.315608
-29756.835938	-53.992394
-29753.906250	-55.137318
-29750.976562	-55.513226
-29748.046875	-54.411969
-29745.117188	-54.264721
-29742.187500	-54.115380
-29739.257812	-54.308133
-29736.328125	-54.782963
-29733.398438	-54.891804
-29730.468750	-55.175670
-29727.539062	-53.993185
-29724.609375	-53.947694
-29721.679688	-53.927310
-29718.750000	-55.065329
-29715.820312	-55.822378
-29712.890625	-55.074963
-29709.960938	-55.598457
-29707.031250	-54.408091
-29704.101562	-54.178946
-29701.171875	-54.036893
-29698.242188	-53.829405
-29695.312500	-54.331793
-29692.382812	-54.321859
-29689.453125	-54.573629
-29686.523438	-55.351717
-29683.593750	-55.404489
-29680.664062	-55.262839
-29677.734375	-55.116958
-29674.804688	-54.448818
-29671.875000	-53.923033
-29668.945312	-53.920892
-29666.015625	-54.563603
-29663.085938	-55.493553
-29660.156250	-54.524363
-29657.226562	-54.410864
-29654.296875	-54.902279
-29651.367188	-55.274094
-29648.437500	-53.678993
-29645.507812	-53.277436
-29642.578125	-53.888381
-29639.648438	-54.004182
-29636.718750	-54.618379
-29633.789062	-54.812455
-29630.859375	-55.130546
-29627.929688	-54.442856
-29625.000000	-53.860534
-29622.070312	-55.167343
-29619.140625	-54.332379
-29616.210938	-54.244890
-29613.281250	-54.878724
-29610.351562	-54.746916
-29607.421875	-55.277030
-29604.492188	-56.067896
-29601.562500	-55.965287
-29598.632812	-54.701578
-29595.703125	-54.683440
-29592.773438	-54.147006
-29589.843750	-54.740839
-29586.914062	-55.446506
-29583.984375	-55.241646
-29581.054688	-54.729742
-29578.125000	-54.064986
-29575.195312	-54.345584
-29572.265625	-54.742788
-29569.335938	-54.217419
-29566.406250	-54.637968
-29563.476562	-54.916812
-29560.546875	-55.825909
-29557.617188	-55.846450
-29554.687500	-55.283119
-29551.757812	-55.238220
-29548.828125	-55.519817
-29545.898438	-55.132766
-29542.968750	-54.904656
-29540.039062	-54.402007
-29537.109375	-54.657638
-29534.179688	-54.844575
-29531.250000	-54.457322
-29528.320312	-54.259960
-29525.390625	-54.296774
-29522.460938	-53.964515
-29519.531250	-53.774602
-29516.601562	-54.804134
-29513.671875	-54.237212
-29510.742188	-54.757253
-29507.812500	-54.817604
-29504.882812	-56.151036
-29501.953125	-54.596724
-29499.023438	-55.124455
-29496.093750	-54.769431
-29493.164062	-54.906970
-29490.234375	-55.089075
-29487.304688	-55.675036
-29484.375000	-54.048544
-29481.445312	-53.522911
-29478.515625	-54.334041
-29475.585938	-54.196715
-29472.656250	-54.737668
-29469.726562	-54.285389
-29466.796875	-55.197319
-29463.867188	-54.928629
-29460.937500	-54.939507
-29458.007812	-55.307220
-29455.078125	-54.570956
-29452.148438	-54.437108
-29449.218750	-55.269874
-29446.289062	-56.339315
-29443.359375	-54.576824
-29440.429688	-54.469428
-29437.500000	-55.573994
-29434.570312	-54.469770
-29431.640625	-54.739277
-29428.710938	-54.640405
-29425.781250	-54.423908
-29422.851562	-54.897823
-29419.921875	-55.295303
-29416.992188	-55.213780
-29414.062500	-54.365605
-29411.132812	-53.499908
-29408.203125	-53.766662
-29405.273438	-54.971025
-29402.343750	-54.824261
-29399.414062	-54.897440
-29396.484375	-54.418556
-29393.554688	-54.571188
-29390.625000	-54.758005
-29387.695312	-53.990185
-29384.765625	-54.041013
-29381.835938	-54.950745
-29378.906250	-54.886693
-29375.976562	-54.874398
-29373.046875	-55.152633
-29370.117188	-55.594209
-29367.187500	-55.142588
-29364.257812	-54.855550
-29361.328125	-54.674153
-29358.398438	-54.707026
-29355.468750	-55.603336
-29352.539062	-55.233844
-29349.609375	-54.397832
-29346.679688	-53.554492
-29343.750000	-53.593728
-29340.820312	-53.385755
-29337.890625	-53.696999
-29334.960938	-54.012223
-29332.031250	-54.806673
-29329.101562	-54.966496
-29326.171875	-54.759711
-29323.242188	-53.821607
-29320.312500	-53.290066
-29317.382812	-53.879751
-29314.453125	-53.962265
-29311.523438	-54.473250
-29308.593750	-53.901736
-29305.664062	-54.238124
-29302.734375	-55.387267
-29299.804688	-55.157651
-29296.875000	-55.182672
-29293.945312	-53.980731
-29291.015625	-54.990541
-29288.085938	-54.821708
-29285.156250	-54.192021
-29282.226562	-54.261000
-29279.296875	-55.003927
-29276.367188	-54.968309
-29273.437500	-55.119104
-29270.507812	-54.943489
-29267.578125	-54.125581
-29264.648438	-54.633339
-29261.718750	-55.099526
-29258.789062	-55.432271
-29255.859375	-54.810312
-29252.929688	-54.102169
-29250.000000	-55.630978
-29247.070312	-54.648381
-29244.140625	-54.105325
-29241.210938	-54.676907
-29238.281250	-55.204638
-29235.351562	-54.730272
-29232.421875	-53.402130
-29229.492188	-53.672624
-29226.562500	-54.952562
-29223.632812	-55.084854
-29220.703125	-54.792072
-29217.773438	-55.483182
-29214.843750	-54.830766
-29211.914062	-54.441223
-29208.984375	-53.912022
-29206.054688	-54.185913
-29203.125000	-54.449786
-29200.195312	-54.897083
-29197.265625	-55.314415
-29194.335938	-55.416741
-29191.406250	-55.488857
-29188.476562	-55.552323
-29185.546875	-54.756851
-29182.617188	-55.953143
-29179.687500	-55.480759
-29176.757812	-55.426239
-29173.828125	-54.934578
-29170.898438	-53.996189
-29167.968750	-54.470828
-29165.039062	-55.723316
-29162.109375	-54.854501
-29159.179688	-54.577324
-29156.250000	-54.788971
-29153.320312	-55.924509
-29150.390625	-55.175450
-29147.460938	-54.692028
-29144.531250	-55.381916
-29141.601562	-55.226897
-29138.671875	-55.768918
-29135.742188	-55.259270
-29132.812500	-56.143043
-29129.882812	-55.269672
-29126.953125	-54.648836
-29124.023438	-55.319208
-29121.093750	-54.479341
-29118.164062	-54.416399
-29115.234375	-55.193657
-29112.304688	-55.079463
-29109.375000	-55.337257
-29106.445312	-54.581980
-29103.515625	-54.936447
-29100.585938	-55.835567
-29097.656250	-55.320460
-29094.726562	-54.785309
-29091.796875	-54.439409
-29088.867188	-54.513117
-29085.937500	-55.942718
-29083.007812	-54.818678
-29080.078125	-54.259970
-29077.148438	-54.496519
-29074.218750	-54.597087
-29071.289062	-54.821359
-29068.359375	-55.155275
-29065.429688	-54.491423
-29062.500000	-54.692866
-29059.570312	-55.029466
-29056.640625	-54.171356
-29053.710938	-54.222649
-29050.781250	-54.159023
-29047.851562	-54.090355
-29044.921875	-55.042512
-29041.992188	-56.019815
-29039.062500	-55.738369
-29036.132812	-54.869020
-29033.203125	-55.257933
-29030.273438	-55.296666
-29027.343750	-55.172478
-29024.414062	-54.970543
-29021.484375	-53.822634
-29018.554688	-54.768905
-29015.625000	-54.974484
-29012.695312	-54.278047
-29009.765625	-54.364024
-29006.835938	-54.077941
-29003.906250	-54.991504
-29000.976562	-55.229480
-28998.046875	-55.412495
-28995.117188	-53.979331
-28992.187500	-54.404201
-28989.257812	-54.601926
-28986.328125	-54.666758
-28983.398438	-55.154344
-28980.468750	-55.021668
-28977.539062	-54.256700
-28974.609375	-53.968891
-28971.679688	-54.730863
-28968.750000	-53.558697
-28965.820312	-53.718187
-28962.890625	-54.535740
-28959.960938	-55.011384
-28957.031250	-55.400905
-28954.101562	-55.160174
-28951.171875	-54.912842
-28948.242188	-53.659446
-28945.312500	-54.641094
-28942.382812	-54.958095
-28939.453125	-53.659023
-28936.523438	-53.725134
-28933.593750	-55.226716
-28930.664062	-55.329724
-28927.734375	-55.040239
-28924.804688	-54.938013
-28921.875000	-55.343951
-28918.945312	-55.946265
-28916.015625	-55.260386
-28913.085938	-54.676807
-28910.156250	-54.087877
-28907.226562	-53.857572
-28904.296875	-53.876325
-28901.367188	-53.696422
-28898.437500	-53.437908
-28895.507812	-53.930845
-28892.578125	-55.367866
-28889.648438	-55.075160
-28886.718750	-54.552936
-28883.789062	-54.011259
-28880.859375	-55.164408
-28877.929688	-55.300135
-28875.000000	-54.492641
-28872.070312	-54.094577
-28869.140625	-53.663269
-28866.210938	-54.185592
-28863.281250	-55.536268
-28860.351562	-55.194606
-28857.421875	-55.207895
-28854.492188	-55.778731
-28851.562500	-54.814685
-28848.632812	-55.044824
-28845.703125	-54.450808
-28842.773438	-54.408663
-28839.843750	-55.906900
-28836.914062	-55.514164
-28833.984375	-55.187099
-28831.054688	-55.390133
-28828.125000	-55.015116
-28825.195312	-54.272363
-28822.265625	-53.485798
-28819.335938	-54.442974
-28816.406250	-54.681965
-28813.476562	-54.804226
-28810.546875	-54.584732
-28807.617188	-53.632825
-28804.687500	-53.812246
-28801.757812	-53.990411
-28798.828125	-54.717684
-28795.898438	-54.282782
-28792.968750	-54.895315
-28790.039062	-54.172105
-28787.109375	-54.411073
-28784.179688	-55.078704
-28781.250000	-55.388806
-28778.320312	-54.852951
-28775.390625	-54.517907
-28772.460938	-54.618260
-28769.531250	-54.843261
-28766.601562	-54.041412
-28763.671875	-54.325476
-28760.742188	-54.841221
-28757.812500	-54.122816
-28754.882812	-54.129733
-28751.953125	-54.400560
-28749.023438	-54.180040
-28746.093750	-55.049556
-28743.164062	-55.979798
-28740.234375	-54.146964
-28737.304688	-53.614114
-28734.375000	-53.952232
-28731.445312	-53.856301
-28728.515625	-55.080615
-28725.585938	-56.361358
-28722.656250	-56.395620
-28719.726562	-55.992590
-28716.796875	-55.194251
-28713.867188	-53.679596
-28710.937500	-54.440876
-28708.007812	-55.425002
-28705.078125	-54.383240
-28702.148438	-54.437382
-28699.218750	-54.571214
-28696.289062	-54.070055
-28693.359375	-54.874397
-28690.429688	-54.729174
-28687.500000	-54.083109
-28684.570312	-53.802009
-28681.640625	-54.199289
-28678.710938	-55.239415
-28675.781250	-55.243994
-28672.851562	-55.071753
-28669.921875	-55.028550
-28666.992188	-55.061226
-28664.062500	-54.843863
-28661.132812	-54.289290
-28658.203125	-53.988103
-28655.273438	-54.867985
-28652.343750	-54.875856
-28649.414062	-54.530647
-28646.484375	-53.951099
-28643.554688	-55.245452
-28640.625000	-55.617151
-28637.695312	-54.645809
-28634.765625	-54.713197
-28631.835938	-54.757247
-28628.906250	-54.051062
-28625.976562	-54.449172
-28623.046875	-55.218616
-28620.117188	-55.298824
-28617.187500	-55.586773
-28614.257812	-55.016350
-28611.328125	-54.611608
-28608.398438	-54.816671
-28605.468750	-54.765734
-28602.539062	-54.607296
-28599.609375	-54.057452
-28596.679688	-55.031353
-28593.750000	-55.155182
-28590.820312	-53.455949
-28587.890625	-54.108628
-28584.960938	-54.755083
-28582.031250	-55.044800
-28579.101562	-56.196820
-28576.171875	-54.830785
-28573.242188	-54.617711
-28570.312500	-55.413863
-28567.382812	-55.214388
-28564.453125	-54.450224
-28561.523438	-54.296372
-28558.593750	-53.576760
-28555.664062	-53.544089
-28552.734375	-53.981524
-28549.804688	-54.217478
-28546.875000	-54.387682
-28543.945312	-54.295046
-28541.015625	-54.859766
-28538.085938	-54.636568
-28535.156250	-54.763878
-28532.226562	-55.334520
-28529.296875	-54.140349
-28526.367188	-54.828923
-28523.437500	-55.189077
-28520.507812	-55.089996
-28517.578125	-55.029521
-28514.648438	-55.071592
-28511.718750	-55.790502
-28508.789062	-54.538315
-28505.859375	-53.682024
-28502.929688	-54.653387
-28500.000000	-55.050658
-28497.070312	-54.223389
-28494.140625	-54.643362
-28491.210938	-54.524198
-28488.281250	-54.312800
-28485.351562	-53.994393
-28482.421875	-53.921386
-28479.492188	-55.173074
-28476.562500	-54.908351
-28473.632812	-54.175677
-28470.703125	-54.025517
-28467.773438	-52.790757
-28464.843750	-52.776636
-28461.914062	-54.038831
-28458.984375	-54.131484
-28456.054688	-54.594019
-28453.125000	-54.605513
-28450.195312	-53.605165
-28447.265625	-54.079787
-28444.335938	-54.526583
-28441.406250	-54.595042
-28438.476562	-54.861926
-28435.546875	-54.628838
-28432.617188	-54.397560
-28429.687500	-54.673651
-28426.757812	-53.872719
-28423.828125	-53.833764
-28420.898438	-54.336172
-28417.968750	-54.397540
-28415.039062	-54.519755
-28412.109375	-53.432378
-28409.179688	-53.542553
-28406.250000	-54.383147
-28403.320312	-54.158340
-28400.390625	-54.274272
-28397.460938	-53.293914
-28394.531250	-53.969815
-28391.601562	-54.780542
-28388.671875	-54.855574
-28385.742188	-54.378762
-28382.812500	-54.786596
-28379.882812	-56.042700
-28376.953125	-55.519379
-28374.023438	-54.532064
-28371.093750	-54.123788
-28368.164062	-54.752660
-28365.234375	-55.025357
-28362.304688	-54.424816
-28359.375000	-54.099503
-28356.445312	-54.384987
-28353.515625	-54.823172
-28350.585938	-55.985552
-28347.656250	-55.234335
-28344.726562	-55.101974
-28341.796875	-55.496464
-28338.867188	-55.466894
-28335.937500	-54.885887
-28333.007812	-55.360183
-28330.078125	-55.239221
-28327.148438	-55.612907
-28324.218750	-54.415550
-28321.289062	-55.678018
-28318.359375	-55.146812
-28315.429688	-53.210243
-28312.500000	-53.979057
-28309.570312	-54.307203
-28306.640625	-54.911288
-28303.710938	-54.726939
-28300.781250	-55.239044
-28297.851562	-55.785185
-28294.921875	-54.216093
-28291.992188	-54.542061
-28289.062500	-54.959833
-28286.132812	-54.497522
-28283.203125	-54.161326
-28280.273438	-54.810086
-28277.343750	-54.771554
-28274.414062	-54.125676
-28271.484375	-54.364617
-28268.554688	-55.275687
-28265.625000	-55.388002
-28262.695312	-54.416401
-28259.765625	-54.315910
-28256.835938	-54.408254
-28253.906250	-55.860844
-28250.976562	-55.615478
-28248.046875	-53.871366
-28245.117188	-55.006824
-28242.187500	-54.926283
-28239.257812	-54.340992
-28236.328125	-53.984194
-28233.398438	-53.607094
-28230.468750	-53.301407
-28227.539062	-53.782504
-28224.609375	-54.601812
-28221.679688	-55.131847
-28218.750000	-54.059326
-28215.820312	-54.226203
-28212.890625	-55.158270
-28209.960938	-54.126549
-28207.031250	-53.791494
-28204.101562	-54.293675
-28201.171875	-54.590690
-28198.242188	-55.090026
-28195.312500	-54.056468
-28192.382812	-54.276565
-28189.453125	-54.238395
-28186.523438	-53.710490
-28183.593750	-54.908793
-28180.664062	-54.412597
-28177.734375	-54.110568
-28174.804688	-54.728880
-28171.875000	-54.274024
-28168.945312	-55.673261
-28166.015625	-55.625696
-28163.085938	-54.596600
-28160.156250	-55.281008
-28157.226562	-55.450263
-28154.296875	-55.984426
-28151.367188	-55.316620
-28148.437500	-55.389526
-28145.507812	-55.003629
-28142.578125	-55.540128
-28139.648438	-56.038386
-28136.718750	-54.635402
-28133.789062	-53.702692
-28130.859375	-54.905439
-28127.929688	-55.886133
-28125.000000	-54.884498
-28122.070312	-54.945510
-28119.140625	-54.608590
-28116.210938	-56.002260
-28113.281250	-55.288955
-28110.351562	-55.557557
-28107.421875	-56.596940
-28104.492188	-56.562735
-28101.562500	-55.499664
-28098.632812	-55.100342
-28095.703125	-55.093710
-28092.773438	-54.567345
-28089.843750	-53.679059
-28086.914062	-53.478854
-28083.984375	-54.122872
-28081.054688	-54.366301
-28078.125000	-54.249196
-28075.195312	-54.627115
-28072.265625	-55.409220
-28069.335938	-54.807491
-28066.406250	-54.904942
-28063.476562	-55.300085
-28060.546875	-55.084591
-28057.617188	-55.071036
-28054.687500	-54.791094
-28051.757812	-53.214520
-28048.828125	-54.289072
-28045.898438	-55.280520
-28042.968750	-54.871198
-28040.039062	-55.023412
-28037.109375	-54.715757
-28034.179688	-54.266377
-28031.250000	-54.998071
-28028.320312	-54.415703
-28025.390625	-54.539129
-28022.460938	-54.524231
-28019.531250	-54.762121
-28016.601562	-55.613743
-28013.671875	-55.446589
-28010.742188	-54.938045
-28007.812500	-55.512474
-28004.882812	-54.694623
-28001.953125	-54.560244
-27999.023438	-55.706695
-27996.093750	-55.314574
-27993.164062	-53.855450
-27990.234375	-54.320441
-27987.304688	-55.132873
-27984.375000	-55.016798
-27981.445312	-54.442231
-27978.515625	-54.249200
-27975.585938	-54.460469
-27972.656250	-55.172337
-27969.726562	-54.615067
-27966.796875	-54.482767
-27963.867188	-54.306230
-27960.937500	-54.270839
-27958.007812	-55.548899
-27955.078125	-54.319138
-27952.148438	-53.724122
-27949.218750	-53.616312
-27946.289062	-53.761064
-27943.359375	-55.001777
-27940.429688	-55.396772
-27937.500000	-55.042353
-27934.570312	-54.732126
-27931.640625	-54.793274
-27928.710938	-54.683825
-27925.781250	-54.693349
-27922.851562	-54.436083
-27919.921875	-55.240931
-27916.992188	-54.398799
-27914.062500	-55.173265
-27911.132812	-55.222547
-27908.203125	-54.948378
-27905.273438	-55.345945
-27902.343750	-54.720012
-27899.414062	-55.275472
-27896.484375	-55.666639
-27893.554688	-55.297696
-27890.625000	-54.927531
-27887.695312	-54.891214
-27884.765625	-54.709215
-27881.835938	-54.792457
-27878.906250	-56.353431
-27875.976562	-54.180126
-27873.046875	-54.466947
-27870.117188	-55.467027
-27867.187500	-54.935488
-27864.257812	-54.899841
-27861.328125	-54.928832
-27858.398438	-54.392742
-27855.468750	-54.618180
-27852.539062	-54.450463
-27849.609375	-54.930824
-27846.679688	-54.499549
-27843.750000	-54.231090
-27840.820312	-55.769057
-27837.890625	-55.789987
-27834.960938	-54.210472
-27832.031250	-54.536724
-27829.101562	-55.042882
-27826.171875	-55.610140
-27823.242188	-54.479282
-27820.312500	-54.816067
-27817.382812	-55.199065
-27814.453125	-54.790057
-27811.523438	-54.636408
-27808.593750	-55.335582
-27805.664062	-55.031689
-27802.734375	-54.360651
-27799.804688	-53.960016
-27796.875000	-54.951909
-27793.945312	-55.051930
-27791.015625	-54.971177
-27788.085938	-54.072612
-27785.156250	-53.706387
-27782.226562	-53.936352
-27779.296875	-53.781386
-27776.367188	-55.902520
-27773.437500	-55.777941
-27770.507812	-55.396864
-27767.578125	-54.602405
-27764.648438	-53.867136
-27761.718750	-53.990868
-27758.789062	-54.092717
-27755.859375	-54.288447
-27752.929688	-53.644028
-27750.000000	-53.485197
-27747.070312	-54.350614
-27744.140625	-55.285117
-27741.210938	-54.993580
-27738.281250	-54.664444
-27735.351562	-54.629417
-27732.421875	-54.628390
-27729.492188	-54.776666
-27726.562500	-54.311278
-27723.632812	-54.325305
-27720.703125	-55.021047
-27717.773438	-54.919073
-27714.843750	-53.930042
-27711.914062	-54.903879
-27708.984375	-55.051264
-27706.054688	-55.830278
-27703.125000	-55.380826
-27700.195312	-54.666080
-27697.265625	-55.465357
-27694.335938	-55.821419
-27691.406250	-55.408361
-27688.476562	-53.688147
-27685.546875	-54.638053
-27682.617188	-54.918822
-27679.687500	-54.033790
-27676.757812	-54.811511
-27673.828125	-56.063505
-27670.898438	-54.672770
-27667.968750	-55.161100
-27665.039062	-54.546493
-27662.109375	-53.837860
-27659.179688	-54.654447
-27656.250000	-54.844857
-27653.320312	-54.393883
-27650.390625	-54.564473
-27647.460938	-54.893727
-27644.531250	-55.177219
-27641.601562	-55.506698
-27638.671875	-55.029400
-27635.742188	-54.031948
-27632.812500	-53.786330
-27629.882812	-53.961874
-27626.953125	-54.613293
-27624.023438	-54.065945
-27621.093750	-54.161452
-27618.164062	-54.892164
-27615.234375	-54.931543
-27612.304688	-54.478130
-27609.375000	-54.869926
-27606.445312	-54.965088
-27603.515625	-54.745651
-27600.585938	-55.452724
-27597.656250	-54.725738
-27594.726562	-54.002563
-27591.796875	-54.343527
-27588.867188	-54.828558
-27585.937500	-54.495301
-27583.007812	-54.973664
-27580.078125	-55.113111
-27577.148438	-55.139339
-27574.218750	-54.624415
-27571.289062	-54.682862
-27568.359375	-53.853397
-27565.429688	-53.323359
-27562.500000	-54.326330
-27559.570312	-54.869208
-27556.640625	-53.999333
-27553.710938	-53.973891
-27550.781250	-53.258937
-27547.851562	-53.813685
-27544.921875	-53.925139
-27541.992188	-54.443081
-27539.062500	-54.369087
-27536.132812	-53.954811
-27533.203125	-54.955527
-27530.273438	-54.546395
-27527.343750	-55.232050
-27524.414062	-55.197917
-27521.484375	-55.335105
-27518.554688	-55.059723
-27515.625000	-54.401616
-27512.695312	-54.183750
-27509.765625	-53.921512
-27506.835938	-54.354772
-27503.906250	-54.083119
-27500.976562	-54.130332
-27498.046875	-54.141801
-27495.117188	-54.768622
-27492.187500	-54.999843
-27489.257812	-54.499598
-27486.328125	-53.677047
-27483.398438	-53.545226
-27480.468750	-55.295323
-27477.539062	-55.517078
-27474.609375	-54.431130
-27471.679688	-54.090014
-27468.750000	-55.021267
-27465.820312	-55.275346
-27462.890625	-55.097384
-27459.960938	-54.512746
-27457.031250	-54.361386
-27454.101562	-55.003582
-27451.171875	-55.040355
-27448.242188	-54.657935
-27445.312500	-54.709532
-27442.382812	-55.227308
-27439.453125	-54.192835
-27436.523438	-54.677600
-27433.593750	-54.947926
-27430.664062	-55.650556
-27427.734375	-56.103950
-27424.804688	-55.820112
-27421.875000	-55.365988
-27418.945312	-54.445052
-27416.015625	-53.836621
-27413.085938	-53.799467
-27410.156250	-54.225214
-27407.226562	-54.379546
-27404.296875	-54.666864
-27401.367188	-54.155046
-27398.437500	-54.996303
-27395.507812	-55.741212
-27392.578125	-54.497854
-27389.648438	-54.798389
-27386.718750	-55.904582
-27383.789062	-55.665982
-27380.859375	-55.310168
-27377.929688	-54.733055
-27375.000000	-54.383598
-27372.070312	-54.511770
-27369.140625	-54.068427
-27366.210938	-55.586938
-27363.281250	-55.447865
-27360.351562	-55.875796
-27357.421875	-55.712183
-27354.492188	-55.393183
-27351.562500	-55.039279
-27348.632812	-55.260929
-27345.703125	-54.513463
-27342.773438	-55.139868
-27339.843750	-55.271965
-27336.914062	-54.240029
-27333.984375	-53.085011
-27331.054688	-54.657325
-27328.125000	-54.556419
-27325.195312	-54.303961
-27322.265625	-54.172790
-27319.335938	-54.525260
-27316.406250	-54.276724
-27313.476562	-54.941178
-27310.546875	-53.893091
-27307.617188	-53.965965
-27304.687500	-54.433327
-27301.757812	-55.587437
-27298.828125	-55.092232
-27295.898438	-55.451983
-27292.968750	-55.807417
-27290.039062	-54.284325
-27287.109375	-53.324192
-27284.179688	-53.988621
-27281.250000	-53.791591
-27278.320312	-54.382348
-27275.390625	-53.888874
-27272.460938	-53.687894
-27269.531250	-54.537639
-27266.601562	-54.317147
-27263.671875	-54.574752
-27260.742188	-55.017473
-27257.812500	-55.230428
-27254.882812	-56.356265
-27251.953125	-55.749975
-27249.023438	-55.351850
-27246.093750	-54.341409
-27243.164062	-54.280482
-27240.234375	-54.100254
-27237.304688	-54.012611
-27234.375000	-55.719893
-27231.445312	-54.553786
-27228.515625	-53.547959
-27225.585938	-54.060782
-27222.656250	-54.377739
-27219.726562	-54.359836
-27216.796875	-53.873704
-27213.867188	-53.751385
-27210.937500	-53.662158
-27208.007812	-53.300408
-27205.078125	-53.774518
-27202.148438	-55.257964
-27199.218750	-54.788458
-27196.289062	-54.213753
-27193.359375	-54.420927
-27190.429688	-55.442578
-27187.500000	-55.129115
-27184.570312	-54.963712
-27181.640625	-53.878707
-27178.710938	-55.186165
-27175.781250	-55.659400
-27172.851562	-54.787164
-27169.921875	-54.187268
-27166.992188	-55.239558
-27164.062500	-55.364460
-27161.132812	-56.009985
-27158.203125	-55.030368
-27155.273438	-53.928081
-27152.343750	-53.562907
-27149.414062	-53.899171
-27146.484375	-54.770655
-27143.554688	-56.060402
-27140.625000	-55.796047
-27137.695312	-55.342413
-27134.765625	-55.356988
-27131.835938	-54.300652
-27128.906250	-53.524040
-27125.976562	-54.466809
-27123.046875	-55.816638
-27120.117188	-54.669243
-27117.187500	-55.376101
-27114.257812	-55.519861
-27111.328125	-54.030311
-27108.398438	-53.767481
-27105.468750	-53.762043
-27102.539062	-55.323365
-27099.609375	-54.883113
-27096.679688	-54.311572
-27093.750000	-54.387835
-27090.820312	-54.274823
-27087.890625	-54.677482
-27084.960938	-54.320771
-27082.031250	-54.653067
-27079.101562	-54.475600
-27076.171875	-54.092575
-27073.242188	-53.555903
-27070.312500	-54.378417
-27067.382812	-54.891072
-27064.453125	-55.059037
-27061.523438	-55.255553
-27058.593750	-55.227892
-27055.664062	-55.151998
-27052.734375	-55.721801
-27049.804688	-55.040662
-27046.875000	-55.318511
-27043.945312	-54.996133
-27041.015625	-54.828864
-27038.085938	-55.150208
-27035.156250	-54.204619
-27032.226562	-54.742479
-27029.296875	-54.909952
-27026.367188	-53.593918
-27023.437500	-53.764196
-27020.507812	-55.296630
-27017.578125	-55.033301
-27014.648438	-54.640361
-27011.718750	-54.400417
-27008.789062	-54.624891
-27005.859375	-54.015067
-27002.929688	-54.237222
-27000.000000	-54.793320
-26997.070312	-54.166501
-26994.140625	-54.551383
-26991.210938	-55.684170
-26988.281250	-54.688700
-26985.351562	-53.991451
-26982.421875	-54.797579
-26979.492188	-54.299172
-26976.562500	-53.977052
-26973.632812	-53.701092
-26970.703125	-54.658343
-26967.773438	-55.489266
-26964.843750	-55.753273
-26961.914062	-55.596198
-26958.984375	-54.166392
-26956.054688	-54.115436
-26953.125000	-55.512005
-26950.195312	-54.545836
-26947.265625	-54.243850
-26944.335938	-54.117296
-26941.406250	-54.181688
-26938.476562	-53.642143
-26935.546875	-54.215951
-26932.617188	-55.653966
-26929.687500	-55.358261
-26926.757812	-55.391092
-26923.828125	-54.953140
-26920.898438	-54.256729
-26917.968750	-55.036429
-26915.039062	-54.884878
-26912.109375	-54.695550
-26909.179688	-53.903244
-26906.250000	-54.101601
-26903.320312	-54.028470
-26900.390625	-54.445075
-26897.460938	-54.809556
-26894.531250	-54.698589
-26891.601562	-55.240877
-26888.671875	-54.278163
-26885.742188	-53.741639
-26882.812500	-54.233629
-26879.882812	-54.226618
-26876.953125	-53.580405
-26874.023438	-53.834685
-26871.093750	-53.392450
-26868.164062	-54.250198
-26865.234375	-54.775622
-26862.304688	-54.393422
-26859.375000	-55.937276
-26856.445312	-56.120345
-26853.515625	-55.928847
-26850.585938	-55.716109
-26847.656250	-54.994976
-26844.726562	-54.684683
-26841.796875	-55.275786
-26838.867188	-54.354090
-26835.937500	-55.545589
-26833.007812	-55.918130
-26830.078125	-54.264119
-26827.148438	-53.601754
-26824.218750	-55.336152
-26821.289062	-54.796517
-26818.359375	-54.260521
-26815.429688	-55.282382
-26812.500000	-55.793550
-26809.570312	-54.832302
-26806.640625	-54.244105
-26803.710938	-54.362684
-26800.781250	-55.208598
-26797.851562	-55.008624
-26794.921875	-54.860721
-26791.992188	-54.603850
-26789.062500	-54.776462
-26786.132812	-53.938203
-26783.203125	-53.843354
-26780.273438	-53.707384
-26777.343750	-53.970597
-26774.414062	-55.634389
-26771.484375	-54.127928
-26768.554688	-53.606960
-26765.625000	-53.594194
-26762.695312	-53.581316
-26759.765625	-55.057327
-26756.835938	-54.432034
-26753.906250	-53.893346
-26750.976562	-54.527794
-26748.046875	-55.701711
-26745.117188	-55.424753
-26742.187500	-54.796623
-26739.257812	-54.059643
-26736.328125	-54.026481
-26733.398438	-54.497796
-26730.468750	-55.050258
-26727.539062	-53.939966
-26724.609375	-54.108413
-26721.679688	-53.784001
-26718.750000	-55.031468
-26715.820312	-54.381937
-26712.890625	-54.075063
-26709.960938	-53.938647
-26707.031250	-53.983418
-26704.101562	-54.620986
-26701.171875	-55.223227
-26698.242188	-55.584469
-26695.312500	-55.355675
-26692.382812	-55.257390
-26689.453125	-54.512238
-26686.523438	-54.335501
-26683.593750	-54.561227
-26680.664062	-54.959954
-26677.734375	-54.638121
-26674.804688	-54.632151
-26671.875000	-54.644507
-26668.945312	-54.571762
-26666.015625	-55.349031
-26663.085938	-54.981836
-26660.156250	-55.094701
-26657.226562	-55.047824
-26654.296875	-54.653588
-26651.367188	-55.113381
-26648.437500	-54.352823
-26645.507812	-54.484375
-26642.578125	-55.048721
-26639.648438	-54.917769
-26636.718750	-54.793169
-26633.789062	-55.289958
-26630.859375	-55.165790
-26627.929688	-55.940574
-26625.000000	-54.837008
-26622.070312	-54.769931
-26619.140625	-54.680861
-26616.210938	-55.075651
-26613.281250	-54.948723
-26610.351562	-54.158497
-26607.421875	-54.777172
-26604.492188	-54.792403
-26601.562500	-55.103462
-26598.632812	-55.264564
-26595.703125	-55.297336
-26592.773438	-55.495664
-26589.843750	-55.474331
-26586.914062	-55.389947
-26583.984375	-55.454089
-26581.054688	-55.714128
-26578.125000	-55.848944
-26575.195312	-55.522178
-26572.265625	-54.363728
-26569.335938	-54.916518
-26566.406250	-55.858070
-26563.476562	-55.050527
-26560.546875	-55.051381
-26557.617188	-54.428406
-26554.687500	-55.054412
-26551.757812	-54.811195
-26548.828125	-54.879056
-26545.898438	-54.282330
-26542.968750	-53.973483
-26540.039062	-54.029787
-26537.109375	-54.118613
-26534.179688	-54.326545
-26531.250000	-53.957366
-26528.320312	-54.954423
-26525.390625	-54.717057
-26522.460938	-54.610888
-26519.531250	-54.007263
-26516.601562	-53.332802
-26513.671875	-55.461306
-26510.742188	-55.773054
-26507.812500	-54.880264
-26504.882812	-55.249187
-26501.953125	-54.427414
-26499.023438	-53.934016
-26496.093750	-53.822053
-26493.164062	-54.472440
-26490.234375	-55.845474
-26487.304688	-54.423869
-26484.375000	-54.612540
-26481.445312	-54.974609
-26478.515625	-55.246429
-26475.585938	-54.544686
-26472.656250	-54.481845
-26469.726562	-54.725226
-26466.796875	-55.114742
-26463.867188	-54.976805
-26460.937500	-55.068950
-26458.007812	-54.382934
-26455.078125	-54.231587
-26452.148438	-53.562076
-26449.218750	-53.441594
-26446.289062	-54.334693
-26443.359375	-54.056595
-26440.429688	-54.512985
-26437.500000	-55.308515
-26434.570312	-54.554015
-26431.640625	-54.978193
-26428.710938	-54.711934
-26425.781250	-54.542349
-26422.851562	-54.875015
-26419.921875	-54.117267
-26416.992188	-53.991689
-26414.062500	-54.205429
-26411.132812	-53.457874
-26408.203125	-54.198652
-26405.273438	-55.573385
-26402.343750	-54.723230
-26399.414062	-55.106141
-26396.484375	-54.032581
-26393.554688	-54.003738
-26390.625000	-54.558029
-26387.695312	-54.331075
-26384.765625	-54.098542
-26381.835938	-53.668283
-26378.906250	-54.073514
-26375.976562	-54.901031
-26373.046875	-54.742145
-26370.117188	-54.715946
-26367.187500	-54.789436
-26364.257812	-54.673211
-26361.328125	-54.286902
-26358.398438	-53.590197
-26355.468750	-54.240959
-26352.539062	-54.864731
-26349.609375	-54.385123
-26346.679688	-55.396183
-26343.750000	-55.656839
-26340.820312	-55.136946
-26337.890625	-54.737195
-26334.960938	-55.175762
-26332.031250	-54.784352
-26329.101562	-55.181316
-26326.171875	-54.791194
-26323.242188	-54.662967
-26320.312500	-54.783952
-26317.382812	-54.244590
-26314.453125	-53.445456
-26311.523438	-53.608196
-26308.593750	-54.139059
-26305.664062	-54.364642
-26302.734375	-54.446160
-26299.804688	-54.078227
-26296.875000	-54.387342
-26293.945312	-54.905670
-26291.015625	-54.625997
-26288.085938	-54.390816
-26285.156250	-55.159311
-26282.226562	-55.278454
-26279.296875	-55.548277
-26276.367188	-54.857850
-26273.437500	-55.063877
-26270.507812	-55.532791
-26267.578125	-54.666899
-26264.648438	-54.937531
-26261.718750	-55.346835
-26258.789062	-54.865545
-26255.859375	-55.037843
-26252.929688	-54.562685
-26250.000000	-54.643259
-26247.070312	-54.840954
-26244.140625	-54.652782
-26241.210938	-53.946857
-26238.281250	-53.671677
-26235.351562	-53.148626
-26232.421875	-53.814892
-26229.492188	-54.619365
-26226.562500	-54.012361
-26223.632812	-56.378674
-26220.703125	-55.739985
-26217.773438	-55.903539
-26214.843750	-55.274364
-26211.914062	-53.897950
-26208.984375	-54.232312
-26206.054688	-54.845150
-26203.125000	-54.682653
-26200.195312	-55.511151
-26197.265625	-55.498271
-26194.335938	-55.022136
-26191.406250	-54.573133
-26188.476562	-54.688136
-26185.546875	-53.852447
-26182.617188	-53.982854
-26179.687500	-54.301641
-26176.757812	-54.401265
-26173.828125	-55.409532
-26170.898438	-53.851402
-26167.968750	-53.622704
-26165.039062	-54.986925
-26162.109375	-54.675541
-26159.179688	-54.500443
-26156.250000	-55.994401
-26153.320312	-54.305038
-26150.390625	-54.679836
-26147.460938	-54.258288
-26144.531250	-54.575516
-26141.601562	-54.781786
-26138.671875	-54.785388
-26135.742188	-54.563337
-26132.812500	-53.995336
-26129.882812	-53.792041
-26126.953125	-53.999657
-26124.023438	-54.886708
-26121.093750	-55.481373
-26118.164062	-54.585651
-26115.234375	-55.221634
-26112.304688	-55.269859
-26109.375000	-55.724553
-26106.445312	-54.745064
-26103.515625	-54.672646
-26100.585938	-54.997045
-26097.656250	-55.471589
-26094.726562	-54.702837
-26091.796875	-54.038541
-26088.867188	-53.611960
-26085.937500	-54.491212
-26083.007812	-54.612354
-26080.078125	-54.941464
-26077.148438	-54.464907
-26074.218750	-54.361022
-26071.289062	-55.338702
-26068.359375	-55.027136
-26065.429688	-54.612335
-26062.500000	-54.581404
-26059.570312	-55.016102
-26056.640625	-54.232569
-26053.710938	-53.968939
-26050.781250	-54.440837
-26047.851562	-53.540845
-26044.921875	-53.484605
-26041.992188	-54.480251
-26039.062500	-55.149997
-26036.132812	-55.834882
-26033.203125	-55.113942
-26030.273438	-53.960390
-26027.343750	-54.076009
-26024.414062	-53.976235
-26021.484375	-54.616995
-26018.554688	-55.188513
-26015.625000	-54.444848
-26012.695312	-54.486958
-26009.765625	-54.136343
-26006.835938	-54.202337
-26003.906250	-54.510765
-26000.976562	-54.684992
-25998.046875	-54.745235
-25995.117188	-54.308979
-25992.187500	-54.966624
-25989.257812	-54.756759
-25986.328125	-54.375896
-25983.398438	-54.533847
-25980.468750	-54.655309
-25977.539062	-55.478905
-25974.609375	-54.555938
-25971.679688	-54.440503
-25968.750000	-55.043724
-25965.820312	-54.857299
-25962.890625	-54.218657
-25959.960938	-53.308542
-25957.031250	-54.379626
-25954.101562	-55.023888
-25951.171875	-55.005744
-25948.242188	-55.014087
-25945.312500	-55.121484
-25942.382812	-53.862037
-25939.453125	-54.505315
-25936.523438	-54.876309
-25933.593750	-55.547940
-25930.664062	-55.029191
-25927.734375	-54.254969
-25924.804688	-53.712576
-25921.875000	-54.496110
-25918.945312	-54.975204
-25916.015625	-55.220469
-25913.085938	-54.949269
-25910.156250	-55.335460
-25907.226562	-54.912983
-25904.296875	-54.768928
-25901.367188	-55.763537
-25898.437500	-55.864927
-25895.507812	-54.747007
-25892.578125	-54.595590
-25889.648438	-55.215435
-25886.718750	-55.095915
-25883.789062	-55.296660
-25880.859375	-54.220478
-25877.929688	-54.693208
-25875.000000	-55.473871
-25872.070312	-54.939239
-25869.140625	-54.597978
-25866.210938	-54.084973
-25863.281250	-54.089822
-25860.351562	-54.994954
-25857.421875	-55.572708
-25854.492188	-54.737962
-25851.562500	-54.184249
-25848.632812	-53.388692
-25845.703125	-54.746063
-25842.773438	-56.042608
-25839.843750	-54.149334
-25836.914062	-53.726212
-25833.984375	-54.454898
-25831.054688	-54.070712
-25828.125000	-54.501698
-25825.195312	-54.935243
-25822.265625	-55.184446
-25819.335938	-54.554602
-25816.406250	-54.382823
-25813.476562	-54.166132
-25810.546875	-53.949129
-25807.617188	-54.043042
-25804.687500	-55.045068
-25801.757812	-54.801725
-25798.828125	-54.986837
-25795.898438	-54.631996
-25792.968750	-54.507073
-25790.039062	-55.690793
-25787.109375	-55.358999
-25784.179688	-54.017424
-25781.250000	-54.104753
-25778.320312	-53.970485
-25775.390625	-54.952411
-25772.460938	-54.108325
-25769.531250	-54.874636
-25766.601562	-54.776804
-25763.671875	-54.244482
-25760.742188	-54.974446
-25757.812500	-54.400520
-25754.882812	-55.390519
-25751.953125	-54.273609
-25749.023438	-54.552898
-25746.093750	-55.585730
-25743.164062	-54.315666
-25740.234375	-54.007508
-25737.304688	-53.583346
-25734.375000	-53.581465
-25731.445312	-54.487739
-25728.515625	-54.381265
-25725.585938	-54.664802
-25722.656250	-53.805179
-25719.726562	-53.850313
-25716.796875	-55.169462
-25713.867188	-55.788135
-25710.937500	-54.208599
-25708.007812	-54.137544
-25705.078125	-53.649205
-25702.148438	-53.602022
-25699.218750	-54.254044
-25696.289062	-54.622232
-25693.359375	-54.577725
-25690.429688	-53.882057
-25687.500000	-54.222830
-25684.570312	-54.781112
-25681.640625	-54.543451
-25678.710938	-54.577213
-25675.781250	-54.630044
-25672.851562	-53.614968
-25669.921875	-53.429979
-25666.992188	-53.913816
-25664.062500	-54.576040
-25661.132812	-54.513811
-25658.203125	-54.552073
-25655.273438	-55.273310
-25652.343750	-54.884147
-25649.414062	-54.147886
-25646.484375	-54.113732
-25643.554688	-54.530254
-25640.625000	-54.508664
-25637.695312	-55.079660
-25634.765625	-55.086574
-25631.835938	-54.977291
-25628.906250	-54.907954
-25625.976562	-55.437363
-25623.046875	-55.052822
-25620.117188	-55.076749
-25617.187500	-56.457789
-25614.257812	-55.361983
-25611.328125	-54.794087
-25608.398438	-55.761964
-25605.468750	-55.143774
-25602.539062	-55.147635
-25599.609375	-54.604373
-25596.679688	-55.273393
-25593.750000	-55.492586
-25590.820312	-55.339442
-25587.890625	-55.308797
-25584.960938	-55.120978
-25582.031250	-55.013954
-25579.101562	-54.508154
-25576.171875	-54.302355
-25573.242188	-55.480780
-25570.312500	-55.091109
-25567.382812	-54.425778
-25564.453125	-54.564644
-25561.523438	-54.409330
-25558.593750	-54.625429
-25555.664062	-54.519855
-25552.734375	-54.583835
-25549.804688	-53.812587
-25546.875000	-54.457704
-25543.945312	-53.836108
-25541.015625	-53.720545
-25538.085938	-54.158955
-25535.156250	-55.886618
-25532.226562	-56.427441
-25529.296875	-55.827285
-25526.367188	-54.960662
-25523.437500	-54.257549
-25520.507812	-54.654420
-25517.578125	-54.430782
-25514.648438	-54.628389
-25511.718750	-54.617326
-25508.789062	-54.650578
-25505.859375	-54.357100
-25502.929688	-53.658432
-25500.000000	-53.803743
-25497.070312	-54.440118
-25494.140625	-54.557663
-25491.210938	-55.149805
-25488.281250	-55.142805
-25485.351562	-54.477415
-25482.421875	-54.576714
-25479.492188	-54.336291
-25476.562500	-54.587003
-25473.632812	-55.093125
-25470.703125	-55.683425
-25467.773438	-55.175566
-25464.843750	-54.903536
-25461.914062	-55.105098
-25458.984375	-55.067269
-25456.054688	-54.899455
-25453.125000	-54.653547
-25450.195312	-54.056469
-25447.265625	-53.913456
-25444.335938	-53.717268
-25441.406250	-54.619888
-25438.476562	-54.271490
-25435.546875	-54.522296
-25432.617188	-55.570297
-25429.687500	-55.013499
-25426.757812	-55.293646
-25423.828125	-55.466069
-25420.898438	-54.993442
-25417.968750	-54.661880
-25415.039062	-55.308732
-25412.109375	-55.054711
-25409.179688	-54.934369
-25406.250000	-54.665209
-25403.320312	-54.174008
-25400.390625	-54.378979
-25397.460938	-54.121568
-25394.531250	-54.744171
-25391.601562	-54.945975
-25388.671875	-53.895922
-25385.742188	-54.598395
-25382.812500	-55.035564
-25379.882812	-54.904475
-25376.953125	-54.899416
-25374.023438	-53.809781
-25371.093750	-54.044753
-25368.164062	-54.511864
-25365.234375	-54.349071
-25362.304688	-55.135513
-25359.375000	-55.182637
-25356.445312	-55.567938
-25353.515625	-55.343783
-25350.585938	-55.388197
-25347.656250	-54.886523
-25344.726562	-54.421111
-25341.796875	-54.777367
-25338.867188	-54.738719
-25335.937500	-54.539750
-25333.007812	-55.286447
-25330.078125	-55.774412
-25327.148438	-55.501135
-25324.218750	-55.588359
-25321.289062	-55.175329
-25318.359375	-53.969088
-25315.429688	-53.861244
-25312.500000	-53.747070
-25309.570312	-54.095303
-25306.640625	-55.155907
-25303.710938	-54.417250
-25300.781250	-54.726660
-25297.851562	-56.292075
-25294.921875	-55.434797
-25291.992188	-54.965407
-25289.062500	-54.540797
-25286.132812	-54.527178
-25283.203125	-54.381163
-25280.273438	-54.259306
-25277.343750	-53.943144
-25274.414062	-54.807340
-25271.484375	-55.232704
-25268.554688	-54.751762
-25265.625000	-54.103358
-25262.695312	-53.982545
-25259.765625	-54.571508
-25256.835938	-54.334586
-25253.906250	-54.729155
-25250.976562	-53.877307
-25248.046875	-53.763997
-25245.117188	-55.418439
-25242.187500	-54.735527
-25239.257812	-53.988223
-25236.328125	-54.483598
-25233.398438	-53.583546
-25230.468750	-53.639389
-25227.539062	-53.776280
-25224.609375	-54.948312
-25221.679688	-54.775666
-25218.750000	-55.261158
-25215.820312	-55.780664
-25212.890625	-55.580462
-25209.960938	-55.083816
-25207.031250	-53.662694
-25204.101562	-54.447991
-25201.171875	-54.739098
-25198.242188	-54.135128
-25195.312500	-54.950613
-25192.382812	-54.327669
-25189.453125	-54.915619
-25186.523438	-55.313857
-25183.593750	-53.772073
-25180.664062	-53.734908
-25177.734375	-54.727456
-25174.804688	-55.177970
-25171.875000	-55.102983
-25168.945312	-54.867598
-25166.015625	-55.224131
-25163.085938	-55.839492
-25160.156250	-54.414836
-25157.226562	-53.697348
-25154.296875	-54.379526
-25151.367188	-54.385568
-25148.437500	-54.028402
-25145.507812	-54.474851
-25142.578125	-54.398842
-25139.648438	-54.206354
-25136.718750	-54.794022
-25133.789062	-54.375846
-25130.859375	-54.686673
-25127.929688	-54.171076
-25125.000000	-54.579946
-25122.070312	-54.420314
-25119.140625	-54.005148
-25116.210938	-54.295441
-25113.281250	-54.902215
-25110.351562	-55.143348
-25107.421875	-54.701220
-25104.492188	-53.817616
-25101.562500	-53.750579
-25098.632812	-53.760844
-25095.703125	-54.350146
-25092.773438	-55.151545
-25089.843750	-54.543951
-25086.914062	-55.033595
-25083.984375	-54.988370
-25081.054688	-54.788971
-25078.125000	-55.293284
-25075.195312	-54.918427
-25072.265625	-53.752415
-25069.335938	-54.976711
-25066.406250	-55.802938
-25063.476562	-54.138197
-25060.546875	-53.847235
-25057.617188	-54.630504
-25054.687500	-54.193335
-25051.757812	-53.544081
-25048.828125	-54.036462
-25045.898438	-54.911066
-25042.968750	-54.995274
-25040.039062	-54.953387
-25037.109375	-56.018451
-25034.179688	-55.369570
-25031.250000	-54.629172
-25028.320312	-54.032683
-25025.390625	-53.796515
-25022.460938	-54.745392
-25019.531250	-56.328613
-25016.601562	-55.843532
-25013.671875	-54.915112
-25010.742188	-54.289113
-25007.812500	-53.941262
-25004.882812	-53.967571
-25001.953125	-54.627996
-24999.023438	-54.697197
-24996.093750	-54.594077
-24993.164062	-54.264234
-24990.234375	-53.972956
-24987.304688	-54.402212
-24984.375000	-54.943585
-24981.445312	-55.030019
-24978.515625	-56.041870
-24975.585938	-54.520293
-24972.656250	-55.396694
-24969.726562	-55.848314
-24966.796875	-54.293101
-24963.867188	-54.033785
-24960.937500	-54.691425
-24958.007812	-54.294586
-24955.078125	-55.226629
-24952.148438	-54.669810
-24949.218750	-54.389095
-24946.289062	-55.026629
-24943.359375	-55.359124
-24940.429688	-55.589174
-24937.500000	-55.603667
-24934.570312	-55.902210
-24931.640625	-56.000912
-24928.710938	-55.931852
-24925.781250	-54.326192
-24922.851562	-54.505100
-24919.921875	-54.445856
-24916.992188	-54.110816
-24914.062500	-54.220221
-24911.132812	-54.548989
-24908.203125	-54.762632
-24905.273438	-54.480711
-24902.343750	-54.113635
-24899.414062	-53.621241
-24896.484375	-54.043017
-24893.554688	-53.914443
-24890.625000	-54.445198
-24887.695312	-55.506770
-24884.765625	-55.372125
-24881.835938	-55.450458
-24878.906250	-55.237311
-24875.976562	-55.501212
-24873.046875	-55.010282
-24870.117188	-55.000756
-24867.187500	-54.804771
-24864.257812	-56.326874
-24861.328125	-54.962216
-24858.398438	-54.479183
-24855.468750	-53.929762
-24852.539062	-54.616511
-24849.609375	-54.481930
-24846.679688	-55.617576
-24843.750000	-55.599243
-24840.820312	-55.218821
-24837.890625	-55.294091
-24834.960938	-55.664988
-24832.031250	-54.971592
-24829.101562	-55.071622
-24826.171875	-55.054388
-24823.242188	-54.666144
-24820.312500	-54.565963
-24817.382812	-55.107029
-24814.453125	-56.430328
-24811.523438	-55.773798
-24808.593750	-54.451777
-24805.664062	-54.301462
-24802.734375	-55.547353
-24799.804688	-55.304015
-24796.875000	-55.150731
-24793.945312	-54.767554
-24791.015625	-54.811204
-24788.085938	-54.477083
-24785.156250	-54.289716
-24782.226562	-55.336775
-24779.296875	-56.202101
-24776.367188	-55.127095
-24773.437500	-55.245925
-24770.507812	-55.770916
-24767.578125	-55.737618
-24764.648438	-55.950467
-24761.718750	-54.855546
-24758.789062	-54.929155
-24755.859375	-55.349848
-24752.929688	-55.992646
-24750.000000	-55.344212
-24747.070312	-55.380591
-24744.140625	-55.031573
-24741.210938	-54.854294
-24738.281250	-54.322069
-24735.351562	-54.107970
-24732.421875	-55.631496
-24729.492188	-55.135054
-24726.562500	-54.783246
-24723.632812	-54.745895
-24720.703125	-54.484840
-24717.773438	-54.172586
-24714.843750	-54.116033
-24711.914062	-54.119912
-24708.984375	-54.890736
-24706.054688	-54.613552
-24703.125000	-54.934832
-24700.195312	-54.087490
-24697.265625	-53.997333
-24694.335938	-54.986023
-24691.406250	-54.878270
-24688.476562	-54.205988
-24685.546875	-55.298081
-24682.617188	-55.675767
-24679.687500	-55.195925
-24676.757812	-54.766211
-24673.828125	-54.638645
-24670.898438	-54.418249
-24667.968750	-54.213549
-24665.039062	-54.575628
-24662.109375	-54.175634
-24659.179688	-54.804095
-24656.250000	-54.958531
-24653.320312	-53.812256
-24650.390625	-54.588818
-24647.460938	-54.518616
-24644.531250	-54.466881
-24641.601562	-55.054742
-24638.671875	-54.833990
-24635.742188	-54.506720
-24632.812500	-54.373801
-24629.882812	-54.504150
-24626.953125	-55.379856
-24624.023438	-54.455178
-24621.093750	-54.024766
-24618.164062	-53.431375
-24615.234375	-53.784331
-24612.304688	-55.306552
-24609.375000	-56.010626
-24606.445312	-55.870433
-24603.515625	-54.986032
-24600.585938	-55.099133
-24597.656250	-54.862397
-24594.726562	-55.117058
-24591.796875	-55.113560
-24588.867188	-54.717412
-24585.937500	-54.072745
-24583.007812	-53.901001
-24580.078125	-54.633989
-24577.148438	-56.101393
-24574.218750	-54.716461
-24571.289062	-54.647403
-24568.359375	-54.288472
-24565.429688	-54.594194
-24562.500000	-54.407142
-24559.570312	-55.967799
-24556.640625	-56.278746
-24553.710938	-54.964610
-24550.781250	-54.804607
-24547.851562	-55.287324
-24544.921875	-55.224012
-24541.992188	-56.148432
-24539.062500	-56.003258
-24536.132812	-55.395381
-24533.203125	-55.639504
-24530.273438	-56.301933
-24527.343750	-55.277676
-24524.414062	-55.455343
-24521.484375	-55.990692
-24518.554688	-55.648401
-24515.625000	-55.539343
-24512.695312	-55.307697
-24509.765625	-55.006743
-24506.835938	-54.628097
-24503.906250	-54.787904
-24500.976562	-55.346341
-24498.046875	-54.003657
-24495.117188	-53.409375
-24492.187500	-53.820266
-24489.257812	-53.725839
-24486.328125	-53.402854
-24483.398438	-55.066088
-24480.468750	-56.066622
-24477.539062	-54.141353
-24474.609375	-53.141022
-24471.679688	-53.658475
-24468.750000	-54.420099
-24465.820312	-55.276581
-24462.890625	-54.668769
-24459.960938	-54.425502
-24457.031250	-55.603560
-24454.101562	-54.979283
-24451.171875	-54.635562
-24448.242188	-54.517317
-24445.312500	-54.557594
-24442.382812	-54.163255
-24439.453125	-54.937062
-24436.523438	-54.440185
-24433.593750	-54.269967
-24430.664062	-55.274222
-24427.734375	-55.834996
-24424.804688	-54.829875
-24421.875000	-53.427568
-24418.945312	-54.236603
-24416.015625	-54.790118
-24413.085938	-55.247944
-24410.156250	-55.513893
-24407.226562	-55.220178
-24404.296875	-55.370399
-24401.367188	-54.682327
-24398.437500	-55.042205
-24395.507812	-54.108177
-24392.578125	-54.656361
-24389.648438	-54.284919
-24386.718750	-54.349289
-24383.789062	-53.963575
-24380.859375	-54.944722
-24377.929688	-54.727151
-24375.000000	-54.057993
-24372.070312	-54.843253
-24369.140625	-55.027614
-24366.210938	-54.164411
-24363.281250	-53.470605
-24360.351562	-53.975433
-24357.421875	-55.359376
-24354.492188	-54.461718
-24351.562500	-53.805960
-24348.632812	-54.837312
-24345.703125	-54.899720
-24342.773438	-54.616588
-24339.843750	-55.212544
-24336.914062	-54.473591
-24333.984375	-54.032196
-24331.054688	-54.618190
-24328.125000	-54.902072
-24325.195312	-55.193336
-24322.265625	-55.204732
-24319.335938	-55.136097
-24316.406250	-54.532151
-24313.476562	-54.297874
-24310.546875	-54.202955
-24307.617188	-54.791875
-24304.687500	-54.101046
-24301.757812	-54.545242
-24298.828125	-54.997044
-24295.898438	-54.230186
-24292.968750	-54.581809
-24290.039062	-54.661218
-24287.109375	-55.194858
-24284.179688	-54.278713
-24281.250000	-54.657529
-24278.320312	-54.885990
-24275.390625	-54.749985
-24272.460938	-54.060103
-24269.531250	-54.220350
-24266.601562	-54.763992
-24263.671875	-55.698759
-24260.742188	-55.793628
-24257.812500	-54.768814
-24254.882812	-54.787505
-24251.953125	-54.832764
-24249.023438	-54.528426
-24246.093750	-55.168375
-24243.164062	-55.353750
-24240.234375	-55.555823
-24237.304688	-55.754968
-24234.375000	-54.533105
-24231.445312	-53.627878
-24228.515625	-53.864445
-24225.585938	-53.733967
-24222.656250	-54.205609
-24219.726562	-54.057404
-24216.796875	-54.945781
-24213.867188	-56.593221
-24210.937500	-55.056269
-24208.007812	-53.780608
-24205.078125	-54.237226
-24202.148438	-54.490441
-24199.218750	-55.528441
-24196.289062	-55.465572
-24193.359375	-55.169439
-24190.429688	-54.565441
-24187.500000	-55.436101
-24184.570312	-56.080645
-24181.640625	-55.558213
-24178.710938	-55.685654
-24175.781250	-55.356477
-24172.851562	-55.122526
-24169.921875	-55.468918
-24166.992188	-54.813521
-24164.062500	-54.161827
-24161.132812	-54.277688
-24158.203125	-54.484296
-24155.273438	-54.047504
-24152.343750	-54.860251
-24149.414062	-54.120036
-24146.484375	-53.800262
-24143.554688	-54.209576
-24140.625000	-55.256607
-24137.695312	-54.421714
-24134.765625	-53.543394
-24131.835938	-56.274714
-24128.906250	-56.287606
-24125.976562	-54.387544
-24123.046875	-54.913026
-24120.117188	-54.261460
-24117.187500	-54.442500
-24114.257812	-56.443597
-24111.328125	-54.434878
-24108.398438	-54.147137
-24105.468750	-53.993818
-24102.539062	-54.483626
-24099.609375	-55.013272
-24096.679688	-54.933074
-24093.750000	-54.475288
-24090.820312	-54.341560
-24087.890625	-55.380375
-24084.960938	-55.914103
-24082.031250	-55.567741
-24079.101562	-53.952997
-24076.171875	-54.778362
-24073.242188	-54.507783
-24070.312500	-54.928757
-24067.382812	-54.911432
-24064.453125	-53.836576
-24061.523438	-53.501087
-24058.593750	-54.314181
-24055.664062	-54.871860
-24052.734375	-54.273122
-24049.804688	-54.595603
-24046.875000	-54.676919
-24043.945312	-55.552460
-24041.015625	-55.638040
-24038.085938	-54.922441
-24035.156250	-55.216704
-24032.226562	-55.840076
-24029.296875	-55.987654
-24026.367188	-56.987950
-24023.437500	-55.352938
-24020.507812	-54.262430
-24017.578125	-54.288296
-24014.648438	-53.949588
-24011.718750	-54.160663
-24008.789062	-55.024366
-24005.859375	-55.998195
-24002.929688	-54.575690
-24000.000000	-53.928762
-23997.070312	-54.309390
-23994.140625	-54.512434
-23991.210938	-55.370248
-23988.281250	-55.355315
-23985.351562	-55.006065
-23982.421875	-54.442777
-23979.492188	-54.875975
-23976.562500	-54.936187
-23973.632812	-53.880504
-23970.703125	-53.487844
-23967.773438	-54.577562
-23964.843750	-55.825420
-23961.914062	-55.457523
-23958.984375	-54.383386
-23956.054688	-54.322753
-23953.125000	-55.526033
-23950.195312	-55.501616
-23947.265625	-54.919180
-23944.335938	-54.986339
-23941.406250	-54.953733
-23938.476562	-54.430672
-23935.546875	-54.559251
-23932.617188	-54.297033
-23929.687500	-54.654997
-23926.757812	-54.743649
-23923.828125	-54.712674
-23920.898438	-54.485600
-23917.968750	-55.121501
-23915.039062	-55.344806
-23912.109375	-54.386082
-23909.179688	-54.994338
-23906.250000	-54.114110
-23903.320312	-54.173090
-23900.390625	-55.090373
-23897.460938	-55.317732
-23894.531250	-53.629490
-23891.601562	-53.255472
-23888.671875	-54.500364
-23885.742188	-55.153834
-23882.812500	-54.516604
-23879.882812	-53.418922
-23876.953125	-54.275757
-23874.023438	-55.247489
-23871.093750	-54.478081
-23868.164062	-53.595736
-23865.234375	-54.945923
-23862.304688	-55.208187
-23859.375000	-54.460185
-23856.445312	-54.390373
-23853.515625	-55.306534
-23850.585938	-54.805964
-23847.656250	-54.595634
-23844.726562	-53.320515
-23841.796875	-54.003739
-23838.867188	-55.026634
-23835.937500	-54.365918
-23833.007812	-55.974117
-23830.078125	-55.619874
-23827.148438	-54.317714
-23824.218750	-54.590273
-23821.289062	-54.240262
-23818.359375	-54.303501
-23815.429688	-54.639979
-23812.500000	-53.424322
-23809.570312	-52.923703
-23806.640625	-54.369833
-23803.710938	-53.843505
-23800.781250	-52.872015
-23797.851562	-53.527594
-23794.921875	-54.522663
-23791.992188	-54.128914
-23789.062500	-53.836374
-23786.132812	-54.446364
-23783.203125	-55.332170
-23780.273438	-55.345427
-23777.343750	-54.676380
-23774.414062	-53.984301
-23771.484375	-54.147247
-23768.554688	-54.205389
-23765.625000	-53.657897
-23762.695312	-55.013684
-23759.765625	-55.108561
-23756.835938	-54.521111
-23753.906250	-54.208470
-23750.976562	-54.772098
-23748.046875	-54.701428
-23745.117188	-55.043467
-23742.187500	-54.642282
-23739.257812	-55.025854
-23736.328125	-55.218333
-23733.398438	-54.610258
-23730.468750	-54.406844
-23727.539062	-56.128757
-23724.609375	-55.027256
-23721.679688	-55.280855
-23718.750000	-55.263285
-23715.820312	-54.355916
-23712.890625	-54.774381
-23709.960938	-55.079051
-23707.031250	-55.114975
-23704.101562	-54.904810
-23701.171875	-55.588898
-23698.242188	-55.597331
-23695.312500	-54.762582
-23692.382812	-55.415566
-23689.453125	-55.426015
-23686.523438	-55.303337
-23683.593750	-54.998735
-23680.664062	-55.320052
-23677.734375	-55.030861
-23674.804688	-54.851419
-23671.875000	-54.514194
-23668.945312	-54.804162
-23666.015625	-55.515497
-23663.085938	-54.661956
-23660.156250	-54.614331
-23657.226562	-55.502747
-23654.296875	-55.339380
-23651.367188	-54.172329
-23648.437500	-54.102948
-23645.507812	-53.882972
-23642.578125	-54.981097
-23639.648438	-54.245308
-23636.718750	-54.275789
-23633.789062	-54.553603
-23630.859375	-53.666887
-23627.929688	-53.708431
-23625.000000	-54.872211
-23622.070312	-54.915866
-23619.140625	-53.871565
-23616.210938	-53.409663
-23613.281250	-53.825976
-23610.351562	-54.226950
-23607.421875	-54.311888
-23604.492188	-54.421252
-23601.562500	-53.559715
-23598.632812	-53.099578
-23595.703125	-54.195202
-23592.773438	-55.133514
-23589.843750	-54.346930
-23586.914062	-54.156969
-23583.984375	-54.186571
-23581.054688	-54.647709
-23578.125000	-55.308076
-23575.195312	-56.054680
-23572.265625	-56.132540
-23569.335938	-55.709907
-23566.406250	-55.045411
-23563.476562	-54.701670
-23560.546875	-55.051949
-23557.617188	-55.368914
-23554.687500	-54.252994
-23551.757812	-54.050594
-23548.828125	-54.236937
-23545.898438	-56.224197
-23542.968750	-54.869046
-23540.039062	-55.174613
-23537.109375	-56.788655
-23534.179688	-54.860675
-23531.250000	-54.117509
-23528.320312	-54.695171
-23525.390625	-54.638915
-23522.460938	-54.560751
-23519.531250	-54.059448
-23516.601562	-55.023481
-23513.671875	-55.590812
-23510.742188	-54.254652
-23507.812500	-54.777155
-23504.882812	-55.586789
-23501.953125	-55.379372
-23499.023438	-53.847956
-23496.093750	-54.009063
-23493.164062	-54.198554
-23490.234375	-53.101498
-23487.304688	-54.167033
-23484.375000	-55.633969
-23481.445312	-55.369088
-23478.515625	-54.919114
-23475.585938	-54.894955
-23472.656250	-55.540855
-23469.726562	-54.997253
-23466.796875	-54.908953
-23463.867188	-54.991010
-23460.937500	-54.782092
-23458.007812	-53.894814
-23455.078125	-54.281650
-23452.148438	-54.338063
-23449.218750	-56.423361
-23446.289062	-55.369892
-23443.359375	-54.695471
-23440.429688	-55.086589
-23437.500000	-54.867986
-23434.570312	-54.868314
-23431.640625	-54.776258
-23428.710938	-54.822395
-23425.781250	-54.816114
-23422.851562	-54.783357
-23419.921875	-54.815427
-23416.992188	-55.189096
-23414.062500	-55.041571
-23411.132812	-54.697770
-23408.203125	-54.528418
-23405.273438	-54.459154
-23402.343750	-55.366041
-23399.414062	-55.285113
-23396.484375	-55.315329
-23393.554688	-55.126415
-23390.625000	-54.371673
-23387.695312	-53.292797
-23384.765625	-53.051195
-23381.835938	-53.941763
-23378.906250	-55.080045
-23375.976562	-55.062417
-23373.046875	-54.826327
-23370.117188	-54.419236
-23367.187500	-54.025476
-23364.257812	-55.302832
-23361.328125	-54.632614
-23358.398438	-55.157744
-23355.468750	-54.046267
-23352.539062	-55.431847
-23349.609375	-55.270396
-23346.679688	-54.337330
-23343.750000	-54.443943
-23340.820312	-54.364108
-23337.890625	-55.195961
-23334.960938	-54.844378
-23332.031250	-54.575173
-23329.101562	-55.168444
-23326.171875	-54.928682
-23323.242188	-54.744426
-23320.312500	-55.206924
-23317.382812	-54.539219
-23314.453125	-53.757654
-23311.523438	-54.919923
-23308.593750	-54.590033
-23305.664062	-53.951359
-23302.734375	-54.872517
-23299.804688	-55.290148
-23296.875000	-55.498320
-23293.945312	-55.786464
-23291.015625	-55.149297
-23288.085938	-55.400344
-23285.156250	-55.140621
-23282.226562	-54.673539
-23279.296875	-54.033472
-23276.367188	-54.717504
-23273.437500	-55.102606
-23270.507812	-55.367492
-23267.578125	-55.713626
-23264.648438	-55.136043
-23261.718750	-54.853745
-23258.789062	-53.807596
-23255.859375	-54.259923
-23252.929688	-55.107375
-23250.000000	-54.315192
-23247.070312	-54.506462
-23244.140625	-54.315888
-23241.210938	-53.785205
-23238.281250	-54.371824
-23235.351562	-54.583585
-23232.421875	-54.390000
-23229.492188	-55.555023
-23226.562500	-54.978049
-23223.632812	-54.555371
-23220.703125	-54.990529
-23217.773438	-54.503177
-23214.843750	-54.900751
-23211.914062	-54.601565
-23208.984375	-54.868341
-23206.054688	-55.418420
-23203.125000	-54.803836
-23200.195312	-54.414529
-23197.265625	-54.807902
-23194.335938	-54.783116
-23191.406250	-53.944548
-23188.476562	-54.847318
-23185.546875	-53.699096
-23182.617188	-54.269460
-23179.687500	-54.553664
-23176.757812	-55.464018
-23173.828125	-55.777125
-23170.898438	-55.040996
-23167.968750	-54.671380
-23165.039062	-54.174662
-23162.109375	-54.392691
-23159.179688	-54.524917
-23156.250000	-53.495412
-23153.320312	-54.268385
-23150.390625	-54.965801
-23147.460938	-54.892610
-23144.531250	-55.574815
-23141.601562	-54.713575
-23138.671875	-53.703032
-23135.742188	-54.292181
-23132.812500	-54.769080
-23129.882812	-55.146463
-23126.953125	-54.839231
-23124.023438	-55.035285
-23121.093750	-56.361618
-23118.164062	-55.554519
-23115.234375	-55.323411
-23112.304688	-53.911730
-23109.375000	-53.637147
-23106.445312	-55.394780
-23103.515625	-54.542109
-23100.585938	-54.515761
-23097.656250	-54.772268
-23094.726562	-55.204539
-23091.796875	-55.373822
-23088.867188	-54.595147
-23085.937500	-54.364050
-23083.007812	-54.198586
-23080.078125	-55.484446
-23077.148438	-55.250037
-23074.218750	-54.877265
-23071.289062	-56.101400
-23068.359375	-55.579414
-23065.429688	-54.949312
-23062.500000	-54.946458
-23059.570312	-54.687387
-23056.640625	-54.356641
-23053.710938	-54.182611
-23050.781250	-55.163031
-23047.851562	-53.852575
-23044.921875	-53.845484
-23041.992188	-54.677548
-23039.062500	-54.246148
-23036.132812	-54.454281
-23033.203125	-54.204898
-23030.273438	-55.691389
-23027.343750	-56.505503
-23024.414062	-54.276520
-23021.484375	-53.676346
-23018.554688	-54.511363
-23015.625000	-55.066854
-23012.695312	-55.174937
-23009.765625	-53.793785
-23006.835938	-54.398538
-23003.906250	-54.495528
-23000.976562	-53.976245
-22998.046875	-53.884360
-22995.117188	-54.013763
-22992.187500	-54.773683
-22989.257812	-54.652715
-22986.328125	-54.885620
-22983.398438	-54.565203
-22980.468750	-54.237764
-22977.539062	-54.861011
-22974.609375	-55.076389
-22971.679688	-54.186255
-22968.750000	-54.173926
-22965.820312	-55.239896
-22962.890625	-55.489366
-22959.960938	-55.262093
-22957.031250	-53.997542
-22954.101562	-53.691975
-22951.171875	-54.742828
-22948.242188	-54.339519
-22945.312500	-55.134848
-22942.382812	-54.773313
-22939.453125	-55.029423
-22936.523438	-53.672969
-22933.593750	-53.735809
-22930.664062	-54.284616
-22927.734375	-54.534640
-22924.804688	-54.858108
-22921.875000	-54.865150
-22918.945312	-55.138247
-22916.015625	-54.114027
-22913.085938	-54.081100
-22910.156250	-54.923150
-22907.226562	-54.912373
-22904.296875	-53.891234
-22901.367188	-53.890085
-22898.437500	-53.514538
-22895.507812	-53.504757
-22892.578125	-53.744045
-22889.648438	-53.728019
-22886.718750	-53.596303
-22883.789062	-53.692102
-22880.859375	-53.594633
-22877.929688	-54.088440
-22875.000000	-55.583551
-22872.070312	-55.158195
-22869.140625	-54.752077
-22866.210938	-54.881943
-22863.281250	-54.459929
-22860.351562	-54.209206
-22857.421875	-53.892267
-22854.492188	-55.183950
-22851.562500	-55.617014
-22848.632812	-54.958920
-22845.703125	-53.991716
-22842.773438	-53.471403
-22839.843750	-54.397654
-22836.914062	-54.586183
-22833.984375	-54.791746
-22831.054688	-54.650864
-22828.125000	-54.958826
-22825.195312	-54.828436
-22822.265625	-55.217508
-22819.335938	-54.911980
-22816.406250	-54.403683
-22813.476562	-54.100885
-22810.546875	-54.309206
-22807.617188	-54.609938
-22804.687500	-55.157552
-22801.757812	-55.196321
-22798.828125	-54.233379
-22795.898438	-54.152015
-22792.968750	-55.734592
-22790.039062	-56.088758
-22787.109375	-55.771349
-22784.179688	-55.183686
-22781.250000	-54.028332
-22778.320312	-55.685846
-22775.390625	-54.825528
-22772.460938	-54.462157
-22769.531250	-54.889652
-22766.601562	-55.312613
-22763.671875	-54.398847
-22760.742188	-55.014329
-22757.812500	-54.810710
-22754.882812	-54.503183
-22751.953125	-54.545380
-22749.023438	-54.130859
-22746.093750	-54.146568
-22743.164062	-53.903066
-22740.234375	-54.137751
-22737.304688	-54.656569
-22734.375000	-55.671784
-22731.445312	-54.911251
-22728.515625	-55.153476
-22725.585938	-55.080141
-22722.656250	-55.745843
-22719.726562	-55.601267
-22716.796875	-55.887416
-22713.867188	-56.375107
-22710.937500	-55.664046
-22708.007812	-55.610590
-22705.078125	-54.749706
-22702.148438	-54.847652
-22699.218750	-53.868968
-22696.289062	-54.236420
-22693.359375	-54.005097
-22690.429688	-53.917079
-22687.500000	-54.376417
-22684.570312	-55.261181
-22681.640625	-55.519572
-22678.710938	-54.346959
-22675.781250	-54.365109
-22672.851562	-54.065745
-22669.921875	-54.075578
-22666.992188	-54.688188
-22664.062500	-55.279575
-22661.132812	-55.372173
-22658.203125	-55.310184
-22655.273438	-54.477446
-22652.343750	-54.944136
-22649.414062	-55.301906
-22646.484375	-54.926393
-22643.554688	-54.497486
-22640.625000	-55.394969
-22637.695312	-55.026622
-22634.765625	-54.835724
-22631.835938	-54.361187
-22628.906250	-54.223399
-22625.976562	-54.361249
-22623.046875	-54.436209
-22620.117188	-54.715056
-22617.187500	-53.942260
-22614.257812	-54.207806
-22611.328125	-54.615485
-22608.398438	-55.502228
-22605.468750	-55.277805
-22602.539062	-54.748823
-22599.609375	-54.829643
-22596.679688	-54.879604
-22593.750000	-54.829405
-22590.820312	-54.314337
-22587.890625	-54.246549
-22584.960938	-53.869210
-22582.031250	-53.726657
-22579.101562	-54.188712
-22576.171875	-54.615801
-22573.242188	-54.288188
-22570.312500	-55.494664
-22567.382812	-55.207222
-22564.453125	-53.969227
-22561.523438	-53.918815
-22558.593750	-54.062979
-22555.664062	-55.473894
-22552.734375	-54.693309
-22549.804688	-54.119014
-22546.875000	-55.243842
-22543.945312	-56.081640
-22541.015625	-56.345544
-22538.085938	-54.386823
-22535.156250	-54.207087
-22532.226562	-54.092237
-22529.296875	-55.157526
-22526.367188	-54.760216
-22523.437500	-55.353856
-22520.507812	-54.657787
-22517.578125	-55.108287
-22514.648438	-54.328438
-22511.718750	-55.325768
-22508.789062	-54.958491
-22505.859375	-54.639527
-22502.929688	-53.429888
-22500.000000	-53.080068
-22497.070312	-55.011501
-22494.140625	-55.456044
-22491.210938	-55.443927
-22488.281250	-54.898413
-22485.351562	-54.790261
-22482.421875	-54.235023
-22479.492188	-53.620078
-22476.562500	-53.768584
-22473.632812	-54.506133
-22470.703125	-55.267405
-22467.773438	-54.855619
-22464.843750	-54.262972
-22461.914062	-54.443729
-22458.984375	-54.504225
-22456.054688	-55.358012
-22453.125000	-54.880091
-22450.195312	-55.087365
-22447.265625	-54.652812
-22444.335938	-54.820156
-22441.406250	-55.248457
-22438.476562	-54.942464
-22435.546875	-54.747010
-22432.617188	-55.805422
-22429.687500	-56.721134
-22426.757812	-55.376675
-22423.828125	-53.886184
-22420.898438	-54.264562
-22417.968750	-54.909764
-22415.039062	-53.992587
-22412.109375	-54.292261
-22409.179688	-54.950993
-22406.250000	-55.187663
-22403.320312	-54.873901
-22400.390625	-54.534532
-22397.460938	-54.826477
-22394.531250	-54.677164
-22391.601562	-55.364011
-22388.671875	-55.395147
-22385.742188	-55.627780
-22382.812500	-54.937343
-22379.882812	-54.061965
-22376.953125	-54.024474
-22374.023438	-54.356065
-22371.093750	-55.316779
-22368.164062	-54.636213
-22365.234375	-53.909872
-22362.304688	-55.236230
-22359.375000	-55.540690
-22356.445312	-55.920786
-22353.515625	-55.962611
-22350.585938	-54.737920
-22347.656250	-54.394228
-22344.726562	-53.830610
-22341.796875	-54.716010
-22338.867188	-55.338127
-22335.937500	-55.104490
-22333.007812	-53.505396
-22330.078125	-53.620449
-22327.148438	-53.907757
-22324.218750	-55.096934
-22321.289062	-55.749380
-22318.359375	-56.199169
-22315.429688	-54.511025
-22312.500000	-53.572786
-22309.570312	-53.393472
-22306.640625	-53.753958
-22303.710938	-54.044061
-22300.781250	-53.599330
-22297.851562	-54.688634
-22294.921875	-55.428112
-22291.992188	-54.985067
-22289.062500	-53.393524
-22286.132812	-53.509694
-22283.203125	-54.241659
-22280.273438	-54.249515
-22277.343750	-54.665955
-22274.414062	-55.031950
-22271.484375	-54.643366
-22268.554688	-54.249982
-22265.625000	-53.424441
-22262.695312	-53.090976
-22259.765625	-53.125600
-22256.835938	-54.034401
-22253.906250	-53.707588
-22250.976562	-53.767656
-22248.046875	-53.949144
-22245.117188	-55.580786
-22242.187500	-55.616836
-22239.257812	-55.308990
-22236.328125	-55.163901
-22233.398438	-54.638279
-22230.468750	-55.226942
-22227.539062	-54.183553
-22224.609375	-54.272999
-22221.679688	-55.107119
-22218.750000	-54.712881
-22215.820312	-54.428114
-22212.890625	-54.345306
-22209.960938	-55.484292
-22207.031250	-55.834594
-22204.101562	-55.901981
-22201.171875	-55.771454
-22198.242188	-55.412865
-22195.312500	-54.183109
-22192.382812	-54.618188
-22189.453125	-55.263424
-22186.523438	-54.603033
-22183.593750	-54.030577
-22180.664062	-55.288603
-22177.734375	-54.693693
-22174.804688	-55.180969
-22171.875000	-55.224091
-22168.945312	-54.127845
-22166.015625	-54.216623
-22163.085938	-54.487952
-22160.156250	-54.902263
-22157.226562	-54.860683
-22154.296875	-54.384268
-22151.367188	-54.432628
-22148.437500	-53.789067
-22145.507812	-54.257993
-22142.578125	-54.589422
-22139.648438	-55.271785
-22136.718750	-54.686583
-22133.789062	-55.198826
-22130.859375	-55.580932
-22127.929688	-55.588909
-22125.000000	-55.129850
-22122.070312	-54.544478
-22119.140625	-55.079092
-22116.210938	-55.060287
-22113.281250	-54.761631
-22110.351562	-55.256484
-22107.421875	-54.794190
-22104.492188	-55.149081
-22101.562500	-55.901414
-22098.632812	-54.469649
-22095.703125	-53.239314
-22092.773438	-53.759057
-22089.843750	-54.867368
-22086.914062	-53.099515
-22083.984375	-54.247649
-22081.054688	-55.799433
-22078.125000	-54.843976
-22075.195312	-53.854174
-22072.265625	-54.274963
-22069.335938	-54.159773
-22066.406250	-55.311954
-22063.476562	-55.283064
-22060.546875	-55.329060
-22057.617188	-55.619274
-22054.687500	-54.236074
-22051.757812	-53.866609
-22048.828125	-55.064447
-22045.898438	-54.693900
-22042.968750	-53.925927
-22040.039062	-54.494748
-22037.109375	-54.119360
-22034.179688	-53.470557
-22031.250000	-53.640951
-22028.320312	-53.201028
-22025.390625	-53.660996
-22022.460938	-54.537361
-22019.531250	-55.348353
-22016.601562	-55.689359
-22013.671875	-53.802859
-22010.742188	-54.805596
-22007.812500	-55.148209
-22004.882812	-56.168755
-22001.953125	-55.675539
-21999.023438	-55.394144
-21996.093750	-55.049594
-21993.164062	-55.420893
-21990.234375	-55.410607
-21987.304688	-54.542400
-21984.375000	-54.994370
-21981.445312	-54.820952
-21978.515625	-54.496510
-21975.585938	-55.097882
-21972.656250	-54.030951
-21969.726562	-54.152700
-21966.796875	-54.609268
-21963.867188	-54.079850
-21960.937500	-54.026234
-21958.007812	-54.695738
-21955.078125	-56.172111
-21952.148438	-55.910828
-21949.218750	-55.005514
-21946.289062	-55.134860
-21943.359375	-54.792625
-21940.429688	-54.355630
-21937.500000	-54.024416
-21934.570312	-54.244351
-21931.640625	-55.022524
-21928.710938	-54.220536
-21925.781250	-54.618205
-21922.851562	-55.695707
-21919.921875	-55.536299
-21916.992188	-54.751137
-21914.062500	-55.097406
-21911.132812	-54.398492
-21908.203125	-55.143148
-21905.273438	-54.557089
-21902.343750	-54.681392
-21899.414062	-54.519014
-21896.484375	-53.964100
-21893.554688	-54.172481
-21890.625000	-54.193551
-21887.695312	-54.047702
-21884.765625	-54.515794
-21881.835938	-54.792557
-21878.906250	-55.116267
-21875.976562	-53.880977
-21873.046875	-54.146182
-21870.117188	-55.221538
-21867.187500	-55.040685
-21864.257812	-55.619159
-21861.328125	-54.814666
-21858.398438	-54.705745
-21855.468750	-54.871217
-21852.539062	-54.178402
-21849.609375	-53.782775
-21846.679688	-54.207481
-21843.750000	-54.917225
-21840.820312	-54.843762
-21837.890625	-54.969275
-21834.960938	-53.819253
-21832.031250	-54.322265
-21829.101562	-55.343370
-21826.171875	-54.372363
-21823.242188	-54.498699
-21820.312500	-54.622619
-21817.382812	-54.664870
-21814.453125	-55.143481
-21811.523438	-54.342894
-21808.593750	-54.648506
-21805.664062	-54.917508
-21802.734375	-54.980935
-21799.804688	-54.599034
-21796.875000	-55.292816
-21793.945312	-55.046028
-21791.015625	-54.772518
-21788.085938	-55.695406
-21785.156250	-54.422779
-21782.226562	-54.681251
-21779.296875	-54.710119
-21776.367188	-54.328348
-21773.437500	-54.351153
-21770.507812	-55.342566
-21767.578125	-54.727726
-21764.648438	-54.355092
-21761.718750	-54.196262
-21758.789062	-53.428818
-21755.859375	-53.997702
-21752.929688	-54.863789
-21750.000000	-55.732643
-21747.070312	-55.514759
-21744.140625	-55.451374
-21741.210938	-54.537005
-21738.281250	-54.523890
-21735.351562	-54.792997
-21732.421875	-54.986123
-21729.492188	-54.725626
-21726.562500	-56.065079
-21723.632812	-54.895505
-21720.703125	-54.071409
-21717.773438	-55.265310
-21714.843750	-55.551558
-21711.914062	-54.534937
-21708.984375	-54.516242
-21706.054688	-55.169092
-21703.125000	-55.037409
-21700.195312	-55.604612
-21697.265625	-55.599937
-21694.335938	-55.851320
-21691.406250	-55.099349
-21688.476562	-54.469493
-21685.546875	-54.621460
-21682.617188	-55.713326
-21679.687500	-55.361757
-21676.757812	-55.085735
-21673.828125	-55.097105
-21670.898438	-55.129214
-21667.968750	-54.671625
-21665.039062	-54.937821
-21662.109375	-54.992584
-21659.179688	-54.335198
-21656.250000	-54.332892
-21653.320312	-55.487659
-21650.390625	-55.133828
-21647.460938	-54.876838
-21644.531250	-54.531857
-21641.601562	-54.263286
-21638.671875	-53.373387
-21635.742188	-53.514743
-21632.812500	-54.249694
-21629.882812	-54.747695
-21626.953125	-55.845848
-21624.023438	-55.235413
-21621.093750	-55.159457
-21618.164062	-55.305311
-21615.234375	-55.263589
-21612.304688	-54.290648
-21609.375000	-54.734521
-21606.445312	-54.244826
-21603.515625	-53.923776
-21600.585938	-55.331085
-21597.656250	-54.591567
-21594.726562	-54.016799
-21591.796875	-53.919743
-21588.867188	-54.661031
-21585.937500	-54.878454
-21583.007812	-54.523825
-21580.078125	-53.892268
-21577.148438	-53.530462
-21574.218750	-54.597867
-21571.289062	-54.093065
-21568.359375	-53.578432
-21565.429688	-53.484637
-21562.500000	-53.977954
-21559.570312	-54.955613
-21556.640625	-54.262343
-21553.710938	-54.442160
-21550.781250	-53.839186
-21547.851562	-54.854162
-21544.921875	-55.896954
-21541.992188	-55.048691
-21539.062500	-54.614956
-21536.132812	-54.671984
-21533.203125	-54.773585
-21530.273438	-54.785478
-21527.343750	-54.078032
-21524.414062	-54.567379
-21521.484375	-54.645773
-21518.554688	-54.298078
-21515.625000	-55.292193
-21512.695312	-54.723279
-21509.765625	-54.675686
-21506.835938	-55.156245
-21503.906250	-55.361224
-21500.976562	-54.415124
-21498.046875	-55.297150
-21495.117188	-54.833599
-21492.187500	-54.300692
-21489.257812	-54.991759
-21486.328125	-54.519296
-21483.398438	-53.605366
-21480.468750	-54.502607
-21477.539062	-54.453189
-21474.609375	-55.270998
-21471.679688	-55.208049
-21468.750000	-55.172824
-21465.820312	-54.001199
-21462.890625	-53.813995
-21459.960938	-54.283479
-21457.031250	-54.096133
-21454.101562	-55.985273
-21451.171875	-56.253642
-21448.242188	-54.642346
-21445.312500	-54.770028
-21442.382812	-55.550664
-21439.453125	-54.877267
-21436.523438	-53.192452
-21433.593750	-53.921321
-21430.664062	-54.081326
-21427.734375	-53.701132
-21424.804688	-53.826665
-21421.875000	-53.644083
-21418.945312	-54.863081
-21416.015625	-54.786954
-21413.085938	-53.942710
-21410.156250	-54.074602
-21407.226562	-54.539364
-21404.296875	-54.057311
-21401.367188	-54.706270
-21398.437500	-54.246151
-21395.507812	-54.323550
-21392.578125	-54.838030
-21389.648438	-54.672871
-21386.718750	-54.353569
-21383.789062	-54.501550
-21380.859375	-55.593000
-21377.929688	-55.913108
-21375.000000	-55.708375
-21372.070312	-54.691539
-21369.140625	-54.174057
-21366.210938	-54.467190
-21363.281250	-54.688105
-21360.351562	-54.081775
-21357.421875	-53.892736
-21354.492188	-55.059803
-21351.562500	-54.968157
-21348.632812	-54.418575
-21345.703125	-55.618278
-21342.773438	-55.885738
-21339.843750	-56.084686
-21336.914062	-55.873293
-21333.984375	-55.089824
-21331.054688	-55.028823
-21328.125000	-53.761914
-21325.195312	-54.109494
-21322.265625	-54.368171
-21319.335938	-54.410766
-21316.406250	-54.809769
-21313.476562	-54.516049
-21310.546875	-55.184161
-21307.617188	-54.962077
-21304.687500	-54.466158
-21301.757812	-55.161971
-21298.828125	-55.812986
-21295.898438	-53.658592
-21292.968750	-53.745806
-21290.039062	-54.175546
-21287.109375	-54.050852
-21284.179688	-54.812240
-21281.250000	-55.027009
-21278.320312	-54.485116
-21275.390625	-54.452112
-21272.460938	-54.094796
-21269.531250	-54.916633
-21266.601562	-54.574808
-21263.671875	-53.726581
-21260.742188	-53.839263
-21257.812500	-54.678812
-21254.882812	-54.503038
-21251.953125	-55.516258
-21249.023438	-54.357082
-21246.093750	-53.941208
-21243.164062	-54.562412
-21240.234375	-55.038188
-21237.304688	-54.416156
-21234.375000	-55.267604
-21231.445312	-55.740379
-21228.515625	-54.845984
-21225.585938	-54.812234
-21222.656250	-54.346749
-21219.726562	-54.025378
-21216.796875	-55.149300
-21213.867188	-55.229770
-21210.937500	-54.136537
-21208.007812	-53.137639
-21205.078125	-55.164074
-21202.148438	-55.690344
-21199.218750	-54.349024
-21196.289062	-55.447962
-21193.359375	-55.360532
-21190.429688	-54.817982
-21187.500000	-54.519504
-21184.570312	-55.425022
-21181.640625	-54.721614
-21178.710938	-54.958434
-21175.781250	-54.453956
-21172.851562	-54.216133
-21169.921875	-53.863442
-21166.992188	-54.707707
-21164.062500	-55.984246
-21161.132812	-55.236344
-21158.203125	-54.169216
-21155.273438	-53.939648
-21152.343750	-53.878200
-21149.414062	-53.625987
-21146.484375	-54.352486
-21143.554688	-54.593596
-21140.625000	-54.577414
-21137.695312	-56.034098
-21134.765625	-56.212337
-21131.835938	-56.241721
-21128.906250	-55.149348
-21125.976562	-55.160080
-21123.046875	-55.283662
-21120.117188	-55.551081
-21117.187500	-54.494116
-21114.257812	-54.763913
-21111.328125	-55.507965
-21108.398438	-54.877049
-21105.468750	-54.767169
-21102.539062	-54.683615
-21099.609375	-54.877641
-21096.679688	-55.161224
-21093.750000	-54.208395
-21090.820312	-53.906810
-21087.890625	-54.451017
-21084.960938	-54.640375
-21082.031250	-53.860155
-21079.101562	-54.041164
-21076.171875	-55.187523
-21073.242188	-55.348250
-21070.312500	-54.472487
-21067.382812	-54.070466
-21064.453125	-54.320231
-21061.523438	-54.413087
-21058.593750	-55.079016
-21055.664062	-54.412605
-21052.734375	-53.454212
-21049.804688	-53.921994
-21046.875000	-55.090152
-21043.945312	-55.268143
-21041.015625	-55.258874
-21038.085938	-55.065179
-21035.156250	-54.762196
-21032.226562	-54.519510
-21029.296875	-54.062492
-21026.367188	-54.402557
-21023.437500	-54.673224
-21020.507812	-54.468055
-21017.578125	-54.435803
-21014.648438	-54.090567
-21011.718750	-54.161471
-21008.789062	-53.849207
-21005.859375	-54.833706
-21002.929688	-55.567568
-21000.000000	-55.455413
-20997.070312	-55.417525
-20994.140625	-54.425756
-20991.210938	-55.622101
-20988.281250	-54.356928
-20985.351562	-53.542947
-20982.421875	-54.173117
-20979.492188	-54.754902
-20976.562500	-54.824425
-20973.632812	-55.299480
-20970.703125	-55.080760
-20967.773438	-55.276122
-20964.843750	-55.331658
-20961.914062	-54.131107
-20958.984375	-54.006523
-20956.054688	-54.020974
-20953.125000	-53.446810
-20950.195312	-53.870913
-20947.265625	-53.584364
-20944.335938	-53.793105
-20941.406250	-54.931914
-20938.476562	-54.332998
-20935.546875	-53.671732
-20932.617188	-54.593844
-20929.687500	-55.450784
-20926.757812	-54.907383
-20923.828125	-54.241393
-20920.898438	-54.919453
-20917.968750	-54.570510
-20915.039062	-53.965370
-20912.109375	-55.124075
-20909.179688	-55.552998
-20906.250000	-55.142640
-20903.320312	-54.768318
-20900.390625	-54.578725
-20897.460938	-54.717710
-20894.531250	-55.181613
-20891.601562	-54.811219
-20888.671875	-54.295454
-20885.742188	-55.453990
-20882.812500	-54.857540
-20879.882812	-54.853286
-20876.953125	-54.845377
-20874.023438	-53.941479
-20871.093750	-54.029709
-20868.164062	-54.011469
-20865.234375	-54.565589
-20862.304688	-53.485245
-20859.375000	-53.848393
-20856.445312	-55.142735
-20853.515625	-55.291492
-20850.585938	-54.255956
-20847.656250	-54.122757
-20844.726562	-54.167851
-20841.796875	-54.357272
-20838.867188	-54.593182
-20835.937500	-54.235226
-20833.007812	-54.862599
-20830.078125	-56.091529
-20827.148438	-54.897021
-20824.218750	-55.323740
-20821.289062	-54.910290
-20818.359375	-54.347046
-20815.429688	-54.158514
-20812.500000	-55.183092
-20809.570312	-56.515268
-20806.640625	-55.768421
-20803.710938	-54.994807
-20800.781250	-54.616476
-20797.851562	-55.244516
-20794.921875	-55.698566
-20791.992188	-55.625661
-20789.062500	-55.015545
-20786.132812	-54.572374
-20783.203125	-54.381368
-20780.273438	-53.648333
-20777.343750	-54.840296
-20774.414062	-55.118211
-20771.484375	-55.070021
-20768.554688	-53.662885
-20765.625000	-53.834270
-20762.695312	-53.514612
-20759.765625	-54.409163
-20756.835938	-55.176556
-20753.906250	-55.251707
-20750.976562	-55.267883
-20748.046875	-55.221331
-20745.117188	-54.104284
-20742.187500	-54.193536
-20739.257812	-54.263345
-20736.328125	-55.564332
-20733.398438	-55.538817
-20730.468750	-55.216405
-20727.539062	-54.401639
-20724.609375	-53.822345
-20721.679688	-54.296785
-20718.750000	-54.722197
-20715.820312	-54.907945
-20712.890625	-54.078865
-20709.960938	-53.912025
-20707.031250	-54.535971
-20704.101562	-54.218162
-20701.171875	-53.408668
-20698.242188	-54.498737
-20695.312500	-54.872823
-20692.382812	-54.846588
-20689.453125	-54.180192
-20686.523438	-55.075703
-20683.593750	-55.184416
-20680.664062	-55.247691
-20677.734375	-54.712951
-20674.804688	-54.207721
-20671.875000	-53.728898
-20668.945312	-54.067468
-20666.015625	-54.242334
-20663.085938	-53.634556
-20660.156250	-54.591201
-20657.226562	-54.757049
-20654.296875	-53.976653
-20651.367188	-55.053594
-20648.437500	-54.586283
-20645.507812	-54.022811
-20642.578125	-53.701058
-20639.648438	-54.128381
-20636.718750	-54.683459
-20633.789062	-55.206833
-20630.859375	-54.946553
-20627.929688	-54.108341
-20625.000000	-55.081805
-20622.070312	-55.401017
-20619.140625	-55.431957
-20616.210938	-57.444860
-20613.281250	-55.665759
-20610.351562	-53.704936
-20607.421875	-53.847722
-20604.492188	-54.536786
-20601.562500	-54.445655
-20598.632812	-54.363747
-20595.703125	-54.516981
-20592.773438	-55.086832
-20589.843750	-56.470270
-20586.914062	-55.925836
-20583.984375	-55.388782
-20581.054688	-54.241107
-20578.125000	-54.214256
-20575.195312	-54.565902
-20572.265625	-55.453162
-20569.335938	-55.547639
-20566.406250	-55.184661
-20563.476562	-55.719040
-20560.546875	-55.726647
-20557.617188	-54.386916
-20554.687500	-54.997581
-20551.757812	-54.914313
-20548.828125	-53.533300
-20545.898438	-53.685930
-20542.968750	-53.783163
-20540.039062	-54.402403
-20537.109375	-55.123803
-20534.179688	-55.494649
-20531.250000	-55.513412
-20528.320312	-54.501065
-20525.390625	-54.254146
-20522.460938	-55.024205
-20519.531250	-55.105216
-20516.601562	-54.892017
-20513.671875	-54.441364
-20510.742188	-54.192708
-20507.812500	-53.321805
-20504.882812	-54.069625
-20501.953125	-54.591482
-20499.023438	-56.278631
-20496.093750	-55.662879
-20493.164062	-55.457918
-20490.234375	-55.262365
-20487.304688	-54.427540
-20484.375000	-54.854232
-20481.445312	-54.499284
-20478.515625	-54.360168
-20475.585938	-54.206356
-20472.656250	-55.475555
-20469.726562	-56.286449
-20466.796875	-56.216353
-20463.867188	-55.443339
-20460.937500	-54.864211
-20458.007812	-55.115207
-20455.078125	-53.970997
-20452.148438	-55.039211
-20449.218750	-55.818001
-20446.289062	-54.845127
-20443.359375	-54.797791
-20440.429688	-55.107078
-20437.500000	-54.235910
-20434.570312	-54.851460
-20431.640625	-55.291043
-20428.710938	-55.351643
-20425.781250	-54.614137
-20422.851562	-54.244070
-20419.921875	-55.030062
-20416.992188	-54.510857
-20414.062500	-54.767310
-20411.132812	-54.585569
-20408.203125	-53.518763
-20405.273438	-54.243630
-20402.343750	-55.171183
-20399.414062	-55.328105
-20396.484375	-54.453169
-20393.554688	-55.178527
-20390.625000	-55.209967
-20387.695312	-54.633708
-20384.765625	-54.122399
-20381.835938	-54.929808
-20378.906250	-55.301376
-20375.976562	-54.733760
-20373.046875	-54.484670
-20370.117188	-54.559853
-20367.187500	-54.311847
-20364.257812	-53.626848
-20361.328125	-54.448635
-20358.398438	-54.506562
-20355.468750	-54.810820
-20352.539062	-54.970719
-20349.609375	-55.276523
-20346.679688	-55.436731
-20343.750000	-54.365963
-20340.820312	-54.963612
-20337.890625	-54.511804
-20334.960938	-53.874591
-20332.031250	-54.815810
-20329.101562	-55.782303
-20326.171875	-56.471887
-20323.242188	-54.484534
-20320.312500	-53.978324
-20317.382812	-53.490617
-20314.453125	-54.189921
-20311.523438	-54.742591
-20308.593750	-54.936716
-20305.664062	-55.249688
-20302.734375	-54.109589
-20299.804688	-53.057898
-20296.875000	-53.643874
-20293.945312	-53.879111
-20291.015625	-54.915090
-20288.085938	-55.290384
-20285.156250	-54.709862
-20282.226562	-54.222315
-20279.296875	-55.244978
-20276.367188	-54.683622
-20273.437500	-53.927272
-20270.507812	-54.603823
-20267.578125	-54.437745
-20264.648438	-54.059502
-20261.718750	-53.485051
-20258.789062	-54.210889
-20255.859375	-54.239201
-20252.929688	-54.440530
-20250.000000	-54.140680
-20247.070312	-53.814958
-20244.140625	-54.517850
-20241.210938	-54.892075
-20238.281250	-55.277585
-20235.351562	-55.551432
-20232.421875	-56.183706
-20229.492188	-55.748158
-20226.562500	-54.863784
-20223.632812	-55.161709
-20220.703125	-55.309463
-20217.773438	-55.622540
-20214.843750	-55.074569
-20211.914062	-54.123669
-20208.984375	-54.409583
-20206.054688	-54.889330
-20203.125000	-54.265837
-20200.195312	-54.419941
-20197.265625	-55.454748
-20194.335938	-54.092248
-20191.406250	-54.173330
-20188.476562	-54.346804
-20185.546875	-54.976059
-20182.617188	-55.205991
-20179.687500	-53.980695
-20176.757812	-54.193251
-20173.828125	-54.766838
-20170.898438	-54.429463
-20167.968750	-54.646749
-20165.039062	-54.770201
-20162.109375	-54.447757
-20159.179688	-55.022271
-20156.250000	-54.299766
-20153.320312	-54.587586
-20150.390625	-53.956039
-20147.460938	-53.820362
-20144.531250	-54.414663
-20141.601562	-55.450092
-20138.671875	-55.267369
-20135.742188	-55.636907
-20132.812500	-54.692730
-20129.882812	-53.172116
-20126.953125	-54.264807
-20124.023438	-54.801531
-20121.093750	-53.899350
-20118.164062	-54.459617
-20115.234375	-55.144294
-20112.304688	-54.847204
-20109.375000	-55.073205
-20106.445312	-54.159130
-20103.515625	-55.217486
-20100.585938	-54.593771
-20097.656250	-54.872648
-20094.726562	-54.669816
-20091.796875	-53.614520
-20088.867188	-54.735251
-20085.937500	-54.137698
-20083.007812	-53.715035
-20080.078125	-54.437304
-20077.148438	-54.168858
-20074.218750	-54.591621
-20071.289062	-55.262195
-20068.359375	-54.364028
-20065.429688	-54.095398
-20062.500000	-55.013298
-20059.570312	-55.124798
-20056.640625	-55.298899
-20053.710938	-55.480431
-20050.781250	-55.691140
-20047.851562	-55.290834
-20044.921875	-54.249001
-20041.992188	-53.380202
-20039.062500	-53.899080
-20036.132812	-56.119696
-20033.203125	-55.821644
-20030.273438	-55.882634
-20027.343750	-56.697730
-20024.414062	-55.045044
-20021.484375	-53.609362
-20018.554688	-53.838028
-20015.625000	-55.132353
-20012.695312	-55.078191
-20009.765625	-54.039425
-20006.835938	-54.120027
-20003.906250	-54.805105
-20000.976562	-56.145088
-19998.046875	-55.577682
-19995.117188	-54.142385
-19992.187500	-53.692035
-19989.257812	-54.010457
-19986.328125	-54.423703
-19983.398438	-54.458933
-19980.468750	-54.800734
-19977.539062	-54.806165
-19974.609375	-54.545490
-19971.679688	-54.613525
-19968.750000	-54.334284
-19965.820312	-53.893873
-19962.890625	-53.348133
-19959.960938	-54.231217
-19957.031250	-55.396654
-19954.101562	-54.526643
-19951.171875	-54.388809
-19948.242188	-54.759636
-19945.312500	-53.713237
-19942.382812	-54.052977
-19939.453125	-54.434253
-19936.523438	-54.252702
-19933.593750	-53.940641
-19930.664062	-53.636910
-19927.734375	-54.569456
-19924.804688	-54.331839
-19921.875000	-54.159754
-19918.945312	-54.490497
-19916.015625	-54.245175
-19913.085938	-54.272123
-19910.156250	-54.604001
-19907.226562	-54.122863
-19904.296875	-54.119259
-19901.367188	-54.196101
-19898.437500	-54.829623
-19895.507812	-54.463017
-19892.578125	-54.720599
-19889.648438	-54.959377
-19886.718750	-55.646238
-19883.789062	-55.651885
-19880.859375	-55.458494
-19877.929688	-55.479911
-19875.000000	-54.672210
-19872.070312	-55.068064
-19869.140625	-55.846619
-19866.210938	-54.445899
-19863.281250	-53.675058
-19860.351562	-54.049348
-19857.421875	-54.854854
-19854.492188	-55.379370
-19851.562500	-55.302167
-19848.632812	-55.301843
-19845.703125	-55.502824
-19842.773438	-55.700544
-19839.843750	-54.577366
-19836.914062	-54.868762
-19833.984375	-56.355216
-19831.054688	-55.151486
-19828.125000	-53.551879
-19825.195312	-53.484902
-19822.265625	-54.290354
-19819.335938	-53.611974
-19816.406250	-53.886905
-19813.476562	-53.939681
-19810.546875	-54.337792
-19807.617188	-54.729283
-19804.687500	-54.964119
-19801.757812	-53.444673
-19798.828125	-53.097956
-19795.898438	-54.387804
-19792.968750	-54.391114
-19790.039062	-54.754692
-19787.109375	-55.622932
-19784.179688	-53.728689
-19781.250000	-53.961349
-19778.320312	-54.516332
-19775.390625	-53.706113
-19772.460938	-54.186192
-19769.531250	-55.044646
-19766.601562	-55.199991
-19763.671875	-53.754396
-19760.742188	-53.740685
-19757.812500	-53.307788
-19754.882812	-54.673940
-19751.953125	-54.843276
-19749.023438	-54.639800
-19746.093750	-54.492507
-19743.164062	-54.620085
-19740.234375	-54.509486
-19737.304688	-54.213366
-19734.375000	-55.088279
-19731.445312	-56.338900
-19728.515625	-55.347220
-19725.585938	-54.976442
-19722.656250	-54.980530
-19719.726562	-54.056649
-19716.796875	-53.658637
-19713.867188	-53.859011
-19710.937500	-54.232140
-19708.007812	-53.698504
-19705.078125	-53.240780
-19702.148438	-53.256795
-19699.218750	-54.872797
-19696.289062	-54.896979
-19693.359375	-55.002419
-19690.429688	-55.208625
-19687.500000	-54.444494
-19684.570312	-54.606871
-19681.640625	-55.032755
-19678.710938	-54.484939
-19675.781250	-54.984285
-19672.851562	-53.927112
-19669.921875	-54.029010
-19666.992188	-53.917918
-19664.062500	-54.643373
-19661.132812	-55.735053
-19658.203125	-54.708139
-19655.273438	-54.034327
-19652.343750	-53.685414
-19649.414062	-54.106474
-19646.484375	-53.537258
-19643.554688	-54.139249
-19640.625000	-54.019266
-19637.695312	-54.450959
-19634.765625	-55.351673
-19631.835938	-55.794817
-19628.906250	-56.045428
-19625.976562	-55.021120
-19623.046875	-55.776341
-19620.117188	-54.642443
-19617.187500	-54.276400
-19614.257812	-54.906817
-19611.328125	-54.991403
-19608.398438	-54.318912
-19605.468750	-54.356981
-19602.539062	-54.487915
-19599.609375	-53.893362
-19596.679688	-54.078297
-19593.750000	-54.835261
-19590.820312	-54.565687
-19587.890625	-53.970014
-19584.960938	-54.305069
-19582.031250	-54.468611
-19579.101562	-55.040643
-19576.171875	-55.288564
-19573.242188	-56.027269
-19570.312500	-55.386361
-19567.382812	-55.324985
-19564.453125	-55.336187
-19561.523438	-55.196789
-19558.593750	-55.116710
-19555.664062	-54.473849
-19552.734375	-55.319967
-19549.804688	-54.913033
-19546.875000	-53.941268
-19543.945312	-53.515429
-19541.015625	-54.040831
-19538.085938	-54.377967
-19535.156250	-54.161850
-19532.226562	-54.846108
-19529.296875	-55.070943
-19526.367188	-54.708699
-19523.437500	-54.399659
-19520.507812	-53.948243
-19517.578125	-54.563694
-19514.648438	-55.081641
-19511.718750	-55.145326
-19508.789062	-54.829172
-19505.859375	-55.468312
-19502.929688	-55.412415
-19500.000000	-54.939774
-19497.070312	-55.078290
-19494.140625	-54.848528
-19491.210938	-54.584421
-19488.281250	-53.854960
-19485.351562	-54.283286
-19482.421875	-55.248031
-19479.492188	-54.573192
-19476.562500	-54.008980
-19473.632812	-53.890232
-19470.703125	-55.020714
-19467.773438	-54.614595
-19464.843750	-54.322943
-19461.914062	-54.534572
-19458.984375	-55.492119
-19456.054688	-54.592864
-19453.125000	-55.180645
-19450.195312	-55.458314
-19447.265625	-55.050711
-19444.335938	-55.179967
-19441.406250	-54.350323
-19438.476562	-54.316754
-19435.546875	-54.048824
-19432.617188	-54.082902
-19429.687500	-54.502817
-19426.757812	-54.717913
-19423.828125	-54.926988
-19420.898438	-55.297821
-19417.968750	-54.560741
-19415.039062	-54.018433
-19412.109375	-53.789872
-19409.179688	-54.321584
-19406.250000	-55.041091
-19403.320312	-54.245335
-19400.390625	-54.115827
-19397.460938	-54.312238
-19394.531250	-54.614116
-19391.601562	-54.927844
-19388.671875	-54.758765
-19385.742188	-53.546308
-19382.812500	-54.561096
-19379.882812	-55.197017
-19376.953125	-55.199141
-19374.023438	-54.860760
-19371.093750	-55.071846
-19368.164062	-54.824126
-19365.234375	-54.306273
-19362.304688	-54.017067
-19359.375000	-54.605488
-19356.445312	-54.779637
-19353.515625	-53.882744
-19350.585938	-54.091886
-19347.656250	-53.698162
-19344.726562	-53.640330
-19341.796875	-54.051998
-19338.867188	-54.510044
-19335.937500	-55.295005
-19333.007812	-55.523339
-19330.078125	-54.899684
-19327.148438	-54.731663
-19324.218750	-54.296149
-19321.289062	-54.926621
-19318.359375	-54.455607
-19315.429688	-54.273216
-19312.500000	-54.970496
-19309.570312	-54.016138
-19306.640625	-53.834810
-19303.710938	-55.738067
-19300.781250	-55.209306
-19297.851562	-55.102383
-19294.921875	-54.986048
-19291.992188	-55.088826
-19289.062500	-54.385476
-19286.132812	-53.771789
-19283.203125	-54.394705
-19280.273438	-54.940761
-19277.343750	-54.534939
-19274.414062	-54.758409
-19271.484375	-55.211418
-19268.554688	-53.766575
-19265.625000	-54.207577
-19262.695312	-54.072975
-19259.765625	-53.829367
-19256.835938	-54.797893
-19253.906250	-53.850012
-19250.976562	-53.759091
-19248.046875	-54.268272
-19245.117188	-54.254973
-19242.187500	-54.624693
-19239.257812	-54.508656
-19236.328125	-53.962263
-19233.398438	-55.056538
-19230.468750	-53.973137
-19227.539062	-53.789268
-19224.609375	-55.613232
-19221.679688	-54.663957
-19218.750000	-53.825515
-19215.820312	-54.359905
-19212.890625	-54.587761
-19209.960938	-54.164283
-19207.031250	-53.869888
-19204.101562	-54.644402
-19201.171875	-55.201041
-19198.242188	-54.770798
-19195.312500	-54.394777
-19192.382812	-54.118071
-19189.453125	-54.888943
-19186.523438	-54.884489
-19183.593750	-54.905424
-19180.664062	-54.899378
-19177.734375	-54.017137
-19174.804688	-54.754752
-19171.875000	-54.715356
-19168.945312	-54.310904
-19166.015625	-54.712761
-19163.085938	-54.875111
-19160.156250	-54.533359
-19157.226562	-54.725049
-19154.296875	-54.673302
-19151.367188	-54.491439
-19148.437500	-55.515103
-19145.507812	-55.713199
-19142.578125	-55.384500
-19139.648438	-55.332256
-19136.718750	-55.241553
-19133.789062	-54.868283
-19130.859375	-55.386930
-19127.929688	-55.288919
-19125.000000	-54.407291
-19122.070312	-54.007470
-19119.140625	-54.038302
-19116.210938	-55.383599
-19113.281250	-54.964738
-19110.351562	-54.806424
-19107.421875	-55.001692
-19104.492188	-54.418368
-19101.562500	-53.186752
-19098.632812	-54.343832
-19095.703125	-55.691319
-19092.773438	-55.094548
-19089.843750	-54.712078
-19086.914062	-54.442401
-19083.984375	-54.751833
-19081.054688	-54.390220
-19078.125000	-54.561968
-19075.195312	-54.566724
-19072.265625	-54.146897
-19069.335938	-54.473492
-19066.406250	-54.752100
-19063.476562	-54.439337
-19060.546875	-54.995619
-19057.617188	-55.106537
-19054.687500	-55.559764
-19051.757812	-54.785280
-19048.828125	-54.601059
-19045.898438	-55.276403
-19042.968750	-54.268418
-19040.039062	-54.492838
-19037.109375	-54.981664
-19034.179688	-55.865298
-19031.250000	-54.773072
-19028.320312	-53.797085
-19025.390625	-53.609392
-19022.460938	-54.219559
-19019.531250	-54.545294
-19016.601562	-54.889530
-19013.671875	-53.938870
-19010.742188	-53.810982
-19007.812500	-54.334547
-19004.882812	-54.006776
-19001.953125	-55.524357
-18999.023438	-54.696142
-18996.093750	-53.570117
-18993.164062	-54.259655
-18990.234375	-54.697566
-18987.304688	-55.956238
-18984.375000	-54.754212
-18981.445312	-54.476937
-18978.515625	-54.962038
-18975.585938	-55.475127
-18972.656250	-55.525747
-18969.726562	-54.855837
-18966.796875	-54.989013
-18963.867188	-55.179281
-18960.937500	-54.662929
-18958.007812	-54.358436
-18955.078125	-54.642221
-18952.148438	-54.073139
-18949.218750	-55.321463
-18946.289062	-55.569437
-18943.359375	-55.814555
-18940.429688	-55.819814
-18937.500000	-55.605529
-18934.570312	-54.788626
-18931.640625	-54.648907
-18928.710938	-54.726461
-18925.781250	-54.905419
-18922.851562	-54.705644
-18919.921875	-55.172620
-18916.992188	-54.315631
-18914.062500	-55.166406
-18911.132812	-55.842764
-18908.203125	-54.527082
-18905.273438	-53.934772
-18902.343750	-54.684943
-18899.414062	-53.854879
-18896.484375	-55.265292
-18893.554688	-55.149741
-18890.625000	-54.842970
-18887.695312	-55.161987
-18884.765625	-56.022083
-18881.835938	-55.320857
-18878.906250	-54.664734
-18875.976562	-54.991712
-18873.046875	-54.240697
-18870.117188	-53.834923
-18867.187500	-54.918611
-18864.257812	-54.246810
-18861.328125	-54.293361
-18858.398438	-54.383908
-18855.468750	-55.022678
-18852.539062	-55.132143
-18849.609375	-55.940754
-18846.679688	-55.113438
-18843.750000	-55.289661
-18840.820312	-55.080536
-18837.890625	-54.162070
-18834.960938	-54.061530
-18832.031250	-54.452141
-18829.101562	-54.701169
-18826.171875	-55.008316
-18823.242188	-54.916579
-18820.312500	-55.411352
-18817.382812	-53.560631
-18814.453125	-54.449385
-18811.523438	-56.024555
-18808.593750	-55.712730
-18805.664062	-55.712334
-18802.734375	-54.087806
-18799.804688	-54.875775
-18796.875000	-55.246821
-18793.945312	-55.218721
-18791.015625	-54.213402
-18788.085938	-54.498637
-18785.156250	-54.037058
-18782.226562	-53.966160
-18779.296875	-54.773277
-18776.367188	-54.826465
-18773.437500	-54.147784
-18770.507812	-54.504932
-18767.578125	-54.645637
-18764.648438	-54.905862
-18761.718750	-55.649061
-18758.789062	-54.020290
-18755.859375	-53.056440
-18752.929688	-53.616589
-18750.000000	-54.167215
-18747.070312	-55.022677
-18744.140625	-53.957624
-18741.210938	-54.154953
-18738.281250	-54.962284
-18735.351562	-54.300755
-18732.421875	-53.856922
-18729.492188	-53.840839
-18726.562500	-53.660447
-18723.632812	-54.844030
-18720.703125	-55.000384
-18717.773438	-53.943195
-18714.843750	-54.183394
-18711.914062	-54.266867
-18708.984375	-55.443639
-18706.054688	-55.176195
-18703.125000	-55.342972
-18700.195312	-55.116551
-18697.265625	-54.069621
-18694.335938	-53.789655
-18691.406250	-54.053092
-18688.476562	-54.773463
-18685.546875	-55.157802
-18682.617188	-54.599504
-18679.687500	-54.623789
-18676.757812	-54.839908
-18673.828125	-55.020410
-18670.898438	-54.348316
-18667.968750	-53.812650
-18665.039062	-53.913756
-18662.109375	-54.790232
-18659.179688	-55.693305
-18656.250000	-55.158245
-18653.320312	-54.992476
-18650.390625	-54.326456
-18647.460938	-54.741817
-18644.531250	-54.153024
-18641.601562	-54.551346
-18638.671875	-55.109456
-18635.742188	-54.607916
-18632.812500	-54.104099
-18629.882812	-54.378907
-18626.953125	-54.527199
-18624.023438	-53.984904
-18621.093750	-53.551591
-18618.164062	-55.023918
-18615.234375	-55.674723
-18612.304688	-55.223033
-18609.375000	-55.045536
-18606.445312	-54.410438
-18603.515625	-53.987982
-18600.585938	-54.045193
-18597.656250	-54.537176
-18594.726562	-55.767126
-18591.796875	-54.665239
-18588.867188	-54.180095
-18585.937500	-54.286521
-18583.007812	-55.051476
-18580.078125	-54.176645
-18577.148438	-53.989753
-18574.218750	-53.939086
-18571.289062	-55.132652
-18568.359375	-54.473407
-18565.429688	-54.916069
-18562.500000	-55.095709
-18559.570312	-55.065906
-18556.640625	-54.684087
-18553.710938	-54.303820
-18550.781250	-54.559600
-18547.851562	-54.960542
-18544.921875	-54.718668
-18541.992188	-54.624364
-18539.062500	-54.613637
-18536.132812	-54.592529
-18533.203125	-54.480542
-18530.273438	-54.642089
-18527.343750	-54.610374
-18524.414062	-55.651057
-18521.484375	-55.331060
-18518.554688	-54.808559
-18515.625000	-55.462169
-18512.695312	-55.939058
-18509.765625	-55.055099
-18506.835938	-54.880873
-18503.906250	-55.026858
-18500.976562	-53.327299
-18498.046875	-53.113831
-18495.117188	-53.500026
-18492.187500	-53.681197
-18489.257812	-54.732171
-18486.328125	-54.356090
-18483.398438	-53.282704
-18480.468750	-53.553606
-18477.539062	-54.771444
-18474.609375	-55.567338
-18471.679688	-55.529136
-18468.750000	-55.364717
-18465.820312	-55.719540
-18462.890625	-55.840632
-18459.960938	-54.392978
-18457.031250	-54.447098
-18454.101562	-54.907173
-18451.171875	-54.750069
-18448.242188	-55.239940
-18445.312500	-54.856988
-18442.382812	-55.454780
-18439.453125	-55.634541
-18436.523438	-55.512764
-18433.593750	-54.660702
-18430.664062	-55.082512
-18427.734375	-54.810107
-18424.804688	-55.523496
-18421.875000	-55.702497
-18418.945312	-55.559884
-18416.015625	-54.661400
-18413.085938	-55.458428
-18410.156250	-54.917824
-18407.226562	-54.097178
-18404.296875	-54.220370
-18401.367188	-55.137149
-18398.437500	-55.147035
-18395.507812	-55.404134
-18392.578125	-55.456128
-18389.648438	-54.903573
-18386.718750	-54.446536
-18383.789062	-53.800205
-18380.859375	-53.926622
-18377.929688	-54.651264
-18375.000000	-56.416018
-18372.070312	-56.250206
-18369.140625	-54.927778
-18366.210938	-55.130375
-18363.281250	-54.896746
-18360.351562	-55.140386
-18357.421875	-55.434675
-18354.492188	-54.498368
-18351.562500	-54.298334
-18348.632812	-54.549571
-18345.703125	-54.648745
-18342.773438	-54.492559
-18339.843750	-55.169928
-18336.914062	-55.425584
-18333.984375	-55.109087
-18331.054688	-54.645715
-18328.125000	-54.383154
-18325.195312	-54.727132
-18322.265625	-54.208214
-18319.335938	-55.348474
-18316.406250	-55.351410
-18313.476562	-54.305325
-18310.546875	-53.887690
-18307.617188	-53.864483
-18304.687500	-54.121975
-18301.757812	-54.291200
-18298.828125	-54.416127
-18295.898438	-54.099948
-18292.968750	-53.992544
-18290.039062	-54.964944
-18287.109375	-56.038728
-18284.179688	-55.024992
-18281.250000	-55.129317
-18278.320312	-54.779241
-18275.390625	-55.046781
-18272.460938	-54.617028
-18269.531250	-55.602232
-18266.601562	-56.255554
-18263.671875	-54.218414
-18260.742188	-55.094136
-18257.812500	-54.934954
-18254.882812	-54.676929
-18251.953125	-54.764865
-18249.023438	-53.828486
-18246.093750	-53.964246
-18243.164062	-55.559335
-18240.234375	-54.859894
-18237.304688	-54.896204
-18234.375000	-55.656426
-18231.445312	-55.168308
-18228.515625	-54.853963
-18225.585938	-55.427505
-18222.656250	-54.485470
-18219.726562	-55.652310
-18216.796875	-54.990467
-18213.867188	-55.389096
-18210.937500	-54.251920
-18208.007812	-55.510896
-18205.078125	-55.707305
-18202.148438	-55.858421
-18199.218750	-55.094067
-18196.289062	-54.423778
-18193.359375	-55.134682
-18190.429688	-56.639345
-18187.500000	-56.493255
-18184.570312	-55.588279
-18181.640625	-54.638164
-18178.710938	-54.882676
-18175.781250	-54.173357
-18172.851562	-54.075108
-18169.921875	-55.055441
-18166.992188	-55.013196
-18164.062500	-55.409566
-18161.132812	-54.786349
-18158.203125	-54.604634
-18155.273438	-55.167067
-18152.343750	-54.352003
-18149.414062	-54.060308
-18146.484375	-54.548470
-18143.554688	-54.771575
-18140.625000	-55.401527
-18137.695312	-54.899148
-18134.765625	-54.931439
-18131.835938	-55.414617
-18128.906250	-55.294394
-18125.976562	-55.843814
-18123.046875	-55.144247
-18120.117188	-54.643426
-18117.187500	-54.535633
-18114.257812	-54.863151
-18111.328125	-53.958024
-18108.398438	-54.319637
-18105.468750	-54.543327
-18102.539062	-54.613170
-18099.609375	-55.465036
-18096.679688	-54.732313
-18093.750000	-54.273048
-18090.820312	-53.692394
-18087.890625	-54.044500
-18084.960938	-54.050311
-18082.031250	-53.854994
-18079.101562	-54.381575
-18076.171875	-55.081952
-18073.242188	-54.423190
-18070.312500	-54.354425
-18067.382812	-55.327953
-18064.453125	-54.804850
-18061.523438	-54.633642
-18058.593750	-54.495871
-18055.664062	-53.952663
-18052.734375	-54.888421
-18049.804688	-54.447436
-18046.875000	-54.889786
-18043.945312	-55.215283
-18041.015625	-55.838720
-18038.085938	-54.592492
-18035.156250	-53.613894
-18032.226562	-53.736742
-18029.296875	-54.993087
-18026.367188	-55.478557
-18023.437500	-54.643100
-18020.507812	-55.604558
-18017.578125	-56.014080
-18014.648438	-54.637055
-18011.718750	-54.175609
-18008.789062	-54.755102
-18005.859375	-53.935008
-18002.929688	-54.285837
-18000.000000	-54.676292
-17997.070312	-54.715016
-17994.140625	-54.876545
-17991.210938	-55.473105
-17988.281250	-55.273586
-17985.351562	-54.934755
-17982.421875	-54.839399
-17979.492188	-54.935539
-17976.562500	-56.375236
-17973.632812	-55.350043
-17970.703125	-55.188555
-17967.773438	-55.331815
-17964.843750	-54.405798
-17961.914062	-54.086644
-17958.984375	-54.047740
-17956.054688	-54.134984
-17953.125000	-54.282989
-17950.195312	-55.733784
-17947.265625	-55.309617
-17944.335938	-55.699917
-17941.406250	-55.773454
-17938.476562	-54.921414
-17935.546875	-54.654250
-17932.617188	-54.044914
-17929.687500	-53.688414
-17926.757812	-53.947768
-17923.828125	-54.728995
-17920.898438	-54.013319
-17917.968750	-54.073964
-17915.039062	-54.817928
-17912.109375	-54.295641
-17909.179688	-54.164953
-17906.250000	-53.961220
-17903.320312	-53.506622
-17900.390625	-54.398093
-17897.460938	-54.752157
-17894.531250	-55.189800
-17891.601562	-55.356632
-17888.671875	-54.541533
-17885.742188	-55.461641
-17882.812500	-54.592841
-17879.882812	-54.509349
-17876.953125	-54.471487
-17874.023438	-55.198827
-17871.093750	-55.017233
-17868.164062	-54.727153
-17865.234375	-54.220623
-17862.304688	-53.737361
-17859.375000	-55.631483
-17856.445312	-54.625341
-17853.515625	-54.670038
-17850.585938	-54.199104
-17847.656250	-54.943896
-17844.726562	-55.181001
-17841.796875	-54.770566
-17838.867188	-54.442715
-17835.937500	-55.749026
-17833.007812	-55.506800
-17830.078125	-55.467856
-17827.148438	-55.253719
-17824.218750	-55.313563
-17821.289062	-55.093585
-17818.359375	-55.439723
-17815.429688	-54.209168
-17812.500000	-54.285477
-17809.570312	-54.224536
-17806.640625	-54.594297
-17803.710938	-54.260427
-17800.781250	-53.889029
-17797.851562	-53.849042
-17794.921875	-54.052056
-17791.992188	-54.099539
-17789.062500	-53.969522
-17786.132812	-55.385781
-17783.203125	-55.886861
-17780.273438	-55.230945
-17777.343750	-54.430989
-17774.414062	-54.548111
-17771.484375	-54.645840
-17768.554688	-54.262248
-17765.625000	-54.592822
-17762.695312	-54.984155
-17759.765625	-55.169841
-17756.835938	-55.120523
-17753.906250	-54.441033
-17750.976562	-55.446815
-17748.046875	-56.393703
-17745.117188	-55.271517
-17742.187500	-55.273850
-17739.257812	-53.790018
-17736.328125	-54.338608
-17733.398438	-54.557927
-17730.468750	-56.279456
-17727.539062	-55.535938
-17724.609375	-55.690029
-17721.679688	-55.231650
-17718.750000	-55.013436
-17715.820312	-55.868468
-17712.890625	-55.784922
-17709.960938	-55.381680
-17707.031250	-55.656138
-17704.101562	-53.987968
-17701.171875	-54.505607
-17698.242188	-55.166253
-17695.312500	-55.163886
-17692.382812	-55.036477
-17689.453125	-55.304003
-17686.523438	-54.731598
-17683.593750	-55.679946
-17680.664062	-54.569144
-17677.734375	-54.296242
-17674.804688	-54.399850
-17671.875000	-53.925193
-17668.945312	-53.820152
-17666.015625	-54.003449
-17663.085938	-54.851662
-17660.156250	-54.027516
-17657.226562	-54.081071
-17654.296875	-54.173903
-17651.367188	-55.037733
-17648.437500	-54.857366
-17645.507812	-54.056665
-17642.578125	-53.922670
-17639.648438	-53.465002
-17636.718750	-53.617440
-17633.789062	-54.453355
-17630.859375	-54.716377
-17627.929688	-54.010675
-17625.000000	-53.944230
-17622.070312	-55.141421
-17619.140625	-56.071947
-17616.210938	-56.477963
-17613.281250	-56.602464
-17610.351562	-55.629018
-17607.421875	-54.037849
-17604.492188	-54.046709
-17601.562500	-54.269873
-17598.632812	-54.624188
-17595.703125	-54.172320
-17592.773438	-54.230094
-17589.843750	-54.613436
-17586.914062	-54.525292
-17583.984375	-54.432038
-17581.054688	-55.053755
-17578.125000	-53.900454
-17575.195312	-53.894570
-17572.265625	-55.468326
-17569.335938	-54.473224
-17566.406250	-54.260334
-17563.476562	-54.560777
-17560.546875	-54.183431
-17557.617188	-55.072243
-17554.687500	-54.989437
-17551.757812	-54.554990
-17548.828125	-54.609931
-17545.898438	-54.786937
-17542.968750	-54.199700
-17540.039062	-54.210550
-17537.109375	-54.946370
-17534.179688	-54.941117
-17531.250000	-54.307052
-17528.320312	-53.150773
-17525.390625	-53.913422
-17522.460938	-54.865203
-17519.531250	-54.676376
-17516.601562	-54.444847
-17513.671875	-54.889295
-17510.742188	-54.771139
-17507.812500	-54.452153
-17504.882812	-54.145636
-17501.953125	-54.307358
-17499.023438	-54.087365
-17496.093750	-54.347557
-17493.164062	-55.221716
-17490.234375	-54.855573
-17487.304688	-54.217912
-17484.375000	-55.273081
-17481.445312	-55.523512
-17478.515625	-55.218690
-17475.585938	-53.958129
-17472.656250	-54.121671
-17469.726562	-54.758736
-17466.796875	-54.856549
-17463.867188	-55.304426
-17460.937500	-54.980372
-17458.007812	-56.203247
-17455.078125	-55.119032
-17452.148438	-54.926101
-17449.218750	-55.561193
-17446.289062	-55.252092
-17443.359375	-54.380040
-17440.429688	-54.966932
-17437.500000	-55.882761
-17434.570312	-56.059184
-17431.640625	-56.028921
-17428.710938	-55.571576
-17425.781250	-55.478704
-17422.851562	-54.780369
-17419.921875	-54.358972
-17416.992188	-55.321505
-17414.062500	-55.963329
-17411.132812	-55.450830
-17408.203125	-55.140881
-17405.273438	-54.758630
-17402.343750	-55.128075
-17399.414062	-54.682828
-17396.484375	-54.249160
-17393.554688	-54.010567
-17390.625000	-54.182811
-17387.695312	-54.969539
-17384.765625	-54.892437
-17381.835938	-54.015729
-17378.906250	-54.649102
-17375.976562	-54.546624
-17373.046875	-53.577107
-17370.117188	-54.160286
-17367.187500	-54.347057
-17364.257812	-54.737701
-17361.328125	-55.310510
-17358.398438	-55.585672
-17355.468750	-54.536700
-17352.539062	-53.902910
-17349.609375	-54.319177
-17346.679688	-54.966820
-17343.750000	-54.245189
-17340.820312	-54.949552
-17337.890625	-54.823958
-17334.960938	-53.983316
-17332.031250	-54.593958
-17329.101562	-54.674010
-17326.171875	-54.282305
-17323.242188	-54.376363
-17320.312500	-54.770482
-17317.382812	-54.883360
-17314.453125	-54.353374
-17311.523438	-54.423959
-17308.593750	-54.295372
-17305.664062	-54.271178
-17302.734375	-54.567747
-17299.804688	-54.346161
-17296.875000	-55.340812
-17293.945312	-54.777854
-17291.015625	-54.313505
-17288.085938	-54.625648
-17285.156250	-54.660042
-17282.226562	-53.918440
-17279.296875	-54.379939
-17276.367188	-55.514742
-17273.437500	-55.092639
-17270.507812	-54.778056
-17267.578125	-54.349369
-17264.648438	-54.368142
-17261.718750	-54.240125
-17258.789062	-55.015828
-17255.859375	-55.501419
-17252.929688	-55.242169
-17250.000000	-54.467513
-17247.070312	-54.415315
-17244.140625	-54.198071
-17241.210938	-55.133120
-17238.281250	-55.390806
-17235.351562	-53.871195
-17232.421875	-53.984011
-17229.492188	-54.378674
-17226.562500	-55.843582
-17223.632812	-55.056755
-17220.703125	-55.049849
-17217.773438	-55.423212
-17214.843750	-54.371218
-17211.914062	-53.516672
-17208.984375	-54.697318
-17206.054688	-54.355691
-17203.125000	-54.641693
-17200.195312	-54.845969
-17197.265625	-54.744534
-17194.335938	-55.221654
-17191.406250	-54.330254
-17188.476562	-54.871418
-17185.546875	-55.901833
-17182.617188	-53.845924
-17179.687500	-53.919935
-17176.757812	-55.073583
-17173.828125	-54.850757
-17170.898438	-55.195446
-17167.968750	-54.532289
-17165.039062	-54.931848
-17162.109375	-55.268697
-17159.179688	-54.002164
-17156.250000	-54.288301
-17153.320312	-54.837826
-17150.390625	-54.564471
-17147.460938	-55.065072
-17144.531250	-55.072449
-17141.601562	-54.084039
-17138.671875	-53.677356
-17135.742188	-54.870180
-17132.812500	-54.493550
-17129.882812	-54.310540
-17126.953125	-54.377344
-17124.023438	-54.820134
-17121.093750	-54.515261
-17118.164062	-54.514656
-17115.234375	-54.663584
-17112.304688	-54.123853
-17109.375000	-54.145564
-17106.445312	-53.496472
-17103.515625	-54.367769
-17100.585938	-54.232857
-17097.656250	-53.726227
-17094.726562	-54.141310
-17091.796875	-54.559253
-17088.867188	-54.615154
-17085.937500	-54.062408
-17083.007812	-54.245060
-17080.078125	-53.670634
-17077.148438	-54.616140
-17074.218750	-55.147758
-17071.289062	-55.062060
-17068.359375	-54.976312
-17065.429688	-55.681792
-17062.500000	-55.126021
-17059.570312	-55.976337
-17056.640625	-54.774516
-17053.710938	-53.859254
-17050.781250	-53.926395
-17047.851562	-55.241744
-17044.921875	-55.759184
-17041.992188	-54.360673
-17039.062500	-54.060653
-17036.132812	-54.830723
-17033.203125	-55.173299
-17030.273438	-54.565174
-17027.343750	-55.030582
-17024.414062	-54.898570
-17021.484375	-54.390563
-17018.554688	-54.495830
-17015.625000	-53.925457
-17012.695312	-55.051834
-17009.765625	-55.495826
-17006.835938	-56.088927
-17003.906250	-55.024153
-17000.976562	-55.029890
-16998.046875	-54.115028
-16995.117188	-53.765489
-16992.187500	-54.541215
-16989.257812	-55.149364
-16986.328125	-54.520813
-16983.398438	-54.683391
-16980.468750	-55.207215
-16977.539062	-54.696331
-16974.609375	-54.177228
-16971.679688	-53.946141
-16968.750000	-54.557642
-16965.820312	-54.368038
-16962.890625	-53.734023
-16959.960938	-53.925838
-16957.031250	-53.969273
-16954.101562	-54.166554
-16951.171875	-53.847172
-16948.242188	-54.719072
-16945.312500	-55.291926
-16942.382812	-54.909716
-16939.453125	-55.055827
-16936.523438	-54.004884
-16933.593750	-54.038576
-16930.664062	-53.545381
-16927.734375	-53.656704
-16924.804688	-53.930693
-16921.875000	-54.949744
-16918.945312	-55.216207
-16916.015625	-55.948411
-16913.085938	-55.348289
-16910.156250	-55.271820
-16907.226562	-55.030204
-16904.296875	-55.010723
-16901.367188	-54.148405
-16898.437500	-54.158564
-16895.507812	-54.460519
-16892.578125	-54.483090
-16889.648438	-54.427216
-16886.718750	-54.894446
-16883.789062	-55.659473
-16880.859375	-55.623491
-16877.929688	-56.116432
-16875.000000	-55.513201
-16872.070312	-55.208401
-16869.140625	-55.101858
-16866.210938	-54.154440
-16863.281250	-54.842820
-16860.351562	-54.727484
-16857.421875	-54.307998
-16854.492188	-54.158035
-16851.562500	-54.571720
-16848.632812	-54.617604
-16845.703125	-55.371511
-16842.773438	-55.272102
-16839.843750	-55.198196
-16836.914062	-55.498545
-16833.984375	-55.195195
-16831.054688	-55.090798
-16828.125000	-55.584233
-16825.195312	-54.798953
-16822.265625	-54.968588
-16819.335938	-56.391471
-16816.406250	-55.186079
-16813.476562	-54.968650
-16810.546875	-55.398901
-16807.617188	-54.636654
-16804.687500	-54.718671
-16801.757812	-54.651860
-16798.828125	-54.927004
-16795.898438	-54.786467
-16792.968750	-55.005214
-16790.039062	-55.073047
-16787.109375	-55.195390
-16784.179688	-55.350226
-16781.250000	-54.444752
-16778.320312	-55.154435
-16775.390625	-54.442998
-16772.460938	-54.392984
-16769.531250	-54.820094
-16766.601562	-54.434621
-16763.671875	-54.279571
-16760.742188	-54.202367
-16757.812500	-54.113613
-16754.882812	-54.399101
-16751.953125	-55.124735
-16749.023438	-54.181031
-16746.093750	-53.966177
-16743.164062	-54.361929
-16740.234375	-54.386975
-16737.304688	-54.438471
-16734.375000	-54.791383
-16731.445312	-54.546465
-16728.515625	-54.192885
-16725.585938	-55.831945
-16722.656250	-55.734725
-16719.726562	-53.814207
-16716.796875	-54.419615
-16713.867188	-54.564939
-16710.937500	-54.626973
-16708.007812	-53.899721
-16705.078125	-54.586485
-16702.148438	-54.339751
-16699.218750	-53.910121
-16696.289062	-54.474356
-16693.359375	-55.136064
-16690.429688	-54.610960
-16687.500000	-55.391172
-16684.570312	-54.781287
-16681.640625	-53.952551
-16678.710938	-54.488509
-16675.781250	-54.402143
-16672.851562	-53.908343
-16669.921875	-54.813909
-16666.992188	-55.679411
-16664.062500	-54.837136
-16661.132812	-55.028727
-16658.203125	-55.365010
-16655.273438	-55.304042
-16652.343750	-55.689057
-16649.414062	-55.792112
-16646.484375	-54.855608
-16643.554688	-54.700099
-16640.625000	-53.851729
-16637.695312	-53.621697
-16634.765625	-53.996506
-16631.835938	-54.659945
-16628.906250	-54.017664
-16625.976562	-53.024648
-16623.046875	-54.342476
-16620.117188	-53.969059
-16617.187500	-53.560870
-16614.257812	-55.611437
-16611.328125	-56.332825
-16608.398438	-55.308941
-16605.468750	-55.136195
-16602.539062	-54.958573
-16599.609375	-54.803132
-16596.679688	-54.634383
-16593.750000	-54.723412
-16590.820312	-54.646170
-16587.890625	-53.974475
-16584.960938	-53.741715
-16582.031250	-54.629574
-16579.101562	-54.026053
-16576.171875	-54.334426
-16573.242188	-54.108769
-16570.312500	-54.735072
-16567.382812	-54.272673
-16564.453125	-55.008072
-16561.523438	-55.094548
-16558.593750	-55.382939
-16555.664062	-55.163934
-16552.734375	-55.131862
-16549.804688	-54.538814
-16546.875000	-53.741603
-16543.945312	-53.494329
-16541.015625	-54.732228
-16538.085938	-53.975301
-16535.156250	-53.292837
-16532.226562	-53.691881
-16529.296875	-53.602994
-16526.367188	-53.977015
-16523.437500	-54.333632
-16520.507812	-54.970926
-16517.578125	-54.516518
-16514.648438	-54.291763
-16511.718750	-54.705934
-16508.789062	-54.625401
-16505.859375	-54.586047
-16502.929688	-55.528634
-16500.000000	-55.094272
-16497.070312	-53.724267
-16494.140625	-53.652721
-16491.210938	-54.252075
-16488.281250	-54.713063
-16485.351562	-54.237479
-16482.421875	-54.593130
-16479.492188	-54.470677
-16476.562500	-55.099648
-16473.632812	-53.934485
-16470.703125	-54.234230
-16467.773438	-55.160590
-16464.843750	-55.926391
-16461.914062	-55.294397
-16458.984375	-54.670903
-16456.054688	-54.629571
-16453.125000	-54.818739
-16450.195312	-54.918025
-16447.265625	-54.504867
-16444.335938	-54.510580
-16441.406250	-54.009767
-16438.476562	-53.991573
-16435.546875	-53.917342
-16432.617188	-54.753849
-16429.687500	-54.101797
-16426.757812	-53.268402
-16423.828125	-53.847700
-16420.898438	-54.468453
-16417.968750	-54.735885
-16415.039062	-55.111208
-16412.109375	-54.659798
-16409.179688	-54.608762
-16406.250000	-54.383866
-16403.320312	-55.210382
-16400.390625	-54.710837
-16397.460938	-53.835080
-16394.531250	-54.138080
-16391.601562	-54.936276
-16388.671875	-55.270844
-16385.742188	-55.174671
-16382.812500	-55.587998
-16379.882812	-55.403078
-16376.953125	-54.403147
-16374.023438	-54.372266
-16371.093750	-53.933365
-16368.164062	-53.661745
-16365.234375	-53.710361
-16362.304688	-54.383357
-16359.375000	-54.549214
-16356.445312	-54.217908
-16353.515625	-53.758644
-16350.585938	-54.019525
-16347.656250	-55.448145
-16344.726562	-55.127918
-16341.796875	-54.323716
-16338.867188	-54.246515
-16335.937500	-54.697719
-16333.007812	-55.009507
-16330.078125	-55.290188
-16327.148438	-54.432797
-16324.218750	-54.490661
-16321.289062	-55.228015
-16318.359375	-55.525174
-16315.429688	-56.281514
-16312.500000	-56.166615
-16309.570312	-54.748721
-16306.640625	-54.499373
-16303.710938	-55.079545
-16300.781250	-55.248285
-16297.851562	-55.112765
-16294.921875	-54.730364
-16291.992188	-54.547127
-16289.062500	-53.789624
-16286.132812	-54.281744
-16283.203125	-54.937688
-16280.273438	-53.989299
-16277.343750	-53.631236
-16274.414062	-54.296974
-16271.484375	-53.932404
-16268.554688	-54.606299
-16265.625000	-54.206597
-16262.695312	-54.569885
-16259.765625	-55.193442
-16256.835938	-54.927749
-16253.906250	-54.064931
-16250.976562	-53.444667
-16248.046875	-53.771833
-16245.117188	-53.888914
-16242.187500	-54.599353
-16239.257812	-55.319113
-16236.328125	-55.676405
-16233.398438	-55.228502
-16230.468750	-54.708411
-16227.539062	-55.016595
-16224.609375	-55.689583
-16221.679688	-54.707593
-16218.750000	-55.086164
-16215.820312	-54.850847
-16212.890625	-55.863011
-16209.960938	-55.946824
-16207.031250	-55.273305
-16204.101562	-55.271118
-16201.171875	-54.178714
-16198.242188	-53.772936
-16195.312500	-54.627872
-16192.382812	-55.066081
-16189.453125	-54.197535
-16186.523438	-52.932627
-16183.593750	-53.608968
-16180.664062	-55.525201
-16177.734375	-55.406850
-16174.804688	-54.835064
-16171.875000	-54.718539
-16168.945312	-55.227731
-16166.015625	-53.902623
-16163.085938	-54.786994
-16160.156250	-54.229285
-16157.226562	-53.318297
-16154.296875	-54.035553
-16151.367188	-54.906067
-16148.437500	-54.680809
-16145.507812	-53.746879
-16142.578125	-54.541022
-16139.648438	-54.858161
-16136.718750	-54.119222
-16133.789062	-54.383039
-16130.859375	-54.562721
-16127.929688	-54.882458
-16125.000000	-55.182451
-16122.070312	-54.856303
-16119.140625	-54.735214
-16116.210938	-54.945120
-16113.281250	-55.824980
-16110.351562	-55.372952
-16107.421875	-53.765333
-16104.492188	-54.357833
-16101.562500	-54.359391
-16098.632812	-53.736736
-16095.703125	-55.917950
-16092.773438	-55.742127
-16089.843750	-54.983208
-16086.914062	-54.262829
-16083.984375	-54.102056
-16081.054688	-53.997425
-16078.125000	-54.075054
-16075.195312	-54.736337
-16072.265625	-54.857244
-16069.335938	-54.924478
-16066.406250	-54.681178
-16063.476562	-54.673737
-16060.546875	-54.947167
-16057.617188	-55.095491
-16054.687500	-53.967300
-16051.757812	-54.128861
-16048.828125	-53.965417
-16045.898438	-54.244686
-16042.968750	-54.829149
-16040.039062	-54.841794
-16037.109375	-54.434133
-16034.179688	-54.837740
-16031.250000	-54.895799
-16028.320312	-54.149688
-16025.390625	-54.455850
-16022.460938	-54.073095
-16019.531250	-54.077252
-16016.601562	-55.238018
-16013.671875	-54.567598
-16010.742188	-55.889611
-16007.812500	-54.440449
-16004.882812	-54.204046
-16001.953125	-54.993704
-15999.023438	-54.701263
-15996.093750	-54.697469
-15993.164062	-53.826708
-15990.234375	-53.601339
-15987.304688	-53.736102
-15984.375000	-53.907850
-15981.445312	-54.317247
-15978.515625	-54.973223
-15975.585938	-54.700747
-15972.656250	-54.694531
-15969.726562	-55.163304
-15966.796875	-55.030292
-15963.867188	-55.213351
-15960.937500	-54.421345
-15958.007812	-54.275137
-15955.078125	-54.168915
-15952.148438	-55.223998
-15949.218750	-55.477385
-15946.289062	-55.247926
-15943.359375	-55.312133
-15940.429688	-54.597452
-15937.500000	-54.534926
-15934.570312	-54.155004
-15931.640625	-54.139049
-15928.710938	-53.361037
-15925.781250	-53.681289
-15922.851562	-54.318419
-15919.921875	-54.848438
-15916.992188	-55.424936
-15914.062500	-54.896127
-15911.132812	-55.573485
-15908.203125	-56.205455
-15905.273438	-54.742613
-15902.343750	-54.318335
-15899.414062	-53.586231
-15896.484375	-52.726766
-15893.554688	-52.977120
-15890.625000	-53.883970
-15887.695312	-54.187274
-15884.765625	-54.625742
-15881.835938	-54.368027
-15878.906250	-54.734371
-15875.976562	-55.693161
-15873.046875	-54.832655
-15870.117188	-53.655048
-15867.187500	-54.571501
-15864.257812	-55.063209
-15861.328125	-56.241948
-15858.398438	-55.462041
-15855.468750	-55.195035
-15852.539062	-54.683668
-15849.609375	-54.542706
-15846.679688	-54.525341
-15843.750000	-54.971019
-15840.820312	-54.906229
-15837.890625	-55.454341
-15834.960938	-55.114186
-15832.031250	-54.514545
-15829.101562	-55.138620
-15826.171875	-55.579341
-15823.242188	-56.337118
-15820.312500	-55.656754
-15817.382812	-55.176448
-15814.453125	-54.399641
-15811.523438	-54.145136
-15808.593750	-54.679925
-15805.664062	-53.636340
-15802.734375	-53.161726
-15799.804688	-54.388326
-15796.875000	-53.890555
-15793.945312	-54.166290
-15791.015625	-54.882874
-15788.085938	-54.978345
-15785.156250	-54.365820
-15782.226562	-53.658801
-15779.296875	-54.793478
-15776.367188	-55.569213
-15773.437500	-54.873660
-15770.507812	-54.663241
-15767.578125	-54.389022
-15764.648438	-53.951861
-15761.718750	-53.324550
-15758.789062	-53.498786
-15755.859375	-53.648527
-15752.929688	-53.740535
-15750.000000	-53.243458
-15747.070312	-53.866035
-15744.140625	-55.650302
-15741.210938	-55.294853
-15738.281250	-54.190092
-15735.351562	-54.175208
-15732.421875	-54.125231
-15729.492188	-54.042506
-15726.562500	-54.369818
-15723.632812	-54.888076
-15720.703125	-56.028464
-15717.773438	-54.241608
-15714.843750	-55.527319
-15711.914062	-53.807332
-15708.984375	-54.199846
-15706.054688	-54.523046
-15703.125000	-54.992464
-15700.195312	-54.156465
-15697.265625	-54.504660
-15694.335938	-54.233005
-15691.406250	-55.150446
-15688.476562	-54.163882
-15685.546875	-53.843658
-15682.617188	-54.924344
-15679.687500	-54.989259
-15676.757812	-54.634837
-15673.828125	-55.345405
-15670.898438	-55.395506
-15667.968750	-54.566167
-15665.039062	-55.003442
-15662.109375	-55.364517
-15659.179688	-54.702246
-15656.250000	-54.091782
-15653.320312	-54.580784
-15650.390625	-54.452901
-15647.460938	-54.866145
-15644.531250	-54.767452
-15641.601562	-54.065780
-15638.671875	-54.529711
-15635.742188	-54.709131
-15632.812500	-54.127179
-15629.882812	-53.551869
-15626.953125	-53.656164
-15624.023438	-54.674347
-15621.093750	-54.143136
-15618.164062	-53.737370
-15615.234375	-55.257309
-15612.304688	-53.712214
-15609.375000	-53.194637
-15606.445312	-54.274043
-15603.515625	-55.117406
-15600.585938	-54.457585
-15597.656250	-53.770242
-15594.726562	-53.728190
-15591.796875	-53.820033
-15588.867188	-54.699602
-15585.937500	-55.202978
-15583.007812	-54.769973
-15580.078125	-54.135857
-15577.148438	-54.375550
-15574.218750	-53.676000
-15571.289062	-53.971373
-15568.359375	-54.510954
-15565.429688	-54.168043
-15562.500000	-53.581621
-15559.570312	-53.945010
-15556.640625	-53.419225
-15553.710938	-54.562631
-15550.781250	-55.481384
-15547.851562	-53.754963
-15544.921875	-53.028280
-15541.992188	-54.057589
-15539.062500	-53.648290
-15536.132812	-54.356572
-15533.203125	-55.437993
-15530.273438	-55.066647
-15527.343750	-54.254862
-15524.414062	-54.379639
-15521.484375	-53.511799
-15518.554688	-54.270775
-15515.625000	-54.595422
-15512.695312	-54.302014
-15509.765625	-54.224737
-15506.835938	-52.818457
-15503.906250	-53.350016
-15500.976562	-55.152680
-15498.046875	-54.740349
-15495.117188	-54.510180
-15492.187500	-54.999393
-15489.257812	-54.068898
-15486.328125	-54.008901
-15483.398438	-53.800889
-15480.468750	-54.143454
-15477.539062	-53.850991
-15474.609375	-54.522413
-15471.679688	-53.751572
-15468.750000	-52.612431
-15465.820312	-53.694467
-15462.890625	-53.924500
-15459.960938	-53.878284
-15457.031250	-53.827984
-15454.101562	-54.215544
-15451.171875	-54.191458
-15448.242188	-53.785141
-15445.312500	-53.481010
-15442.382812	-54.331742
-15439.453125	-54.547117
-15436.523438	-53.956282
-15433.593750	-54.169636
-15430.664062	-55.045248
-15427.734375	-54.660591
-15424.804688	-53.776036
-15421.875000	-53.619735
-15418.945312	-53.510948
-15416.015625	-54.389018
-15413.085938	-54.361670
-15410.156250	-54.426547
-15407.226562	-54.904187
-15404.296875	-54.130650
-15401.367188	-53.820786
-15398.437500	-54.522034
-15395.507812	-54.476734
-15392.578125	-54.730446
-15389.648438	-55.090305
-15386.718750	-54.607908
-15383.789062	-54.111483
-15380.859375	-54.537281
-15377.929688	-54.456941
-15375.000000	-54.943475
-15372.070312	-55.312136
-15369.140625	-53.949442
-15366.210938	-53.819599
-15363.281250	-54.619820
-15360.351562	-54.531096
-15357.421875	-53.937617
-15354.492188	-54.293965
-15351.562500	-54.149868
-15348.632812	-53.617779
-15345.703125	-54.276164
-15342.773438	-54.678972
-15339.843750	-54.898755
-15336.914062	-54.169714
-15333.984375	-54.222975
-15331.054688	-54.916631
-15328.125000	-55.220726
-15325.195312	-54.430637
-15322.265625	-55.105639
-15319.335938	-54.976726
-15316.406250	-54.112603
-15313.476562	-54.143502
-15310.546875	-53.469498
-15307.617188	-53.626564
-15304.687500	-54.718863
-15301.757812	-55.281090
-15298.828125	-54.017327
-15295.898438	-54.218777
-15292.968750	-54.485782
-15290.039062	-54.045110
-15287.109375	-54.018669
-15284.179688	-53.643598
-15281.250000	-53.700736
-15278.320312	-54.690096
-15275.390625	-54.558197
-15272.460938	-53.710039
-15269.531250	-53.424453
-15266.601562	-53.354613
-15263.671875	-54.363539
-15260.742188	-54.067050
-15257.812500	-54.374025
-15254.882812	-55.101546
-15251.953125	-54.242789
-15249.023438	-54.531040
-15246.093750	-55.646002
-15243.164062	-55.236883
-15240.234375	-54.893635
-15237.304688	-53.901045
-15234.375000	-54.625584
-15231.445312	-54.672281
-15228.515625	-54.687371
-15225.585938	-54.966173
-15222.656250	-54.855111
-15219.726562	-54.675231
-15216.796875	-54.842383
-15213.867188	-55.350174
-15210.937500	-54.704510
-15208.007812	-53.721495
-15205.078125	-54.070253
-15202.148438	-54.390441
-15199.218750	-53.747590
-15196.289062	-54.042638
-15193.359375	-54.593275
-15190.429688	-55.235030
-15187.500000	-54.130704
-15184.570312	-53.865856
-15181.640625	-53.846584
-15178.710938	-53.536325
-15175.781250	-53.786619
-15172.851562	-55.133447
-15169.921875	-54.965430
-15166.992188	-54.211526
-15164.062500	-54.617319
-15161.132812	-53.798817
-15158.203125	-53.894924
-15155.273438	-54.326478
-15152.343750	-54.589990
-15149.414062	-54.375847
-15146.484375	-54.138784
-15143.554688	-54.106051
-15140.625000	-54.676469
-15137.695312	-55.249853
-15134.765625	-55.289236
-15131.835938	-54.511335
-15128.906250	-54.279660
-15125.976562	-54.103839
-15123.046875	-53.873661
-15120.117188	-53.980098
-15117.187500	-51.763611
-15114.257812	-51.859489
-15111.328125	-54.456101
-15108.398438	-53.782758
-15105.468750	-53.154442
-15102.539062	-54.020423
-15099.609375	-53.592809
-15096.679688	-52.902327
-15093.750000	-53.675736
-15090.820312	-54.231668
-15087.890625	-54.117379
-15084.960938	-53.664529
-15082.031250	-54.205114
-15079.101562	-53.620038
-15076.171875	-53.665421
-15073.242188	-53.337445
-15070.312500	-54.571384
-15067.382812	-55.762125
-15064.453125	-54.937390
-15061.523438	-54.644379
-15058.593750	-54.540700
-15055.664062	-53.847792
-15052.734375	-53.807291
-15049.804688	-54.119188
-15046.875000	-54.110552
-15043.945312	-54.214513
-15041.015625	-54.636460
-15038.085938	-54.772700
-15035.156250	-54.391504
-15032.226562	-53.706826
-15029.296875	-53.749685
-15026.367188	-53.726842
-15023.437500	-54.365464
-15020.507812	-54.942994
-15017.578125	-55.098285
-15014.648438	-54.201284
-15011.718750	-53.048404
-15008.789062	-53.123159
-15005.859375	-53.651822
-15002.929688	-53.887433
-15000.000000	-54.423417
-14997.070312	-53.641807
-14994.140625	-53.789893
-14991.210938	-53.725866
-14988.281250	-54.745913
-14985.351562	-54.918900
-14982.421875	-54.210981
-14979.492188	-54.231321
-14976.562500	-53.490823
-14973.632812	-54.148016
-14970.703125	-54.551372
-14967.773438	-54.326952
-14964.843750	-53.572880
-14961.914062	-53.323952
-14958.984375	-53.784473
-14956.054688	-54.522135
-14953.125000	-54.281927
-14950.195312	-54.237201
-14947.265625	-54.553285
-14944.335938	-54.015914
-14941.406250	-53.350023
-14938.476562	-54.024496
-14935.546875	-54.344076
-14932.617188	-53.798305
-14929.687500	-54.468723
-14926.757812	-53.516992
-14923.828125	-53.625306
-14920.898438	-54.577337
-14917.968750	-55.197984
-14915.039062	-54.476936
-14912.109375	-53.962605
-14909.179688	-53.786025
-14906.250000	-54.400467
-14903.320312	-54.821793
-14900.390625	-55.557719
-14897.460938	-54.181816
-14894.531250	-54.346390
-14891.601562	-53.805069
-14888.671875	-53.567531
-14885.742188	-53.658035
-14882.812500	-53.581982
-14879.882812	-53.863024
-14876.953125	-54.050763
-14874.023438	-54.619408
-14871.093750	-54.432938
-14868.164062	-54.006558
-14865.234375	-54.802396
-14862.304688	-54.696652
-14859.375000	-53.779280
-14856.445312	-53.837493
-14853.515625	-54.151338
-14850.585938	-53.840402
-14847.656250	-53.779290
-14844.726562	-54.111890
-14841.796875	-54.384055
-14838.867188	-54.329873
-14835.937500	-54.367474
-14833.007812	-54.205214
-14830.078125	-54.396884
-14827.148438	-53.855101
-14824.218750	-54.573642
-14821.289062	-54.163159
-14818.359375	-53.468605
-14815.429688	-53.478239
-14812.500000	-54.093421
-14809.570312	-54.274985
-14806.640625	-54.074030
-14803.710938	-54.259657
-14800.781250	-54.648579
-14797.851562	-53.874456
-14794.921875	-54.540303
-14791.992188	-54.364987
-14789.062500	-54.917191
-14786.132812	-54.892624
-14783.203125	-54.000957
-14780.273438	-55.659032
-14777.343750	-55.399698
-14774.414062	-54.327330
-14771.484375	-54.695342
-14768.554688	-54.663826
-14765.625000	-54.178496
-14762.695312	-53.924095
-14759.765625	-54.016437
-14756.835938	-54.750989
-14753.906250	-55.445531
-14750.976562	-55.349638
-14748.046875	-55.428140
-14745.117188	-54.736298
-14742.187500	-54.395676
-14739.257812	-54.931213
-14736.328125	-55.181716
-14733.398438	-55.323664
-14730.468750	-55.123592
-14727.539062	-53.517798
-14724.609375	-54.129502
-14721.679688	-54.457224
-14718.750000	-53.760648
-14715.820312	-54.203568
-14712.890625	-54.721694
-14709.960938	-55.027613
-14707.031250	-54.198556
-14704.101562	-53.955277
-14701.171875	-54.133997
-14698.242188	-54.215586
-14695.312500	-53.974999
-14692.382812	-54.088121
-14689.453125	-54.663949
-14686.523438	-54.678225
-14683.593750	-54.249501
-14680.664062	-54.720277
-14677.734375	-54.805449
-14674.804688	-54.073075
-14671.875000	-53.382080
-14668.945312	-52.619766
-14666.015625	-53.637934
-14663.085938	-54.579313
-14660.156250	-54.586537
-14657.226562	-55.282120
-14654.296875	-54.992638
-14651.367188	-53.682122
-14648.437500	-54.400924
-14645.507812	-53.852387
-14642.578125	-54.229658
-14639.648438	-54.933727
-14636.718750	-54.631925
-14633.789062	-54.742170
-14630.859375	-54.184048
-14627.929688	-54.702227
-14625.000000	-54.580833
-14622.070312	-54.114772
-14619.140625	-53.278766
-14616.210938	-54.396878
-14613.281250	-54.769856
-14610.351562	-54.634994
-14607.421875	-54.940002
-14604.492188	-54.330512
-14601.562500	-54.352705
-14598.632812	-54.419440
-14595.703125	-54.429046
-14592.773438	-53.685610
-14589.843750	-53.218807
-14586.914062	-53.361389
-14583.984375	-53.470621
-14581.054688	-53.846515
-14578.125000	-54.791307
-14575.195312	-53.368391
-14572.265625	-53.194364
-14569.335938	-54.093623
-14566.406250	-54.936568
-14563.476562	-54.331737
-14560.546875	-53.743607
-14557.617188	-53.179885
-14554.687500	-54.368065
-14551.757812	-54.837910
-14548.828125	-55.724199
-14545.898438	-55.074722
-14542.968750	-55.091715
-14540.039062	-54.688111
-14537.109375	-54.503107
-14534.179688	-54.748956
-14531.250000	-54.355686
-14528.320312	-54.614824
-14525.390625	-53.668029
-14522.460938	-54.471538
-14519.531250	-54.906188
-14516.601562	-54.824206
-14513.671875	-55.549455
-14510.742188	-55.495730
-14507.812500	-53.983850
-14504.882812	-52.660135
-14501.953125	-53.488373
-14499.023438	-53.715655
-14496.093750	-54.637123
-14493.164062	-54.848363
-14490.234375	-55.048224
-14487.304688	-55.403532
-14484.375000	-54.580736
-14481.445312	-54.778330
-14478.515625	-54.224924
-14475.585938	-54.434135
-14472.656250	-54.489107
-14469.726562	-54.627812
-14466.796875	-54.209698
-14463.867188	-53.556694
-14460.937500	-53.946068
-14458.007812	-52.930700
-14455.078125	-53.969672
-14452.148438	-54.737947
-14449.218750	-53.828093
-14446.289062	-53.193277
-14443.359375	-53.847582
-14440.429688	-55.461863
-14437.500000	-54.916009
-14434.570312	-55.202253
-14431.640625	-54.483964
-14428.710938	-53.908573
-14425.781250	-53.800842
-14422.851562	-54.712414
-14419.921875	-55.107162
-14416.992188	-54.928066
-14414.062500	-53.872989
-14411.132812	-53.523799
-14408.203125	-53.477586
-14405.273438	-54.614631
-14402.343750	-54.487599
-14399.414062	-54.164491
-14396.484375	-54.037672
-14393.554688	-53.962560
-14390.625000	-55.176006
-14387.695312	-55.834374
-14384.765625	-54.338018
-14381.835938	-54.798521
-14378.906250	-54.468286
-14375.976562	-53.607984
-14373.046875	-53.998721
-14370.117188	-54.137025
-14367.187500	-53.881963
-14364.257812	-54.841211
-14361.328125	-54.906538
-14358.398438	-53.623873
-14355.468750	-54.274760
-14352.539062	-55.255418
-14349.609375	-55.210541
-14346.679688	-55.049291
-14343.750000	-55.152643
-14340.820312	-53.331867
-14337.890625	-53.094724
-14334.960938	-52.778291
-14332.031250	-53.262593
-14329.101562	-54.413111
-14326.171875	-55.306254
-14323.242188	-55.500948
-14320.312500	-54.302887
-14317.382812	-54.160412
-14314.453125	-53.792284
-14311.523438	-54.161323
-14308.593750	-54.647132
-14305.664062	-54.233981
-14302.734375	-55.189548
-14299.804688	-54.596858
-14296.875000	-54.761055
-14293.945312	-54.590102
-14291.015625	-53.798272
-14288.085938	-54.430912
-14285.156250	-54.494317
-14282.226562	-54.851930
-14279.296875	-55.723944
-14276.367188	-53.722665
-14273.437500	-53.228485
-14270.507812	-53.548624
-14267.578125	-53.907919
-14264.648438	-53.422953
-14261.718750	-53.296785
-14258.789062	-54.654797
-14255.859375	-53.866465
-14252.929688	-53.870055
-14250.000000	-54.522188
-14247.070312	-55.300751
-14244.140625	-55.177311
-14241.210938	-54.196137
-14238.281250	-54.181183
-14235.351562	-53.408994
-14232.421875	-54.379023
-14229.492188	-55.073055
-14226.562500	-55.249576
-14223.632812	-54.134712
-14220.703125	-53.187709
-14217.773438	-53.674621
-14214.843750	-53.949011
-14211.914062	-53.488617
-14208.984375	-54.577141
-14206.054688	-54.690772
-14203.125000	-54.208756
-14200.195312	-53.858259
-14197.265625	-54.595058
-14194.335938	-54.648489
-14191.406250	-53.941370
-14188.476562	-53.400942
-14185.546875	-54.054832
-14182.617188	-54.121883
-14179.687500	-53.237004
-14176.757812	-52.514213
-14173.828125	-53.046480
-14170.898438	-53.620263
-14167.968750	-53.975340
-14165.039062	-53.567420
-14162.109375	-53.666387
-14159.179688	-52.918706
-14156.250000	-52.570044
-14153.320312	-53.310711
-14150.390625	-53.700471
-14147.460938	-53.225640
-14144.531250	-52.697389
-14141.601562	-53.533114
-14138.671875	-54.196923
-14135.742188	-54.517752
-14132.812500	-53.771832
-14129.882812	-53.702104
-14126.953125	-54.221214
-14124.023438	-53.055375
-14121.093750	-53.701691
-14118.164062	-54.598443
-14115.234375	-54.999238
-14112.304688	-54.378039
-14109.375000	-54.117237
-14106.445312	-54.917320
-14103.515625	-55.151883
-14100.585938	-55.197712
-14097.656250	-54.799973
-14094.726562	-54.774628
-14091.796875	-53.998938
-14088.867188	-53.852783
-14085.937500	-53.467790
-14083.007812	-53.445509
-14080.078125	-54.352235
-14077.148438	-54.208715
-14074.218750	-54.865997
-14071.289062	-54.844530
-14068.359375	-54.270660
-14065.429688	-54.430860
-14062.500000	-54.174444
-14059.570312	-55.087759
-14056.640625	-55.180441
-14053.710938	-53.753606
-14050.781250	-53.616278
-14047.851562	-53.742860
-14044.921875	-53.873721
-14041.992188	-53.719042
-14039.062500	-54.247724
-14036.132812	-54.179184
-14033.203125	-54.622606
-14030.273438	-54.626479
-14027.343750	-53.858078
-14024.414062	-53.740892
-14021.484375	-54.415557
-14018.554688	-53.608111
-14015.625000	-53.655614
-14012.695312	-53.701823
-14009.765625	-53.852278
-14006.835938	-53.576521
-14003.906250	-54.363014
-14000.976562	-53.916281
-13998.046875	-52.698867
-13995.117188	-53.291424
-13992.187500	-54.236582
-13989.257812	-54.375207
-13986.328125	-53.579138
-13983.398438	-54.454936
-13980.468750	-55.420272
-13977.539062	-55.435577
-13974.609375	-54.500317
-13971.679688	-54.027387
-13968.750000	-53.439181
-13965.820312	-54.122283
-13962.890625	-53.930352
-13959.960938	-54.462727
-13957.031250	-53.598484
-13954.101562	-53.747111
-13951.171875	-53.215699
-13948.242188	-53.670593
-13945.312500	-53.267001
-13942.382812	-53.925532
-13939.453125	-53.373932
-13936.523438	-53.889976
-13933.593750	-54.092162
-13930.664062	-53.427514
-13927.734375	-54.457506
-13924.804688	-54.398684
-13921.875000	-54.927295
-13918.945312	-54.476785
-13916.015625	-54.451577
-13913.085938	-54.121428
-13910.156250	-54.245445
-13907.226562	-55.201365
-13904.296875	-54.511064
-13901.367188	-54.293454
-13898.437500	-53.520375
-13895.507812	-53.529474
-13892.578125	-54.203215
-13889.648438	-53.554587
-13886.718750	-54.025840
-13883.789062	-53.901569
-13880.859375	-54.224447
-13877.929688	-54.039652
-13875.000000	-54.040905
-13872.070312	-54.156708
-13869.140625	-53.759087
-13866.210938	-54.466184
-13863.281250	-55.259443
-13860.351562	-54.590234
-13857.421875	-54.661218
-13854.492188	-54.410026
-13851.562500	-54.786926
-13848.632812	-54.965767
-13845.703125	-54.478624
-13842.773438	-54.698098
-13839.843750	-55.070736
-13836.914062	-54.272591
-13833.984375	-54.149423
-13831.054688	-53.234422
-13828.125000	-54.346070
-13825.195312	-54.338937
-13822.265625	-54.566552
-13819.335938	-55.459072
-13816.406250	-56.103437
-13813.476562	-54.419264
-13810.546875	-54.151163
-13807.617188	-54.058845
-13804.687500	-54.493678
-13801.757812	-53.921336
-13798.828125	-53.710453
-13795.898438	-53.863861
-13792.968750	-53.156674
-13790.039062	-54.203894
-13787.109375	-54.515141
-13784.179688	-54.299888
-13781.250000	-54.164971
-13778.320312	-54.477889
-13775.390625	-54.113485
-13772.460938	-54.135676
-13769.531250	-54.573017
-13766.601562	-54.922896
-13763.671875	-54.818448
-13760.742188	-53.667471
-13757.812500	-54.370640
-13754.882812	-54.466452
-13751.953125	-53.468945
-13749.023438	-53.389228
-13746.093750	-53.524605
-13743.164062	-53.923675
-13740.234375	-53.111940
-13737.304688	-53.435220
-13734.375000	-54.665927
-13731.445312	-54.652150
-13728.515625	-54.159037
-13725.585938	-53.846896
-13722.656250	-54.484694
-13719.726562	-53.862668
-13716.796875	-53.658000
-13713.867188	-53.761280
-13710.937500	-53.855957
-13708.007812	-54.365576
-13705.078125	-54.575007
-13702.148438	-54.196491
-13699.218750	-53.400325
-13696.289062	-54.262991
-13693.359375	-53.546136
-13690.429688	-53.573726
-13687.500000	-54.178751
-13684.570312	-55.229063
-13681.640625	-53.831400
-13678.710938	-53.594379
-13675.781250	-54.518027
-13672.851562	-53.575735
-13669.921875	-53.856268
-13666.992188	-53.648707
-13664.062500	-54.616172
-13661.132812	-53.409503
-13658.203125	-54.838179
-13655.273438	-54.398307
-13652.343750	-54.370654
-13649.414062	-54.854778
-13646.484375	-55.465119
-13643.554688	-54.146334
-13640.625000	-53.389880
-13637.695312	-53.514805
-13634.765625	-54.354861
-13631.835938	-54.798337
-13628.906250	-53.432516
-13625.976562	-52.933192
-13623.046875	-53.695831
-13620.117188	-54.052663
-13617.187500	-54.060639
-13614.257812	-54.502990
-13611.328125	-55.184367
-13608.398438	-54.666572
-13605.468750	-53.488104
-13602.539062	-55.165617
-13599.609375	-54.301046
-13596.679688	-53.529668
-13593.750000	-54.527522
-13590.820312	-54.509020
-13587.890625	-53.182277
-13584.960938	-52.560147
-13582.031250	-53.659718
-13579.101562	-54.583461
-13576.171875	-54.335441
-13573.242188	-53.990120
-13570.312500	-53.624672
-13567.382812	-53.082012
-13564.453125	-53.631082
-13561.523438	-53.484573
-13558.593750	-53.573344
-13555.664062	-53.798448
-13552.734375	-54.350441
-13549.804688	-54.245419
-13546.875000	-54.390354
-13543.945312	-53.676722
-13541.015625	-53.582153
-13538.085938	-53.072248
-13535.156250	-53.128605
-13532.226562	-54.130594
-13529.296875	-53.695323
-13526.367188	-54.294566
-13523.437500	-54.143260
-13520.507812	-54.830718
-13517.578125	-53.884486
-13514.648438	-54.221443
-13511.718750	-53.678801
-13508.789062	-53.093528
-13505.859375	-52.494615
-13502.929688	-53.950657
-13500.000000	-54.151084
-13497.070312	-53.750507
-13494.140625	-54.368508
-13491.210938	-53.545653
-13488.281250	-53.937172
-13485.351562	-54.448066
-13482.421875	-53.555533
-13479.492188	-53.960538
-13476.562500	-53.501578
-13473.632812	-53.143648
-13470.703125	-53.754740
-13467.773438	-53.479028
-13464.843750	-53.572919
-13461.914062	-54.361739
-13458.984375	-54.844723
-13456.054688	-54.546249
-13453.125000	-53.965997
-13450.195312	-54.531650
-13447.265625	-53.517755
-13444.335938	-52.402760
-13441.406250	-53.525405
-13438.476562	-53.786974
-13435.546875	-53.063430
-13432.617188	-53.864954
-13429.687500	-53.057024
-13426.757812	-53.025170
-13423.828125	-53.598162
-13420.898438	-53.365136
-13417.968750	-53.860087
-13415.039062	-53.394280
-13412.109375	-53.455383
-13409.179688	-53.338718
-13406.250000	-52.420873
-13403.320312	-53.895949
-13400.390625	-53.946228
-13397.460938	-53.504088
-13394.531250	-53.075748
-13391.601562	-52.782409
-13388.671875	-53.560067
-13385.742188	-54.394464
-13382.812500	-52.739994
-13379.882812	-52.549567
-13376.953125	-53.050063
-13374.023438	-53.306311
-13371.093750	-52.778106
-13368.164062	-54.116856
-13365.234375	-54.419453
-13362.304688	-54.079625
-13359.375000	-53.846754
-13356.445312	-53.954030
-13353.515625	-54.726060
-13350.585938	-54.333957
-13347.656250	-53.341133
-13344.726562	-53.308976
-13341.796875	-54.061074
-13338.867188	-54.075369
-13335.937500	-54.473361
-13333.007812	-53.945190
-13330.078125	-53.124190
-13327.148438	-53.342650
-13324.218750	-53.448488
-13321.289062	-54.018700
-13318.359375	-54.513157
-13315.429688	-54.047276
-13312.500000	-53.817550
-13309.570312	-54.906470
-13306.640625	-53.188547
-13303.710938	-52.582109
-13300.781250	-53.591547
-13297.851562	-53.974646
-13294.921875	-53.642127
-13291.992188	-54.162090
-13289.062500	-53.877777
-13286.132812	-53.853055
-13283.203125	-53.544149
-13280.273438	-53.569228
-13277.343750	-52.951725
-13274.414062	-52.949987
-13271.484375	-53.675639
-13268.554688	-54.487022
-13265.625000	-53.528929
-13262.695312	-53.213142
-13259.765625	-53.771878
-13256.835938	-53.939412
-13253.906250	-53.662419
-13250.976562	-53.492770
-13248.046875	-54.490121
-13245.117188	-53.990324
-13242.187500	-53.756741
-13239.257812	-53.459765
-13236.328125	-53.816580
-13233.398438	-53.815799
-13230.468750	-53.662731
-13227.539062	-53.441259
-13224.609375	-53.323836
-13221.679688	-53.955913
-13218.750000	-53.106306
-13215.820312	-53.633429
-13212.890625	-54.483330
-13209.960938	-53.786109
-13207.031250	-53.481783
-13204.101562	-53.113874
-13201.171875	-53.278445
-13198.242188	-53.755852
-13195.312500	-53.014947
-13192.382812	-53.688716
-13189.453125	-55.144706
-13186.523438	-53.266077
-13183.593750	-53.315109
-13180.664062	-54.092076
-13177.734375	-53.999743
-13174.804688	-52.733833
-13171.875000	-53.378030
-13168.945312	-53.275731
-13166.015625	-53.278522
-13163.085938	-53.276967
-13160.156250	-52.747665
-13157.226562	-53.232020
-13154.296875	-53.682016
-13151.367188	-53.689093
-13148.437500	-54.385819
-13145.507812	-54.317546
-13142.578125	-55.069661
-13139.648438	-53.682819
-13136.718750	-54.073945
-13133.789062	-54.634924
-13130.859375	-54.383027
-13127.929688	-54.090820
-13125.000000	-53.500895
-13122.070312	-53.628938
-13119.140625	-54.301478
-13116.210938	-54.644444
-13113.281250	-53.664744
-13110.351562	-52.777778
-13107.421875	-52.827196
-13104.492188	-54.081937
-13101.562500	-54.032885
-13098.632812	-54.106309
-13095.703125	-54.144113
-13092.773438	-54.249193
-13089.843750	-54.799987
-13086.914062	-54.944999
-13083.984375	-54.801817
-13081.054688	-54.675937
-13078.125000	-53.794960
-13075.195312	-54.320413
-13072.265625	-53.337730
-13069.335938	-53.806471
-13066.406250	-55.582811
-13063.476562	-54.821562
-13060.546875	-54.766766
-13057.617188	-53.589660
-13054.687500	-53.243066
-13051.757812	-53.235164
-13048.828125	-53.659942
-13045.898438	-53.679614
-13042.968750	-53.654730
-13040.039062	-52.840713
-13037.109375	-52.398706
-13034.179688	-53.163106
-13031.250000	-53.327213
-13028.320312	-53.754000
-13025.390625	-53.500669
-13022.460938	-53.632853
-13019.531250	-54.099554
-13016.601562	-53.852208
-13013.671875	-54.397396
-13010.742188	-55.121461
-13007.812500	-53.992371
-13004.882812	-53.812186
-13001.953125	-53.528072
-12999.023438	-53.658270
-12996.093750	-53.843836
-12993.164062	-53.528596
-12990.234375	-53.530333
-12987.304688	-53.111504
-12984.375000	-53.235157
-12981.445312	-53.834703
-12978.515625	-53.155738
-12975.585938	-53.127843
-12972.656250	-53.934022
-12969.726562	-53.468445
-12966.796875	-52.410518
-12963.867188	-52.760712
-12960.937500	-54.643531
-12958.007812	-54.526662
-12955.078125	-53.208193
-12952.148438	-53.833331
-12949.218750	-53.853578
-12946.289062	-54.225608
-12943.359375	-53.395093
-12940.429688	-52.713361
-12937.500000	-54.579718
-12934.570312	-53.300885
-12931.640625	-53.464717
-12928.710938	-54.736678
-12925.781250	-54.330394
-12922.851562	-54.399293
-12919.921875	-54.224481
-12916.992188	-54.428630
-12914.062500	-53.806655
-12911.132812	-52.468698
-12908.203125	-52.841002
-12905.273438	-52.905529
-12902.343750	-53.003098
-12899.414062	-54.389165
-12896.484375	-53.704915
-12893.554688	-53.476248
-12890.625000	-54.137080
-12887.695312	-53.447125
-12884.765625	-54.031870
-12881.835938	-53.824616
-12878.906250	-53.554893
-12875.976562	-55.093402
-12873.046875	-55.156605
-12870.117188	-54.714310
-12867.187500	-54.540731
-12864.257812	-54.178874
-12861.328125	-54.636964
-12858.398438	-53.681239
-12855.468750	-53.378471
-12852.539062	-54.648822
-12849.609375	-54.313938
-12846.679688	-53.936810
-12843.750000	-53.534409
-12840.820312	-53.311025
-12837.890625	-52.663648
-12834.960938	-52.855493
-12832.031250	-53.455355
-12829.101562	-54.192226
-12826.171875	-54.394325
-12823.242188	-53.596688
-12820.312500	-53.968120
-12817.382812	-54.985800
-12814.453125	-54.255225
-12811.523438	-53.930260
-12808.593750	-53.745417
-12805.664062	-53.766032
-12802.734375	-52.350553
-12799.804688	-52.790107
-12796.875000	-54.164495
-12793.945312	-53.554966
-12791.015625	-53.131327
-12788.085938	-54.367184
-12785.156250	-54.813447
-12782.226562	-53.883762
-12779.296875	-55.072648
-12776.367188	-53.942115
-12773.437500	-53.373505
-12770.507812	-53.999588
-12767.578125	-53.945493
-12764.648438	-54.152109
-12761.718750	-54.655151
-12758.789062	-54.128271
-12755.859375	-53.422807
-12752.929688	-53.527852
-12750.000000	-54.257740
-12747.070312	-54.824978
-12744.140625	-53.794841
-12741.210938	-53.079518
-12738.281250	-54.250488
-12735.351562	-53.900323
-12732.421875	-53.670976
-12729.492188	-53.017132
-12726.562500	-52.876853
-12723.632812	-52.768405
-12720.703125	-53.851481
-12717.773438	-53.904306
-12714.843750	-52.766166
-12711.914062	-52.790536
-12708.984375	-53.466408
-12706.054688	-54.384468
-12703.125000	-53.888063
-12700.195312	-53.873388
-12697.265625	-53.775388
-12694.335938	-53.428189
-12691.406250	-53.284758
-12688.476562	-53.571578
-12685.546875	-52.624555
-12682.617188	-54.058469
-12679.687500	-54.729600
-12676.757812	-55.014931
-12673.828125	-53.656923
-12670.898438	-53.589830
-12667.968750	-54.689777
-12665.039062	-53.659309
-12662.109375	-53.494777
-12659.179688	-54.377459
-12656.250000	-54.368942
-12653.320312	-54.255704
-12650.390625	-53.613688
-12647.460938	-53.315674
-12644.531250	-53.019804
-12641.601562	-53.225033
-12638.671875	-52.785661
-12635.742188	-54.309933
-12632.812500	-54.112649
-12629.882812	-54.650449
-12626.953125	-53.540724
-12624.023438	-52.614363
-12621.093750	-53.573290
-12618.164062	-54.106663
-12615.234375	-53.765909
-12612.304688	-53.373126
-12609.375000	-53.883205
-12606.445312	-53.225637
-12603.515625	-53.554608
-12600.585938	-54.068239
-12597.656250	-54.962875
-12594.726562	-55.104416
-12591.796875	-53.979437
-12588.867188	-53.156539
-12585.937500	-52.543357
-12583.007812	-53.764157
-12580.078125	-53.517174
-12577.148438	-53.531794
-12574.218750	-53.330230
-12571.289062	-54.303502
-12568.359375	-54.068226
-12565.429688	-52.931801
-12562.500000	-53.781890
-12559.570312	-53.932204
-12556.640625	-53.619124
-12553.710938	-54.401790
-12550.781250	-54.068301
-12547.851562	-53.361000
-12544.921875	-52.800271
-12541.992188	-53.122712
-12539.062500	-53.572006
-12536.132812	-54.314151
-12533.203125	-53.899387
-12530.273438	-52.836921
-12527.343750	-53.639833
-12524.414062	-55.375241
-12521.484375	-54.359601
-12518.554688	-53.610301
-12515.625000	-54.166806
-12512.695312	-54.306529
-12509.765625	-53.481931
-12506.835938	-53.930337
-12503.906250	-53.197308
-12500.976562	-52.788337
-12498.046875	-52.736357
-12495.117188	-53.231335
-12492.187500	-53.459323
-12489.257812	-53.326307
-12486.328125	-54.178397
-12483.398438	-53.848666
-12480.468750	-53.673438
-12477.539062	-54.522244
-12474.609375	-53.971586
-12471.679688	-54.552499
-12468.750000	-54.268820
-12465.820312	-53.479415
-12462.890625	-53.240367
-12459.960938	-52.835264
-12457.031250	-52.842983
-12454.101562	-53.384132
-12451.171875	-54.393962
-12448.242188	-53.893891
-12445.312500	-53.033305
-12442.382812	-53.879045
-12439.453125	-53.808170
-12436.523438	-54.455730
-12433.593750	-53.920567
-12430.664062	-54.043037
-12427.734375	-54.924941
-12424.804688	-55.228794
-12421.875000	-53.872269
-12418.945312	-54.377090
-12416.015625	-54.112718
-12413.085938	-53.968422
-12410.156250	-53.512955
-12407.226562	-52.640428
-12404.296875	-52.578956
-12401.367188	-52.729850
-12398.437500	-53.321961
-12395.507812	-53.922163
-12392.578125	-53.592996
-12389.648438	-54.622426
-12386.718750	-54.670780
-12383.789062	-53.592647
-12380.859375	-54.325639
-12377.929688	-54.564320
-12375.000000	-53.729461
-12372.070312	-53.626510
-12369.140625	-52.913072
-12366.210938	-54.838612
-12363.281250	-54.509641
-12360.351562	-54.912247
-12357.421875	-54.016290
-12354.492188	-53.916351
-12351.562500	-53.773611
-12348.632812	-54.513880
-12345.703125	-55.508851
-12342.773438	-55.121469
-12339.843750	-53.483488
-12336.914062	-52.916709
-12333.984375	-54.596177
-12331.054688	-54.970220
-12328.125000	-53.635690
-12325.195312	-54.402291
-12322.265625	-54.019908
-12319.335938	-53.123926
-12316.406250	-53.593031
-12313.476562	-54.143749
-12310.546875	-53.000055
-12307.617188	-54.271433
-12304.687500	-55.649666
-12301.757812	-55.412500
-12298.828125	-53.795904
-12295.898438	-53.861187
-12292.968750	-54.109907
-12290.039062	-54.102659
-12287.109375	-54.452301
-12284.179688	-54.650469
-12281.250000	-55.038968
-12278.320312	-54.094387
-12275.390625	-53.697423
-12272.460938	-53.694088
-12269.531250	-53.106803
-12266.601562	-52.551873
-12263.671875	-53.236048
-12260.742188	-53.877827
-12257.812500	-54.365056
-12254.882812	-54.397292
-12251.953125	-54.028067
-12249.023438	-54.054371
-12246.093750	-53.772568
-12243.164062	-54.019355
-12240.234375	-54.924449
-12237.304688	-54.058524
-12234.375000	-53.346881
-12231.445312	-53.153788
-12228.515625	-53.370845
-12225.585938	-52.836463
-12222.656250	-53.467177
-12219.726562	-53.637177
-12216.796875	-53.173826
-12213.867188	-53.110167
-12210.937500	-52.386006
-12208.007812	-53.410639
-12205.078125	-53.156140
-12202.148438	-53.007006
-12199.218750	-52.588707
-12196.289062	-54.166047
-12193.359375	-54.897139
-12190.429688	-54.128121
-12187.500000	-53.789244
-12184.570312	-53.705218
-12181.640625	-53.148746
-12178.710938	-53.312781
-12175.781250	-53.684609
-12172.851562	-54.050634
-12169.921875	-53.449054
-12166.992188	-53.596985
-12164.062500	-53.530806
-12161.132812	-54.732684
-12158.203125	-53.830672
-12155.273438	-52.197606
-12152.343750	-51.793402
-12149.414062	-53.348398
-12146.484375	-54.169046
-12143.554688	-53.239208
-12140.625000	-53.323994
-12137.695312	-54.555175
-12134.765625	-55.122820
-12131.835938	-54.085910
-12128.906250	-54.154886
-12125.976562	-53.766287
-12123.046875	-52.656412
-12120.117188	-52.671549
-12117.187500	-53.481366
-12114.257812	-54.922646
-12111.328125	-55.056379
-12108.398438	-54.190970
-12105.468750	-53.604684
-12102.539062	-53.501580
-12099.609375	-55.189955
-12096.679688	-54.962031
-12093.750000	-53.782276
-12090.820312	-52.687624
-12087.890625	-53.347317
-12084.960938	-53.574239
-12082.031250	-53.475789
-12079.101562	-53.779160
-12076.171875	-53.908567
-12073.242188	-53.706569
-12070.312500	-54.181266
-12067.382812	-54.645520
-12064.453125	-54.367329
-12061.523438	-53.998285
-12058.593750	-53.883825
-12055.664062	-54.025648
-12052.734375	-54.449594
-12049.804688	-53.932317
-12046.875000	-54.710358
-12043.945312	-54.184779
-12041.015625	-54.193738
-12038.085938	-54.344080
-12035.156250	-53.983267
-12032.226562	-54.146423
-12029.296875	-53.759464
-12026.367188	-54.845623
-12023.437500	-55.105442
-12020.507812	-53.949449
-12017.578125	-53.473135
-12014.648438	-53.694604
-12011.718750	-53.753156
-12008.789062	-53.262250
-12005.859375	-54.532541
-12002.929688	-53.698047
-12000.000000	-53.298199
-11997.070312	-54.228811
-11994.140625	-54.528090
-11991.210938	-53.299907
-11988.281250	-53.318740
-11985.351562	-53.936735
-11982.421875	-54.110780
-11979.492188	-53.297611
-11976.562500	-53.381580
-11973.632812	-54.541508
-11970.703125	-54.780243
-11967.773438	-54.041591
-11964.843750	-54.327578
-11961.914062	-53.838960
-11958.984375	-55.007805
-11956.054688	-54.704120
-11953.125000	-54.600939
-11950.195312	-54.806911
-11947.265625	-54.628336
-11944.335938	-54.413136
-11941.406250	-53.502083
-11938.476562	-53.157653
-11935.546875	-53.902217
-11932.617188	-54.449257
-11929.687500	-54.284566
-11926.757812	-54.276083
-11923.828125	-54.191875
-11920.898438	-53.084364
-11917.968750	-53.977424
-11915.039062	-54.419994
-11912.109375	-54.084568
-11909.179688	-53.707770
-11906.250000	-53.896298
-11903.320312	-53.534593
-11900.390625	-52.892723
-11897.460938	-53.505253
-11894.531250	-52.744759
-11891.601562	-54.068146
-11888.671875	-53.785491
-11885.742188	-53.797901
-11882.812500	-55.392998
-11879.882812	-53.674263
-11876.953125	-53.022515
-11874.023438	-54.013601
-11871.093750	-54.951990
-11868.164062	-54.774971
-11865.234375	-52.974309
-11862.304688	-52.982431
-11859.375000	-54.652209
-11856.445312	-54.544613
-11853.515625	-54.222840
-11850.585938	-54.524223
-11847.656250	-54.411572
-11844.726562	-54.892768
-11841.796875	-54.670851
-11838.867188	-53.247262
-11835.937500	-53.645977
-11833.007812	-54.153051
-11830.078125	-54.607478
-11827.148438	-54.431669
-11824.218750	-54.768737
-11821.289062	-55.032304
-11818.359375	-53.968406
-11815.429688	-54.570152
-11812.500000	-54.372639
-11809.570312	-52.901982
-11806.640625	-53.678009
-11803.710938	-54.010129
-11800.781250	-53.659336
-11797.851562	-53.569836
-11794.921875	-53.875017
-11791.992188	-54.908347
-11789.062500	-53.853634
-11786.132812	-52.550191
-11783.203125	-53.740517
-11780.273438	-53.853997
-11777.343750	-54.138214
-11774.414062	-53.862045
-11771.484375	-53.729778
-11768.554688	-53.544023
-11765.625000	-53.458396
-11762.695312	-53.917288
-11759.765625	-54.244646
-11756.835938	-55.070982
-11753.906250	-54.397825
-11750.976562	-53.162881
-11748.046875	-53.333673
-11745.117188	-54.041074
-11742.187500	-53.996319
-11739.257812	-54.314423
-11736.328125	-53.945152
-11733.398438	-53.843558
-11730.468750	-54.693629
-11727.539062	-54.568087
-11724.609375	-53.439351
-11721.679688	-53.785378
-11718.750000	-54.189455
-11715.820312	-54.117434
-11712.890625	-53.652884
-11709.960938	-53.392472
-11707.031250	-53.879755
-11704.101562	-54.027490
-11701.171875	-54.223822
-11698.242188	-54.671537
-11695.312500	-54.813362
-11692.382812	-54.414098
-11689.453125	-54.361370
-11686.523438	-53.936990
-11683.593750	-54.600012
-11680.664062	-53.713212
-11677.734375	-52.521350
-11674.804688	-52.850000
-11671.875000	-54.431359
-11668.945312	-53.979227
-11666.015625	-54.303070
-11663.085938	-54.285376
-11660.156250	-54.237157
-11657.226562	-54.107460
-11654.296875	-54.900552
-11651.367188	-54.769377
-11648.437500	-53.900473
-11645.507812	-53.639693
-11642.578125	-54.399881
-11639.648438	-54.443645
-11636.718750	-54.318269
-11633.789062	-55.197767
-11630.859375	-54.101986
-11627.929688	-53.591731
-11625.000000	-54.299980
-11622.070312	-53.836434
-11619.140625	-53.132655
-11616.210938	-53.443644
-11613.281250	-53.932455
-11610.351562	-53.453985
-11607.421875	-54.735832
-11604.492188	-55.149703
-11601.562500	-55.548459
-11598.632812	-54.712863
-11595.703125	-53.572269
-11592.773438	-53.104826
-11589.843750	-53.855936
-11586.914062	-54.274927
-11583.984375	-54.358325
-11581.054688	-54.462396
-11578.125000	-54.011694
-11575.195312	-53.399028
-11572.265625	-53.239442
-11569.335938	-53.921930
-11566.406250	-53.713126
-11563.476562	-54.102995
-11560.546875	-54.108697
-11557.617188	-53.600068
-11554.687500	-54.376563
-11551.757812	-53.526971
-11548.828125	-52.696894
-11545.898438	-53.035735
-11542.968750	-53.555042
-11540.039062	-54.096563
-11537.109375	-53.772631
-11534.179688	-53.709641
-11531.250000	-54.035530
-11528.320312	-54.639197
-11525.390625	-54.858355
-11522.460938	-54.523568
-11519.531250	-53.678895
-11516.601562	-53.324630
-11513.671875	-53.031442
-11510.742188	-54.000521
-11507.812500	-53.949043
-11504.882812	-54.279898
-11501.953125	-54.447598
-11499.023438	-53.792070
-11496.093750	-53.514045
-11493.164062	-53.648243
-11490.234375	-54.206274
-11487.304688	-53.450384
-11484.375000	-54.074635
-11481.445312	-54.805724
-11478.515625	-54.133048
-11475.585938	-54.678863
-11472.656250	-54.483210
-11469.726562	-54.294815
-11466.796875	-53.205844
-11463.867188	-53.135258
-11460.937500	-54.373153
-11458.007812	-54.711017
-11455.078125	-53.400207
-11452.148438	-52.931554
-11449.218750	-54.089165
-11446.289062	-55.126395
-11443.359375	-54.191859
-11440.429688	-53.973193
-11437.500000	-54.414770
-11434.570312	-54.366420
-11431.640625	-53.810022
-11428.710938	-54.106222
-11425.781250	-54.020874
-11422.851562	-54.367873
-11419.921875	-53.822375
-11416.992188	-54.540421
-11414.062500	-54.375602
-11411.132812	-53.301746
-11408.203125	-54.953883
-11405.273438	-55.006761
-11402.343750	-55.163660
-11399.414062	-54.799276
-11396.484375	-54.642304
-11393.554688	-53.567031
-11390.625000	-53.702089
-11387.695312	-54.504324
-11384.765625	-54.307866
-11381.835938	-54.790019
-11378.906250	-53.763891
-11375.976562	-53.753303
-11373.046875	-54.207891
-11370.117188	-53.637406
-11367.187500	-53.971982
-11364.257812	-54.365346
-11361.328125	-53.657420
-11358.398438	-53.991340
-11355.468750	-54.124412
-11352.539062	-53.961276
-11349.609375	-53.671369
-11346.679688	-54.547250
-11343.750000	-55.064629
-11340.820312	-54.101077
-11337.890625	-54.224515
-11334.960938	-54.618138
-11332.031250	-55.386261
-11329.101562	-53.459913
-11326.171875	-53.752259
-11323.242188	-54.255540
-11320.312500	-54.400883
-11317.382812	-55.173612
-11314.453125	-53.092620
-11311.523438	-52.903965
-11308.593750	-54.121366
-11305.664062	-55.633908
-11302.734375	-55.622626
-11299.804688	-55.166713
-11296.875000	-53.715942
-11293.945312	-54.138504
-11291.015625	-54.752186
-11288.085938	-54.702923
-11285.156250	-54.835848
-11282.226562	-54.997253
-11279.296875	-55.425433
-11276.367188	-54.408937
-11273.437500	-54.075418
-11270.507812	-54.942137
-11267.578125	-54.687066
-11264.648438	-55.478765
-11261.718750	-54.632844
-11258.789062	-53.623723
-11255.859375	-53.004341
-11252.929688	-53.994947
-11250.000000	-54.326098
-11247.070312	-54.732949
-11244.140625	-54.749299
-11241.210938	-53.468346
-11238.281250	-54.135208
-11235.351562	-55.481790
-11232.421875	-55.030114
-11229.492188	-53.950288
-11226.562500	-53.246801
-11223.632812	-54.154882
-11220.703125	-53.060400
-11217.773438	-53.289552
-11214.843750	-54.367251
-11211.914062	-53.938886
-11208.984375	-53.300998
-11206.054688	-53.472960
-11203.125000	-53.633126
-11200.195312	-52.913016
-11197.265625	-52.286148
-11194.335938	-53.102870
-11191.406250	-53.628307
-11188.476562	-52.891762
-11185.546875	-54.238719
-11182.617188	-53.977621
-11179.687500	-53.233696
-11176.757812	-53.656940
-11173.828125	-54.484775
-11170.898438	-54.321458
-11167.968750	-53.595209
-11165.039062	-54.313302
-11162.109375	-54.852505
-11159.179688	-54.768342
-11156.250000	-54.036067
-11153.320312	-54.201080
-11150.390625	-54.956027
-11147.460938	-55.004649
-11144.531250	-53.853184
-11141.601562	-52.841002
-11138.671875	-53.289381
-11135.742188	-53.420791
-11132.812500	-53.966389
-11129.882812	-54.550189
-11126.953125	-54.192379
-11124.023438	-54.488661
-11121.093750	-54.334533
-11118.164062	-54.108148
-11115.234375	-53.972325
-11112.304688	-53.429503
-11109.375000	-54.023789
-11106.445312	-55.083513
-11103.515625	-54.588599
-11100.585938	-53.278904
-11097.656250	-53.016764
-11094.726562	-53.959865
-11091.796875	-54.948235
-11088.867188	-54.665958
-11085.937500	-53.188655
-11083.007812	-53.371149
-11080.078125	-55.014126
-11077.148438	-55.035065
-11074.218750	-54.132062
-11071.289062	-53.530547
-11068.359375	-54.550586
-11065.429688	-53.995237
-11062.500000	-54.273705
-11059.570312	-54.857581
-11056.640625	-55.020969
-11053.710938	-55.310023
-11050.781250	-54.463210
-11047.851562	-54.088277
-11044.921875	-54.259456
-11041.992188	-53.786022
-11039.062500	-54.236568
-11036.132812	-53.021091
-11033.203125	-53.549530
-11030.273438	-54.245921
-11027.343750	-54.769179
-11024.414062	-55.294159
-11021.484375	-54.503597
-11018.554688	-54.418545
-11015.625000	-54.780461
-11012.695312	-54.264179
-11009.765625	-54.626774
-11006.835938	-54.278090
-11003.906250	-54.388293
-11000.976562	-54.277375
-10998.046875	-54.461485
-10995.117188	-54.880316
-10992.187500	-54.467872
-10989.257812	-54.416693
-10986.328125	-55.303602
-10983.398438	-53.939668
-10980.468750	-54.230442
-10977.539062	-55.184610
-10974.609375	-53.954413
-10971.679688	-53.505634
-10968.750000	-54.367953
-10965.820312	-54.611531
-10962.890625	-53.617987
-10959.960938	-53.625505
-10957.031250	-54.469342
-10954.101562	-54.722248
-10951.171875	-53.523919
-10948.242188	-54.617595
-10945.312500	-53.851927
-10942.382812	-53.014835
-10939.453125	-53.844640
-10936.523438	-53.879714
-10933.593750	-53.613841
-10930.664062	-53.933061
-10927.734375	-55.349295
-10924.804688	-54.728605
-10921.875000	-53.269719
-10918.945312	-53.328154
-10916.015625	-53.516020
-10913.085938	-54.700672
-10910.156250	-53.884936
-10907.226562	-53.824633
-10904.296875	-54.328844
-10901.367188	-53.576058
-10898.437500	-53.125994
-10895.507812	-54.366183
-10892.578125	-53.640678
-10889.648438	-53.616217
-10886.718750	-54.188589
-10883.789062	-52.966337
-10880.859375	-53.534703
-10877.929688	-54.113311
-10875.000000	-54.930890
-10872.070312	-55.011889
-10869.140625	-54.180789
-10866.210938	-54.841482
-10863.281250	-55.187746
-10860.351562	-55.410484
-10857.421875	-54.300611
-10854.492188	-52.680457
-10851.562500	-53.209261
-10848.632812	-54.526289
-10845.703125	-55.237438
-10842.773438	-55.255540
-10839.843750	-54.760745
-10836.914062	-54.494184
-10833.984375	-54.305735
-10831.054688	-54.598299
-10828.125000	-54.001540
-10825.195312	-55.512328
-10822.265625	-54.710919
-10819.335938	-54.250939
-10816.406250	-54.344153
-10813.476562	-54.968171
-10810.546875	-54.382133
-10807.617188	-53.437085
-10804.687500	-54.234738
-10801.757812	-53.725536
-10798.828125	-54.664054
-10795.898438	-54.289328
-10792.968750	-54.895126
-10790.039062	-54.037112
-10787.109375	-53.515111
-10784.179688	-54.690446
-10781.250000	-54.776840
-10778.320312	-54.555707
-10775.390625	-55.435860
-10772.460938	-53.954334
-10769.531250	-53.147827
-10766.601562	-53.301200
-10763.671875	-52.682823
-10760.742188	-52.519659
-10757.812500	-53.213830
-10754.882812	-54.358835
-10751.953125	-54.139007
-10749.023438	-54.245621
-10746.093750	-54.997654
-10743.164062	-53.746068
-10740.234375	-53.547667
-10737.304688	-54.385497
-10734.375000	-54.409570
-10731.445312	-53.497968
-10728.515625	-53.843008
-10725.585938	-54.423043
-10722.656250	-53.643633
-10719.726562	-54.720142
-10716.796875	-54.747368
-10713.867188	-54.397609
-10710.937500	-55.217908
-10708.007812	-55.288918
-10705.078125	-54.314657
-10702.148438	-54.029792
-10699.218750	-54.389375
-10696.289062	-54.394977
-10693.359375	-54.213740
-10690.429688	-54.074818
-10687.500000	-52.921754
-10684.570312	-52.345466
-10681.640625	-53.427764
-10678.710938	-53.854420
-10675.781250	-53.542616
-10672.851562	-53.777801
-10669.921875	-53.674001
-10666.992188	-53.729656
-10664.062500	-53.413337
-10661.132812	-53.304959
-10658.203125	-53.815218
-10655.273438	-53.085240
-10652.343750	-53.500655
-10649.414062	-54.714529
-10646.484375	-55.188471
-10643.554688	-54.804774
-10640.625000	-54.516613
-10637.695312	-54.075324
-10634.765625	-53.544286
-10631.835938	-54.157708
-10628.906250	-55.013275
-10625.976562	-54.408707
-10623.046875	-54.468244
-10620.117188	-54.560090
-10617.187500	-53.525494
-10614.257812	-53.654357
-10611.328125	-54.364810
-10608.398438	-54.267428
-10605.468750	-54.372864
-10602.539062	-54.272758
-10599.609375	-54.335507
-10596.679688	-55.238728
-10593.750000	-54.213689
-10590.820312	-54.016734
-10587.890625	-54.389519
-10584.960938	-53.659179
-10582.031250	-53.617315
-10579.101562	-53.980636
-10576.171875	-54.348695
-10573.242188	-53.530494
-10570.312500	-55.413242
-10567.382812	-54.747742
-10564.453125	-53.684401
-10561.523438	-54.555619
-10558.593750	-54.968470
-10555.664062	-54.285184
-10552.734375	-53.705436
-10549.804688	-54.348691
-10546.875000	-55.293333
-10543.945312	-55.051643
-10541.015625	-54.864000
-10538.085938	-55.272853
-10535.156250	-54.338295
-10532.226562	-54.388264
-10529.296875	-54.874721
-10526.367188	-54.491102
-10523.437500	-54.941459
-10520.507812	-54.591593
-10517.578125	-54.645287
-10514.648438	-54.273931
-10511.718750	-54.612840
-10508.789062	-54.778888
-10505.859375	-54.529548
-10502.929688	-54.651050
-10500.000000	-53.904507
-10497.070312	-54.871259
-10494.140625	-54.444857
-10491.210938	-53.162419
-10488.281250	-54.042416
-10485.351562	-54.912039
-10482.421875	-54.647442
-10479.492188	-54.031438
-10476.562500	-53.757575
-10473.632812	-54.342977
-10470.703125	-55.089856
-10467.773438	-54.553142
-10464.843750	-54.123817
-10461.914062	-54.335778
-10458.984375	-53.714410
-10456.054688	-53.669888
-10453.125000	-54.289939
-10450.195312	-54.448380
-10447.265625	-53.202006
-10444.335938	-53.253461
-10441.406250	-54.668113
-10438.476562	-53.678033
-10435.546875	-53.589515
-10432.617188	-54.141587
-10429.687500	-54.710560
-10426.757812	-55.094055
-10423.828125	-54.471342
-10420.898438	-54.296731
-10417.968750	-54.112914
-10415.039062	-54.615614
-10412.109375	-54.960294
-10409.179688	-54.449018
-10406.250000	-54.538866
-10403.320312	-54.262688
-10400.390625	-53.849854
-10397.460938	-53.713658
-10394.531250	-54.081795
-10391.601562	-55.063239
-10388.671875	-54.436121
-10385.742188	-54.278045
-10382.812500	-53.574448
-10379.882812	-53.388717
-10376.953125	-54.506282
-10374.023438	-53.533415
-10371.093750	-53.102618
-10368.164062	-53.749926
-10365.234375	-54.610899
-10362.304688	-54.904451
-10359.375000	-54.356231
-10356.445312	-54.320832
-10353.515625	-54.014082
-10350.585938	-54.825768
-10347.656250	-55.162272
-10344.726562	-54.050473
-10341.796875	-53.962793
-10338.867188	-54.009830
-10335.937500	-53.788076
-10333.007812	-54.783503
-10330.078125	-55.594478
-10327.148438	-54.785758
-10324.218750	-53.650222
-10321.289062	-53.768123
-10318.359375	-54.229488
-10315.429688	-53.696945
-10312.500000	-53.912150
-10309.570312	-53.727869
-10306.640625	-53.515336
-10303.710938	-54.048212
-10300.781250	-53.568221
-10297.851562	-54.397164
-10294.921875	-54.071668
-10291.992188	-54.177511
-10289.062500	-54.088047
-10286.132812	-55.385147
-10283.203125	-54.440033
-10280.273438	-53.669695
-10277.343750	-54.212543
-10274.414062	-54.316357
-10271.484375	-53.525184
-10268.554688	-53.944565
-10265.625000	-55.493766
-10262.695312	-54.608674
-10259.765625	-53.889417
-10256.835938	-54.671302
-10253.906250	-54.052793
-10250.976562	-53.701901
-10248.046875	-54.324328
-10245.117188	-54.639814
-10242.187500	-54.323603
-10239.257812	-54.077314
-10236.328125	-54.216071
-10233.398438	-55.754635
-10230.468750	-55.203216
-10227.539062	-54.944623
-10224.609375	-54.641711
-10221.679688	-53.447447
-10218.750000	-54.246781
-10215.820312	-54.941166
-10212.890625	-53.013362
-10209.960938	-53.526872
-10207.031250	-53.817664
-10204.101562	-54.230477
-10201.171875	-53.846810
-10198.242188	-52.850490
-10195.312500	-54.364594
-10192.382812	-54.404349
-10189.453125	-54.864372
-10186.523438	-54.276907
-10183.593750	-54.753220
-10180.664062	-53.522539
-10177.734375	-53.408534
-10174.804688	-53.941383
-10171.875000	-53.976912
-10168.945312	-53.085847
-10166.015625	-53.666402
-10163.085938	-53.942989
-10160.156250	-53.979283
-10157.226562	-53.333764
-10154.296875	-53.861079
-10151.367188	-54.303087
-10148.437500	-53.983934
-10145.507812	-53.816056
-10142.578125	-54.816605
-10139.648438	-53.711682
-10136.718750	-53.417928
-10133.789062	-53.913149
-10130.859375	-55.094732
-10127.929688	-53.982381
-10125.000000	-53.984119
-10122.070312	-54.080416
-10119.140625	-53.081311
-10116.210938	-54.039473
-10113.281250	-53.230065
-10110.351562	-53.717630
-10107.421875	-54.301074
-10104.492188	-54.232471
-10101.562500	-54.205639
-10098.632812	-54.132358
-10095.703125	-53.196321
-10092.773438	-53.208013
-10089.843750	-53.674420
-10086.914062	-52.743180
-10083.984375	-52.485294
-10081.054688	-52.849889
-10078.125000	-51.736275
-10075.195312	-52.103258
-10072.265625	-52.215374
-10069.335938	-53.177792
-10066.406250	-52.890269
-10063.476562	-53.627526
-10060.546875	-54.455027
-10057.617188	-54.877907
-10054.687500	-54.266893
-10051.757812	-53.771729
-10048.828125	-53.735007
-10045.898438	-53.385329
-10042.968750	-53.508928
-10040.039062	-53.425554
-10037.109375	-53.639744
-10034.179688	-53.447323
-10031.250000	-55.079999
-10028.320312	-54.543041
-10025.390625	-54.407952
-10022.460938	-55.125420
-10019.531250	-54.367633
-10016.601562	-54.024638
-10013.671875	-53.540817
-10010.742188	-52.995910
-10007.812500	-53.774875
-10004.882812	-54.008117
-10001.953125	-54.210729
-9999.023438	-55.735033
-9996.093750	-55.696855
-9993.164062	-56.314806
-9990.234375	-54.656938
-9987.304688	-54.694329
-9984.375000	-55.055558
-9981.445312	-54.595198
-9978.515625	-54.243367
-9975.585938	-55.331625
-9972.656250	-53.551989
-9969.726562	-53.326186
-9966.796875	-54.207383
-9963.867188	-53.538427
-9960.937500	-54.065392
-9958.007812	-54.027568
-9955.078125	-53.684264
-9952.148438	-52.981829
-9949.218750	-53.399304
-9946.289062	-53.917294
-9943.359375	-53.140000
-9940.429688	-53.657218
-9937.500000	-54.013916
-9934.570312	-52.626145
-9931.640625	-53.205934
-9928.710938	-54.657702
-9925.781250	-53.955701
-9922.851562	-53.881379
-9919.921875	-54.058448
-9916.992188	-53.749419
-9914.062500	-54.839059
-9911.132812	-54.383082
-9908.203125	-54.235487
-9905.273438	-54.171323
-9902.343750	-54.556384
-9899.414062	-54.708406
-9896.484375	-54.218982
-9893.554688	-53.202383
-9890.625000	-53.834987
-9887.695312	-54.329460
-9884.765625	-54.035936
-9881.835938	-53.662038
-9878.906250	-53.900491
-9875.976562	-54.327273
-9873.046875	-54.536725
-9870.117188	-53.227430
-9867.187500	-52.873646
-9864.257812	-53.216375
-9861.328125	-55.236494
-9858.398438	-55.799221
-9855.468750	-55.004027
-9852.539062	-54.495624
-9849.609375	-53.682555
-9846.679688	-53.366529
-9843.750000	-53.226749
-9840.820312	-53.085119
-9837.890625	-54.276256
-9834.960938	-54.094408
-9832.031250	-53.409884
-9829.101562	-53.057255
-9826.171875	-53.740422
-9823.242188	-54.400471
-9820.312500	-54.194743
-9817.382812	-53.724380
-9814.453125	-53.478992
-9811.523438	-53.761603
-9808.593750	-55.021939
-9805.664062	-53.703180
-9802.734375	-54.265227
-9799.804688	-53.964222
-9796.875000	-54.452011
-9793.945312	-55.051183
-9791.015625	-54.494946
-9788.085938	-54.336291
-9785.156250	-53.740268
-9782.226562	-54.055717
-9779.296875	-53.615311
-9776.367188	-54.079713
-9773.437500	-54.103828
-9770.507812	-53.892914
-9767.578125	-53.561005
-9764.648438	-53.680918
-9761.718750	-53.886583
-9758.789062	-53.580349
-9755.859375	-54.131695
-9752.929688	-54.582350
-9750.000000	-54.672743
-9747.070312	-54.884317
-9744.140625	-53.943043
-9741.210938	-54.438562
-9738.281250	-54.547986
-9735.351562	-53.835762
-9732.421875	-54.036559
-9729.492188	-54.186797
-9726.562500	-53.929136
-9723.632812	-53.561646
-9720.703125	-53.801997
-9717.773438	-53.636652
-9714.843750	-54.040040
-9711.914062	-53.751612
-9708.984375	-53.311576
-9706.054688	-53.746986
-9703.125000	-54.348124
-9700.195312	-53.765683
-9697.265625	-52.947727
-9694.335938	-53.883229
-9691.406250	-54.256287
-9688.476562	-53.361354
-9685.546875	-54.345186
-9682.617188	-54.138958
-9679.687500	-53.910220
-9676.757812	-53.733041
-9673.828125	-53.952743
-9670.898438	-53.102959
-9667.968750	-54.183702
-9665.039062	-55.623340
-9662.109375	-54.093234
-9659.179688	-54.004624
-9656.250000	-54.259814
-9653.320312	-53.449068
-9650.390625	-54.113903
-9647.460938	-54.096730
-9644.531250	-54.610468
-9641.601562	-53.517034
-9638.671875	-53.112079
-9635.742188	-53.764741
-9632.812500	-53.469716
-9629.882812	-53.830516
-9626.953125	-54.851810
-9624.023438	-54.319045
-9621.093750	-54.248339
-9618.164062	-54.626775
-9615.234375	-55.641662
-9612.304688	-54.371512
-9609.375000	-53.427281
-9606.445312	-54.309903
-9603.515625	-54.107350
-9600.585938	-54.509937
-9597.656250	-55.254231
-9594.726562	-54.137697
-9591.796875	-53.981678
-9588.867188	-53.413272
-9585.937500	-53.562515
-9583.007812	-54.424120
-9580.078125	-53.822168
-9577.148438	-54.358617
-9574.218750	-53.642998
-9571.289062	-53.695449
-9568.359375	-53.949142
-9565.429688	-53.590945
-9562.500000	-55.199292
-9559.570312	-55.051654
-9556.640625	-53.693254
-9553.710938	-53.625928
-9550.781250	-53.378362
-9547.851562	-53.338584
-9544.921875	-54.222729
-9541.992188	-54.432951
-9539.062500	-54.473704
-9536.132812	-53.989788
-9533.203125	-54.016060
-9530.273438	-54.760816
-9527.343750	-54.362028
-9524.414062	-54.690364
-9521.484375	-54.372152
-9518.554688	-53.128629
-9515.625000	-52.867115
-9512.695312	-54.042456
-9509.765625	-53.994112
-9506.835938	-53.397006
-9503.906250	-52.455285
-9500.976562	-53.497255
-9498.046875	-54.022037
-9495.117188	-53.766066
-9492.187500	-53.892196
-9489.257812	-54.031564
-9486.328125	-53.984206
-9483.398438	-52.721459
-9480.468750	-52.068572
-9477.539062	-53.021247
-9474.609375	-53.742827
-9471.679688	-53.806095
-9468.750000	-53.940182
-9465.820312	-53.143356
-9462.890625	-53.666304
-9459.960938	-54.243742
-9457.031250	-54.367088
-9454.101562	-54.273789
-9451.171875	-53.827581
-9448.242188	-54.484571
-9445.312500	-54.488597
-9442.382812	-53.820200
-9439.453125	-54.377431
-9436.523438	-54.372738
-9433.593750	-54.237344
-9430.664062	-54.345465
-9427.734375	-54.211142
-9424.804688	-54.289275
-9421.875000	-54.623792
-9418.945312	-54.166806
-9416.015625	-54.366803
-9413.085938	-54.608520
-9410.156250	-54.549611
-9407.226562	-54.085036
-9404.296875	-53.640145
-9401.367188	-53.258931
-9398.437500	-52.705213
-9395.507812	-53.894315
-9392.578125	-53.915823
-9389.648438	-53.851460
-9386.718750	-54.034901
-9383.789062	-54.074025
-9380.859375	-53.695481
-9377.929688	-53.340355
-9375.000000	-53.096589
-9372.070312	-53.867672
-9369.140625	-54.034309
-9366.210938	-53.141667
-9363.281250	-53.012813
-9360.351562	-53.674396
-9357.421875	-54.726506
-9354.492188	-53.915117
-9351.562500	-53.130078
-9348.632812	-52.821336
-9345.703125	-52.893390
-9342.773438	-52.925802
-9339.843750	-53.913998
-9336.914062	-53.900224
-9333.984375	-54.012793
-9331.054688	-53.475089
-9328.125000	-52.721239
-9325.195312	-53.523317
-9322.265625	-53.853175
-9319.335938	-53.266564
-9316.406250	-55.092850
-9313.476562	-54.144270
-9310.546875	-54.121707
-9307.617188	-54.212246
-9304.687500	-54.247984
-9301.757812	-54.188010
-9298.828125	-54.304875
-9295.898438	-54.742020
-9292.968750	-55.470771
-9290.039062	-55.394835
-9287.109375	-54.406295
-9284.179688	-53.916934
-9281.250000	-52.809164
-9278.320312	-53.356615
-9275.390625	-53.294234
-9272.460938	-53.613097
-9269.531250	-53.745853
-9266.601562	-54.771934
-9263.671875	-54.390053
-9260.742188	-53.367481
-9257.812500	-53.856476
-9254.882812	-54.260854
-9251.953125	-53.716188
-9249.023438	-53.763712
-9246.093750	-53.696592
-9243.164062	-53.689649
-9240.234375	-54.248399
-9237.304688	-54.139809
-9234.375000	-53.432897
-9231.445312	-53.850052
-9228.515625	-54.001491
-9225.585938	-53.300538
-9222.656250	-53.544383
-9219.726562	-53.182334
-9216.796875	-53.513333
-9213.867188	-53.030396
-9210.937500	-53.085557
-9208.007812	-53.349103
-9205.078125	-53.720669
-9202.148438	-53.576699
-9199.218750	-54.284740
-9196.289062	-54.164437
-9193.359375	-53.514587
-9190.429688	-53.424611
-9187.500000	-54.571852
-9184.570312	-54.163853
-9181.640625	-53.620473
-9178.710938	-54.329569
-9175.781250	-53.530645
-9172.851562	-54.561815
-9169.921875	-55.500255
-9166.992188	-54.932353
-9164.062500	-53.948233
-9161.132812	-54.168618
-9158.203125	-54.088870
-9155.273438	-54.744029
-9152.343750	-53.033697
-9149.414062	-52.914074
-9146.484375	-53.456682
-9143.554688	-52.963503
-9140.625000	-52.943675
-9137.695312	-53.967430
-9134.765625	-53.399943
-9131.835938	-54.103675
-9128.906250	-54.661748
-9125.976562	-54.471703
-9123.046875	-55.051232
-9120.117188	-53.601983
-9117.187500	-54.899927
-9114.257812	-53.495835
-9111.328125	-53.441656
-9108.398438	-54.652042
-9105.468750	-54.033345
-9102.539062	-54.210433
-9099.609375	-52.849169
-9096.679688	-53.141711
-9093.750000	-53.779757
-9090.820312	-53.400584
-9087.890625	-52.314599
-9084.960938	-54.101630
-9082.031250	-54.794314
-9079.101562	-54.588842
-9076.171875	-53.808914
-9073.242188	-53.159833
-9070.312500	-54.432542
-9067.382812	-53.622356
-9064.453125	-53.570418
-9061.523438	-53.854900
-9058.593750	-53.827581
-9055.664062	-53.245531
-9052.734375	-53.162102
-9049.804688	-55.147711
-9046.875000	-54.278275
-9043.945312	-54.104071
-9041.015625	-53.552961
-9038.085938	-52.759812
-9035.156250	-52.682461
-9032.226562	-54.114999
-9029.296875	-54.121628
-9026.367188	-54.512529
-9023.437500	-53.511588
-9020.507812	-53.478823
-9017.578125	-52.846402
-9014.648438	-53.508505
-9011.718750	-53.671330
-9008.789062	-53.687850
-9005.859375	-53.398356
-9002.929688	-53.685492
-9000.000000	-53.631777
-8997.070312	-54.237832
-8994.140625	-54.042368
-8991.210938	-54.091348
-8988.281250	-54.031825
-8985.351562	-52.973974
-8982.421875	-53.378586
-8979.492188	-54.431138
-8976.562500	-54.084026
-8973.632812	-53.040816
-8970.703125	-52.665727
-8967.773438	-53.274565
-8964.843750	-54.021255
-8961.914062	-53.765182
-8958.984375	-52.855188
-8956.054688	-52.812018
-8953.125000	-53.375364
-8950.195312	-53.553240
-8947.265625	-53.549239
-8944.335938	-53.942252
-8941.406250	-54.082655
-8938.476562	-53.776954
-8935.546875	-53.702517
-8932.617188	-54.431499
-8929.687500	-54.688432
-8926.757812	-53.878777
-8923.828125	-53.388807
-8920.898438	-54.496530
-8917.968750	-55.390283
-8915.039062	-53.874637
-8912.109375	-53.348650
-8909.179688	-53.482035
-8906.250000	-54.189944
-8903.320312	-53.130683
-8900.390625	-54.007467
-8897.460938	-55.365051
-8894.531250	-54.929841
-8891.601562	-53.736783
-8888.671875	-53.214926
-8885.742188	-53.718759
-8882.812500	-53.272807
-8879.882812	-52.659147
-8876.953125	-52.407907
-8874.023438	-52.539280
-8871.093750	-53.020501
-8868.164062	-52.220351
-8865.234375	-51.955242
-8862.304688	-53.227876
-8859.375000	-53.713321
-8856.445312	-53.849301
-8853.515625	-54.450116
-8850.585938	-55.161437
-8847.656250	-54.658617
-8844.726562	-54.729435
-8841.796875	-54.194438
-8838.867188	-54.380032
-8835.937500	-53.602951
-8833.007812	-53.419634
-8830.078125	-53.982056
-8827.148438	-54.075143
-8824.218750	-53.903964
-8821.289062	-53.591541
-8818.359375	-53.412131
-8815.429688	-53.230773
-8812.500000	-53.839314
-8809.570312	-54.035464
-8806.640625	-53.415452
-8803.710938	-53.015842
-8800.781250	-53.665561
-8797.851562	-53.187457
-8794.921875	-53.814630
-8791.992188	-53.097946
-8789.062500	-52.969482
-8786.132812	-52.872196
-8783.203125	-52.931222
-8780.273438	-53.116746
-8777.343750	-54.104726
-8774.414062	-54.208805
-8771.484375	-53.818054
-8768.554688	-52.912318
-8765.625000	-53.324329
-8762.695312	-53.562440
-8759.765625	-53.263925
-8756.835938	-54.346092
-8753.906250	-54.769696
-8750.976562	-53.996372
-8748.046875	-52.933856
-8745.117188	-53.319391
-8742.187500	-54.954202
-8739.257812	-54.799352
-8736.328125	-53.887080
-8733.398438	-53.466204
-8730.468750	-53.818987
-8727.539062	-54.378436
-8724.609375	-53.764774
-8721.679688	-53.903886
-8718.750000	-53.531731
-8715.820312	-52.469239
-8712.890625	-52.407795
-8709.960938	-52.145610
-8707.031250	-53.134952
-8704.101562	-54.700373
-8701.171875	-54.760453
-8698.242188	-53.442262
-8695.312500	-52.908367
-8692.382812	-53.622465
-8689.453125	-53.511069
-8686.523438	-53.524428
-8683.593750	-52.951232
-8680.664062	-52.792159
-8677.734375	-52.809493
-8674.804688	-53.369650
-8671.875000	-54.588631
-8668.945312	-54.049224
-8666.015625	-52.677972
-8663.085938	-52.114015
-8660.156250	-53.242357
-8657.226562	-53.613984
-8654.296875	-53.740887
-8651.367188	-53.775809
-8648.437500	-53.251192
-8645.507812	-53.127972
-8642.578125	-52.947426
-8639.648438	-53.493761
-8636.718750	-54.586633
-8633.789062	-53.842398
-8630.859375	-52.158875
-8627.929688	-52.368299
-8625.000000	-53.356473
-8622.070312	-53.199875
-8619.140625	-53.123139
-8616.210938	-52.608179
-8613.281250	-52.740977
-8610.351562	-51.967025
-8607.421875	-53.095815
-8604.492188	-53.236612
-8601.562500	-52.988641
-8598.632812	-53.378603
-8595.703125	-53.539889
-8592.773438	-53.084429
-8589.843750	-51.961700
-8586.914062	-52.377075
-8583.984375	-52.338464
-8581.054688	-52.818768
-8578.125000	-53.103316
-8575.195312	-52.652665
-8572.265625	-52.927563
-8569.335938	-53.713482
-8566.406250	-53.075038
-8563.476562	-52.698935
-8560.546875	-53.420576
-8557.617188	-54.257806
-8554.687500	-53.680453
-8551.757812	-53.313945
-8548.828125	-53.907787
-8545.898438	-53.023012
-8542.968750	-53.441362
-8540.039062	-54.023916
-8537.109375	-52.980376
-8534.179688	-52.890216
-8531.250000	-52.994883
-8528.320312	-53.488332
-8525.390625	-52.416873
-8522.460938	-52.544051
-8519.531250	-53.581016
-8516.601562	-53.396321
-8513.671875	-53.123531
-8510.742188	-53.002022
-8507.812500	-53.675508
-8504.882812	-53.711618
-8501.953125	-53.550185
-8499.023438	-53.312829
-8496.093750	-54.287021
-8493.164062	-53.364681
-8490.234375	-52.291070
-8487.304688	-52.642833
-8484.375000	-53.430473
-8481.445312	-55.044746
-8478.515625	-54.868695
-8475.585938	-53.931720
-8472.656250	-53.713503
-8469.726562	-53.700600
-8466.796875	-53.747324
-8463.867188	-52.773942
-8460.937500	-54.145105
-8458.007812	-54.453857
-8455.078125	-53.687802
-8452.148438	-54.130376
-8449.218750	-54.116153
-8446.289062	-53.233820
-8443.359375	-53.551698
-8440.429688	-54.240486
-8437.500000	-53.301727
-8434.570312	-52.983410
-8431.640625	-54.857596
-8428.710938	-54.502330
-8425.781250	-54.325352
-8422.851562	-53.796864
-8419.921875	-52.391709
-8416.992188	-51.859146
-8414.062500	-53.196983
-8411.132812	-53.461802
-8408.203125	-54.920779
-8405.273438	-54.039084
-8402.343750	-53.241028
-8399.414062	-53.287688
-8396.484375	-53.259716
-8393.554688	-52.873914
-8390.625000	-53.424175
-8387.695312	-53.432386
-8384.765625	-53.390151
-8381.835938	-52.762815
-8378.906250	-52.644299
-8375.976562	-53.042625
-8373.046875	-54.343324
-8370.117188	-53.623555
-8367.187500	-53.132238
-8364.257812	-54.420731
-8361.328125	-52.425267
-8358.398438	-52.678710
-8355.468750	-52.945852
-8352.539062	-53.095538
-8349.609375	-53.168167
-8346.679688	-52.941174
-8343.750000	-52.419357
-8340.820312	-52.589627
-8337.890625	-53.949540
-8334.960938	-55.109261
-8332.031250	-54.616033
-8329.101562	-53.971772
-8326.171875	-53.892188
-8323.242188	-52.752255
-8320.312500	-51.996548
-8317.382812	-52.271911
-8314.453125	-52.006144
-8311.523438	-51.643239
-8308.593750	-51.664638
-8305.664062	-52.120162
-8302.734375	-53.270084
-8299.804688	-52.975451
-8296.875000	-52.454651
-8293.945312	-52.901041
-8291.015625	-53.720110
-8288.085938	-53.334301
-8285.156250	-53.072482
-8282.226562	-51.836819
-8279.296875	-52.265189
-8276.367188	-53.039228
-8273.437500	-52.962202
-8270.507812	-52.497267
-8267.578125	-52.432914
-8264.648438	-53.049037
-8261.718750	-53.431461
-8258.789062	-53.196216
-8255.859375	-53.035394
-8252.929688	-52.883260
-8250.000000	-53.322584
-8247.070312	-54.111233
-8244.140625	-53.188588
-8241.210938	-52.894473
-8238.281250	-53.219964
-8235.351562	-54.116131
-8232.421875	-53.159295
-8229.492188	-52.420345
-8226.562500	-52.979580
-8223.632812	-53.512655
-8220.703125	-52.847742
-8217.773438	-52.690170
-8214.843750	-52.690770
-8211.914062	-53.463842
-8208.984375	-53.628323
-8206.054688	-53.526860
-8203.125000	-53.236344
-8200.195312	-52.419900
-8197.265625	-51.759970
-8194.335938	-52.223112
-8191.406250	-53.554508
-8188.476562	-53.572126
-8185.546875	-53.655101
-8182.617188	-53.930560
-8179.687500	-53.191747
-8176.757812	-52.340404
-8173.828125	-52.576249
-8170.898438	-54.236267
-8167.968750	-53.793835
-8165.039062	-53.889997
-8162.109375	-52.877802
-8159.179688	-51.837174
-8156.250000	-52.212797
-8153.320312	-52.691010
-8150.390625	-52.782467
-8147.460938	-52.539571
-8144.531250	-52.688767
-8141.601562	-52.887341
-8138.671875	-52.475322
-8135.742188	-52.854190
-8132.812500	-52.928874
-8129.882812	-52.002785
-8126.953125	-53.171302
-8124.023438	-52.236379
-8121.093750	-52.708456
-8118.164062	-52.161940
-8115.234375	-52.323922
-8112.304688	-53.644616
-8109.375000	-53.409217
-8106.445312	-52.558645
-8103.515625	-52.167473
-8100.585938	-52.690913
-8097.656250	-52.494669
-8094.726562	-53.119413
-8091.796875	-53.945189
-8088.867188	-53.772403
-8085.937500	-52.314718
-8083.007812	-51.867104
-8080.078125	-52.380705
-8077.148438	-53.679241
-8074.218750	-54.158522
-8071.289062	-52.898774
-8068.359375	-52.786274
-8065.429688	-54.041332
-8062.500000	-53.011546
-8059.570312	-51.843771
-8056.640625	-52.421046
-8053.710938	-52.652737
-8050.781250	-52.611116
-8047.851562	-52.300710
-8044.921875	-53.254225
-8041.992188	-52.020322
-8039.062500	-52.596668
-8036.132812	-52.750770
-8033.203125	-50.835347
-8030.273438	-52.262487
-8027.343750	-52.565534
-8024.414062	-52.293177
-8021.484375	-53.351033
-8018.554688	-52.969618
-8015.625000	-53.292985
-8012.695312	-53.895510
-8009.765625	-53.274220
-8006.835938	-52.333634
-8003.906250	-52.818429
-8000.976562	-51.696089
-7998.046875	-52.028282
-7995.117188	-52.787607
-7992.187500	-53.191914
-7989.257812	-53.144032
-7986.328125	-52.100973
-7983.398438	-52.609720
-7980.468750	-53.201113
-7977.539062	-52.222003
-7974.609375	-53.088148
-7971.679688	-52.157127
-7968.750000	-52.114899
-7965.820312	-53.018392
-7962.890625	-52.504134
-7959.960938	-51.960925
-7957.031250	-52.646502
-7954.101562	-52.520241
-7951.171875	-52.074718
-7948.242188	-52.625379
-7945.312500	-51.762094
-7942.382812	-52.696007
-7939.453125	-52.969330
-7936.523438	-52.394341
-7933.593750	-51.292792
-7930.664062	-51.883349
-7927.734375	-52.445523
-7924.804688	-53.306740
-7921.875000	-52.750478
-7918.945312	-51.659777
-7916.015625	-52.170818
-7913.085938	-52.271785
-7910.156250	-52.648450
-7907.226562	-53.795238
-7904.296875	-54.084346
-7901.367188	-53.861204
-7898.437500	-52.316216
-7895.507812	-52.445838
-7892.578125	-52.833356
-7889.648438	-52.241058
-7886.718750	-52.822746
-7883.789062	-53.512669
-7880.859375	-53.670165
-7877.929688	-53.953271
-7875.000000	-51.926065
-7872.070312	-51.991844
-7869.140625	-53.299385
-7866.210938	-53.959563
-7863.281250	-54.086701
-7860.351562	-53.669754
-7857.421875	-52.806724
-7854.492188	-52.647461
-7851.562500	-52.382076
-7848.632812	-52.776748
-7845.703125	-52.688790
-7842.773438	-52.292948
-7839.843750	-53.527512
-7836.914062	-53.354741
-7833.984375	-52.539587
-7831.054688	-52.020623
-7828.125000	-52.140284
-7825.195312	-51.987049
-7822.265625	-52.270310
-7819.335938	-52.322922
-7816.406250	-52.009840
-7813.476562	-51.467476
-7810.546875	-50.799683
-7807.617188	-51.300472
-7804.687500	-51.601893
-7801.757812	-51.621276
-7798.828125	-51.223300
-7795.898438	-51.046800
-7792.968750	-52.143464
-7790.039062	-52.623459
-7787.109375	-51.349618
-7784.179688	-52.515383
-7781.250000	-53.198056
-7778.320312	-52.495030
-7775.390625	-52.463675
-7772.460938	-51.688062
-7769.531250	-51.808695
-7766.601562	-52.283569
-7763.671875	-50.986988
-7760.742188	-51.241379
-7757.812500	-52.408360
-7754.882812	-53.501685
-7751.953125	-53.632887
-7749.023438	-52.372534
-7746.093750	-51.685077
-7743.164062	-51.945687
-7740.234375	-52.062891
-7737.304688	-52.498498
-7734.375000	-53.224722
-7731.445312	-53.035410
-7728.515625	-52.377888
-7725.585938	-51.593752
-7722.656250	-52.151586
-7719.726562	-52.044184
-7716.796875	-51.057913
-7713.867188	-51.463706
-7710.937500	-51.631090
-7708.007812	-51.363293
-7705.078125	-52.113156
-7702.148438	-52.661313
-7699.218750	-52.451577
-7696.289062	-53.055512
-7693.359375	-53.471543
-7690.429688	-53.722454
-7687.500000	-52.924201
-7684.570312	-53.094169
-7681.640625	-52.914192
-7678.710938	-52.681773
-7675.781250	-52.359660
-7672.851562	-51.008124
-7669.921875	-50.978022
-7666.992188	-52.610088
-7664.062500	-52.680512
-7661.132812	-52.927867
-7658.203125	-52.671481
-7655.273438	-52.805422
-7652.343750	-52.683910
-7649.414062	-52.805670
-7646.484375	-53.781844
-7643.554688	-53.466716
-7640.625000	-53.775006
-7637.695312	-52.823844
-7634.765625	-51.732405
-7631.835938	-51.259702
-7628.906250	-51.928066
-7625.976562	-52.750592
-7623.046875	-52.508384
-7620.117188	-52.959297
-7617.187500	-52.395308
-7614.257812	-52.043130
-7611.328125	-52.536781
-7608.398438	-52.872836
-7605.468750	-53.399714
-7602.539062	-53.149843
-7599.609375	-53.651520
-7596.679688	-52.944632
-7593.750000	-51.147997
-7590.820312	-51.208979
-7587.890625	-53.563976
-7584.960938	-51.583132
-7582.031250	-51.430273
-7579.101562	-52.980883
-7576.171875	-53.276365
-7573.242188	-52.783295
-7570.312500	-51.432277
-7567.382812	-50.927755
-7564.453125	-51.234107
-7561.523438	-50.971341
-7558.593750	-53.340167
-7555.664062	-53.595715
-7552.734375	-52.696247
-7549.804688	-53.019610
-7546.875000	-51.731257
-7543.945312	-51.924213
-7541.015625	-51.652572
-7538.085938	-52.375378
-7535.156250	-51.878943
-7532.226562	-51.484029
-7529.296875	-51.684277
-7526.367188	-52.213004
-7523.437500	-52.217290
-7520.507812	-52.401865
-7517.578125	-52.688637
-7514.648438	-52.302767
-7511.718750	-52.313425
-7508.789062	-51.673025
-7505.859375	-51.454714
-7502.929688	-50.641204
-7500.000000	-51.181683
-7497.070312	-51.692906
-7494.140625	-51.907418
-7491.210938	-51.436253
-7488.281250	-51.363478
-7485.351562	-51.687255
-7482.421875	-51.712633
-7479.492188	-52.312521
-7476.562500	-52.383556
-7473.632812	-51.231273
-7470.703125	-50.828958
-7467.773438	-51.447182
-7464.843750	-51.461913
-7461.914062	-51.770224
-7458.984375	-50.874750
-7456.054688	-50.544804
-7453.125000	-52.073028
-7450.195312	-51.779616
-7447.265625	-50.888260
-7444.335938	-51.369994
-7441.406250	-51.656405
-7438.476562	-53.066833
-7435.546875	-51.945574
-7432.617188	-51.250619
-7429.687500	-51.726463
-7426.757812	-51.024012
-7423.828125	-50.840322
-7420.898438	-51.455961
-7417.968750	-52.145399
-7415.039062	-52.268105
-7412.109375	-51.890004
-7409.179688	-50.795358
-7406.250000	-50.622337
-7403.320312	-50.279996
-7400.390625	-50.834018
-7397.460938	-51.841510
-7394.531250	-51.673104
-7391.601562	-51.425212
-7388.671875	-50.707113
-7385.742188	-51.007455
-7382.812500	-50.814479
-7379.882812	-51.651879
-7376.953125	-52.079216
-7374.023438	-51.824721
-7371.093750	-52.335045
-7368.164062	-52.002460
-7365.234375	-51.669062
-7362.304688	-52.584117
-7359.375000	-51.523209
-7356.445312	-49.231102
-7353.515625	-50.486177
-7350.585938	-52.221073
-7347.656250	-50.968327
-7344.726562	-51.275727
-7341.796875	-52.577908
-7338.867188	-51.548942
-7335.937500	-49.265096
-7333.007812	-49.377929
-7330.078125	-50.655056
-7327.148438	-50.814610
-7324.218750	-51.448410
-7321.289062	-51.600603
-7318.359375	-51.189103
-7315.429688	-51.847211
-7312.500000	-50.874821
-7309.570312	-51.656452
-7306.640625	-52.747076
-7303.710938	-51.926212
-7300.781250	-51.896877
-7297.851562	-51.861310
-7294.921875	-50.870816
-7291.992188	-51.347559
-7289.062500	-51.244205
-7286.132812	-50.515105
-7283.203125	-51.436193
-7280.273438	-51.922223
-7277.343750	-51.278440
-7274.414062	-51.193255
-7271.484375	-51.823631
-7268.554688	-52.158899
-7265.625000	-50.506702
-7262.695312	-51.534921
-7259.765625	-52.295972
-7256.835938	-52.145103
-7253.906250	-51.456070
-7250.976562	-51.913064
-7248.046875	-52.761147
-7245.117188	-51.593846
-7242.187500	-51.104581
-7239.257812	-51.492416
-7236.328125	-50.898198
-7233.398438	-50.886444
-7230.468750	-51.748658
-7227.539062	-52.223090
-7224.609375	-51.805518
-7221.679688	-52.104432
-7218.750000	-52.895286
-7215.820312	-51.888708
-7212.890625	-51.364294
-7209.960938	-50.256990
-7207.031250	-50.304983
-7204.101562	-50.133743
-7201.171875	-50.784523
-7198.242188	-50.670886
-7195.312500	-50.794807
-7192.382812	-50.713146
-7189.453125	-51.475870
-7186.523438	-52.228706
-7183.593750	-51.498376
-7180.664062	-51.419039
-7177.734375	-51.464270
-7174.804688	-50.802073
-7171.875000	-50.590930
-7168.945312	-51.368004
-7166.015625	-51.685464
-7163.085938	-51.373096
-7160.156250	-51.062107
-7157.226562	-50.972013
-7154.296875	-52.556002
-7151.367188	-51.569556
-7148.437500	-51.951451
-7145.507812	-52.276030
-7142.578125	-51.772757
-7139.648438	-49.829067
-7136.718750	-49.992937
-7133.789062	-50.292651
-7130.859375	-49.982592
-7127.929688	-51.618512
-7125.000000	-52.384352
-7122.070312	-51.847094
-7119.140625	-51.689868
-7116.210938	-51.998798
-7113.281250	-51.643649
-7110.351562	-51.134696
-7107.421875	-51.265648
-7104.492188	-52.454365
-7101.562500	-52.218231
-7098.632812	-51.270051
-7095.703125	-50.257275
-7092.773438	-50.594212
-7089.843750	-49.831731
-7086.914062	-49.931489
-7083.984375	-49.518987
-7081.054688	-48.811276
-7078.125000	-50.351814
-7075.195312	-49.850498
-7072.265625	-48.873400
-7069.335938	-49.998765
-7066.406250	-51.425779
-7063.476562	-51.012012
-7060.546875	-51.204728
-7057.617188	-51.563107
-7054.687500	-52.278213
-7051.757812	-52.286792
-7048.828125	-52.049906
-7045.898438	-52.114376
-7042.968750	-52.385930
-7040.039062	-52.168376
-7037.109375	-50.925369
-7034.179688	-51.786403
-7031.250000	-52.376102
-7028.320312	-51.575861
-7025.390625	-51.468504
-7022.460938	-51.103895
-7019.531250	-50.347236
-7016.601562	-51.255114
-7013.671875	-52.326202
-7010.742188	-51.681278
-7007.812500	-50.681743
-7004.882812	-51.041276
-7001.953125	-51.355706
-6999.023438	-50.146064
-6996.093750	-50.257072
-6993.164062	-50.379091
-6990.234375	-50.400874
-6987.304688	-51.133164
-6984.375000	-50.468509
-6981.445312	-51.548145
-6978.515625	-52.475397
-6975.585938	-52.316446
-6972.656250	-51.598056
-6969.726562	-49.449397
-6966.796875	-48.253244
-6963.867188	-51.107501
-6960.937500	-52.153940
-6958.007812	-50.590912
-6955.078125	-50.561114
-6952.148438	-50.748624
-6949.218750	-49.715632
-6946.289062	-50.218627
-6943.359375	-51.138096
-6940.429688	-51.670523
-6937.500000	-51.020108
-6934.570312	-51.245994
-6931.640625	-51.054852
-6928.710938	-50.228894
-6925.781250	-51.192737
-6922.851562	-51.936423
-6919.921875	-50.783098
-6916.992188	-51.018270
-6914.062500	-50.156016
-6911.132812	-50.270178
-6908.203125	-51.367854
-6905.273438	-50.259251
-6902.343750	-50.603069
-6899.414062	-50.982788
-6896.484375	-51.473868
-6893.554688	-50.785791
-6890.625000	-51.300367
-6887.695312	-51.982042
-6884.765625	-51.566745
-6881.835938	-51.143180
-6878.906250	-50.993570
-6875.976562	-49.581983
-6873.046875	-49.930033
-6870.117188	-51.818288
-6867.187500	-52.507695
-6864.257812	-51.879203
-6861.328125	-52.456021
-6858.398438	-51.159293
-6855.468750	-51.804147
-6852.539062	-52.877803
-6849.609375	-50.741648
-6846.679688	-49.352931
-6843.750000	-50.426295
-6840.820312	-50.384204
-6837.890625	-49.151744
-6834.960938	-50.549422
-6832.031250	-51.362336
-6829.101562	-51.256083
-6826.171875	-52.145968
-6823.242188	-50.732171
-6820.312500	-52.619692
-6817.382812	-52.049481
-6814.453125	-51.448544
-6811.523438	-50.236808
-6808.593750	-50.382463
-6805.664062	-50.142104
-6802.734375	-49.872310
-6799.804688	-49.537807
-6796.875000	-49.715686
-6793.945312	-50.316524
-6791.015625	-50.826209
-6788.085938	-52.081592
-6785.156250	-50.604076
-6782.226562	-49.051621
-6779.296875	-49.373730
-6776.367188	-49.714348
-6773.437500	-49.603295
-6770.507812	-49.578549
-6767.578125	-48.518725
-6764.648438	-47.402428
-6761.718750	-47.346535
-6758.789062	-47.923385
-6755.859375	-46.633895
-6752.929688	-47.337653
-6750.000000	-49.615645
-6747.070312	-50.520790
-6744.140625	-49.864548
-6741.210938	-49.426213
-6738.281250	-49.878126
-6735.351562	-49.414881
-6732.421875	-50.028919
-6729.492188	-50.818165
-6726.562500	-50.981422
-6723.632812	-50.842509
-6720.703125	-50.524242
-6717.773438	-50.146944
-6714.843750	-49.814299
-6711.914062	-49.885532
-6708.984375	-50.298802
-6706.054688	-49.563139
-6703.125000	-48.846311
-6700.195312	-48.016232
-6697.265625	-48.055076
-6694.335938	-49.366956
-6691.406250	-49.027164
-6688.476562	-48.559932
-6685.546875	-48.671958
-6682.617188	-50.140720
-6679.687500	-51.119298
-6676.757812	-51.125173
-6673.828125	-51.576938
-6670.898438	-49.693803
-6667.968750	-49.235968
-6665.039062	-49.094542
-6662.109375	-50.920247
-6659.179688	-51.889549
-6656.250000	-49.896042
-6653.320312	-48.757991
-6650.390625	-49.197574
-6647.460938	-50.700970
-6644.531250	-50.097748
-6641.601562	-50.470581
-6638.671875	-50.026641
-6635.742188	-49.388257
-6632.812500	-50.893482
-6629.882812	-51.413875
-6626.953125	-50.854466
-6624.023438	-50.386142
-6621.093750	-49.229580
-6618.164062	-48.375737
-6615.234375	-49.053445
-6612.304688	-50.767736
-6609.375000	-49.670264
-6606.445312	-48.311168
-6603.515625	-48.806046
-6600.585938	-49.043261
-6597.656250	-49.018991
-6594.726562	-48.238251
-6591.796875	-48.291912
-6588.867188	-49.566126
-6585.937500	-50.211884
-6583.007812	-50.377331
-6580.078125	-49.818583
-6577.148438	-49.670591
-6574.218750	-50.174153
-6571.289062	-50.042838
-6568.359375	-48.753443
-6565.429688	-48.310574
-6562.500000	-47.909659
-6559.570312	-48.257553
-6556.640625	-49.989068
-6553.710938	-50.119340
-6550.781250	-50.390544
-6547.851562	-49.052454
-6544.921875	-49.111559
-6541.992188	-49.980823
-6539.062500	-51.063688
-6536.132812	-50.487555
-6533.203125	-48.933000
-6530.273438	-50.275183
-6527.343750	-50.842412
-6524.414062	-50.634288
-6521.484375	-49.325270
-6518.554688	-48.350256
-6515.625000	-46.941532
-6512.695312	-47.283897
-6509.765625	-49.495485
-6506.835938	-49.379021
-6503.906250	-49.654370
-6500.976562	-47.984216
-6498.046875	-48.917976
-6495.117188	-48.872163
-6492.187500	-47.918758
-6489.257812	-49.616411
-6486.328125	-50.765344
-6483.398438	-49.862398
-6480.468750	-48.237664
-6477.539062	-49.182344
-6474.609375	-50.572315
-6471.679688	-49.319164
-6468.750000	-49.203372
-6465.820312	-48.689255
-6462.890625	-47.595696
-6459.960938	-47.693254
-6457.031250	-48.074538
-6454.101562	-47.782106
-6451.171875	-48.760712
-6448.242188	-49.612875
-6445.312500	-48.016335
-6442.382812	-48.863746
-6439.453125	-50.788201
-6436.523438	-49.921408
-6433.593750	-48.118422
-6430.664062	-47.204038
-6427.734375	-48.334037
-6424.804688	-49.815267
-6421.875000	-48.963319
-6418.945312	-49.020827
-6416.015625	-49.065196
-6413.085938	-49.924240
-6410.156250	-50.860589
-6407.226562	-49.915394
-6404.296875	-50.268843
-6401.367188	-50.813602
-6398.437500	-49.673648
-6395.507812	-50.085320
-6392.578125	-49.145577
-6389.648438	-48.871340
-6386.718750	-49.461638
-6383.789062	-50.176080
-6380.859375	-48.605811
-6377.929688	-48.415193
-6375.000000	-48.767637
-6372.070312	-48.633256
-6369.140625	-49.348641
-6366.210938	-49.362823
-6363.281250	-48.778008
-6360.351562	-49.031626
-6357.421875	-48.435802
-6354.492188	-48.215284
-6351.562500	-48.239788
-6348.632812	-48.881008
-6345.703125	-47.969976
-6342.773438	-47.973979
-6339.843750	-48.132184
-6336.914062	-49.593858
-6333.984375	-51.086584
-6331.054688	-49.907301
-6328.125000	-50.157423
-6325.195312	-49.561440
-6322.265625	-47.704690
-6319.335938	-48.133171
-6316.406250	-48.136866
-6313.476562	-49.127162
-6310.546875	-48.639995
-6307.617188	-49.535563
-6304.687500	-48.368678
-6301.757812	-48.011330
-6298.828125	-49.364706
-6295.898438	-49.242850
-6292.968750	-49.116144
-6290.039062	-48.363189
-6287.109375	-48.843602
-6284.179688	-48.860259
-6281.250000	-48.238141
-6278.320312	-48.883002
-6275.390625	-49.388854
-6272.460938	-49.684824
-6269.531250	-48.947349
-6266.601562	-49.039124
-6263.671875	-49.638400
-6260.742188	-48.111383
-6257.812500	-49.366016
-6254.882812	-49.072117
-6251.953125	-47.606856
-6249.023438	-47.286083
-6246.093750	-48.516209
-6243.164062	-49.849758
-6240.234375	-49.050879
-6237.304688	-49.846021
-6234.375000	-49.774158
-6231.445312	-49.255715
-6228.515625	-49.445483
-6225.585938	-49.831497
-6222.656250	-49.432481
-6219.726562	-48.802156
-6216.796875	-48.148437
-6213.867188	-48.438041
-6210.937500	-48.486478
-6208.007812	-47.299146
-6205.078125	-46.964127
-6202.148438	-48.685477
-6199.218750	-49.747825
-6196.289062	-47.845313
-6193.359375	-48.640990
-6190.429688	-49.041597
-6187.500000	-47.424284
-6184.570312	-47.586366
-6181.640625	-48.641489
-6178.710938	-48.421958
-6175.781250	-48.104116
-6172.851562	-49.012735
-6169.921875	-48.718477
-6166.992188	-47.929712
-6164.062500	-48.030486
-6161.132812	-47.313254
-6158.203125	-47.997305
-6155.273438	-49.566070
-6152.343750	-47.745260
-6149.414062	-47.200581
-6146.484375	-48.582230
-6143.554688	-48.521537
-6140.625000	-49.788333
-6137.695312	-48.861039
-6134.765625	-48.654479
-6131.835938	-48.595302
-6128.906250	-48.860265
-6125.976562	-48.460766
-6123.046875	-47.218156
-6120.117188	-47.159664
-6117.187500	-47.658826
-6114.257812	-48.423743
-6111.328125	-48.286117
-6108.398438	-47.567852
-6105.468750	-47.873701
-6102.539062	-48.847981
-6099.609375	-48.193460
-6096.679688	-46.858796
-6093.750000	-48.023772
-6090.820312	-49.749762
-6087.890625	-49.110520
-6084.960938	-48.206194
-6082.031250	-48.932388
-6079.101562	-48.664606
-6076.171875	-47.887054
-6073.242188	-48.487004
-6070.312500	-49.280490
-6067.382812	-49.082860
-6064.453125	-48.208352
-6061.523438	-48.310730
-6058.593750	-46.642446
-6055.664062	-47.432003
-6052.734375	-46.753083
-6049.804688	-47.371195
-6046.875000	-46.814094
-6043.945312	-48.660291
-6041.015625	-47.766541
-6038.085938	-46.920172
-6035.156250	-46.708396
-6032.226562	-46.154262
-6029.296875	-47.479193
-6026.367188	-49.108674
-6023.437500	-47.359602
-6020.507812	-47.108131
-6017.578125	-46.566883
-6014.648438	-45.775813
-6011.718750	-47.233471
-6008.789062	-46.853585
-6005.859375	-45.695109
-6002.929688	-48.053739
-6000.000000	-48.242405
-5997.070312	-48.188239
-5994.140625	-47.956455
-5991.210938	-46.542891
-5988.281250	-46.545101
-5985.351562	-47.965128
-5982.421875	-46.795963
-5979.492188	-46.712484
-5976.562500	-47.300550
-5973.632812	-47.001174
-5970.703125	-48.004592
-5967.773438	-48.488323
-5964.843750	-47.871202
-5961.914062	-47.429321
-5958.984375	-47.918503
-5956.054688	-47.549681
-5953.125000	-47.636918
-5950.195312	-47.971649
-5947.265625	-46.794937
-5944.335938	-47.525927
-5941.406250	-47.605299
-5938.476562	-48.311004
-5935.546875	-49.678304
-5932.617188	-49.028689
-5929.687500	-48.794297
-5926.757812	-47.396448
-5923.828125	-46.592385
-5920.898438	-47.699241
-5917.968750	-47.540109
-5915.039062	-47.746135
-5912.109375	-47.664047
-5909.179688	-46.206524
-5906.250000	-46.163142
-5903.320312	-47.265071
-5900.390625	-47.426018
-5897.460938	-46.995136
-5894.531250	-47.582147
-5891.601562	-48.871533
-5888.671875	-48.838401
-5885.742188	-49.084763
-5882.812500	-47.790439
-5879.882812	-46.683645
-5876.953125	-47.530991
-5874.023438	-46.506768
-5871.093750	-47.041065
-5868.164062	-47.979615
-5865.234375	-47.915079
-5862.304688	-48.951166
-5859.375000	-47.811131
-5856.445312	-47.365961
-5853.515625	-48.471886
-5850.585938	-49.280233
-5847.656250	-48.416663
-5844.726562	-46.912741
-5841.796875	-46.474431
-5838.867188	-47.011080
-5835.937500	-47.418307
-5833.007812	-47.792496
-5830.078125	-47.226051
-5827.148438	-46.493600
-5824.218750	-47.110606
-5821.289062	-46.724344
-5818.359375	-47.174661
-5815.429688	-47.366028
-5812.500000	-47.205795
-5809.570312	-47.442292
-5806.640625	-48.172041
-5803.710938	-46.158945
-5800.781250	-44.981995
-5797.851562	-45.837781
-5794.921875	-46.909235
-5791.992188	-46.415300
-5789.062500	-47.805161
-5786.132812	-46.482733
-5783.203125	-46.590931
-5780.273438	-46.816846
-5777.343750	-46.981489
-5774.414062	-47.978817
-5771.484375	-48.186395
-5768.554688	-47.087748
-5765.625000	-47.483172
-5762.695312	-47.585793
-5759.765625	-47.258163
-5756.835938	-47.248662
-5753.906250	-46.814588
-5750.976562	-47.545211
-5748.046875	-47.349514
-5745.117188	-46.968644
-5742.187500	-47.079303
-5739.257812	-48.515776
-5736.328125	-49.054904
-5733.398438	-47.476080
-5730.468750	-46.438142
-5727.539062	-47.106892
-5724.609375	-47.215813
-5721.679688	-46.891031
-5718.750000	-47.445157
-5715.820312	-48.532677
-5712.890625	-47.515670
-5709.960938	-48.956892
-5707.031250	-48.907747
-5704.101562	-47.297311
-5701.171875	-47.673830
-5698.242188	-47.821854
-5695.312500	-47.852295
-5692.382812	-46.390770
-5689.453125	-46.516623
-5686.523438	-47.664938
-5683.593750	-46.785852
-5680.664062	-46.871816
-5677.734375	-47.299331
-5674.804688	-47.920723
-5671.875000	-47.027423
-5668.945312	-46.909717
-5666.015625	-47.450225
-5663.085938	-47.352015
-5660.156250	-46.405391
-5657.226562	-47.866004
-5654.296875	-47.825288
-5651.367188	-47.143336
-5648.437500	-46.685406
-5645.507812	-48.169303
-5642.578125	-47.737378
-5639.648438	-47.274192
-5636.718750	-47.901778
-5633.789062	-48.241712
-5630.859375	-47.795114
-5627.929688	-47.558301
-5625.000000	-47.221990
-5622.070312	-47.668362
-5619.140625	-46.033698
-5616.210938	-46.119634
-5613.281250	-46.420656
-5610.351562	-48.410181
-5607.421875	-48.115457
-5604.492188	-47.713434
-5601.562500	-48.034595
-5598.632812	-47.966384
-5595.703125	-46.260565
-5592.773438	-45.590970
-5589.843750	-45.630816
-5586.914062	-45.704271
-5583.984375	-46.440032
-5581.054688	-45.755098
-5578.125000	-45.213869
-5575.195312	-46.410189
-5572.265625	-46.448627
-5569.335938	-46.982672
-5566.406250	-45.363534
-5563.476562	-44.483902
-5560.546875	-46.212168
-5557.617188	-47.034056
-5554.687500	-46.157123
-5551.757812	-44.955341
-5548.828125	-45.614101
-5545.898438	-45.451220
-5542.968750	-46.080319
-5540.039062	-46.592786
-5537.109375	-47.295605
-5534.179688	-44.572314
-5531.250000	-44.695620
-5528.320312	-45.577958
-5525.390625	-44.712128
-5522.460938	-45.775889
-5519.531250	-47.107319
-5516.601562	-48.861440
-5513.671875	-47.639093
-5510.742188	-47.795712
-5507.812500	-47.380670
-5504.882812	-47.104700
-5501.953125	-46.047749
-5499.023438	-45.061638
-5496.093750	-47.843819
-5493.164062	-47.174328
-5490.234375	-46.550135
-5487.304688	-47.537719
-5484.375000	-49.098037
-5481.445312	-48.035765
-5478.515625	-46.852154
-5475.585938	-45.627942
-5472.656250	-45.166222
-5469.726562	-45.336809
-5466.796875	-47.550623
-5463.867188	-47.112659
-5460.937500	-45.661687
-5458.007812	-46.884095
-5455.078125	-47.014169
-5452.148438	-46.021691
-5449.218750	-44.848610
-5446.289062	-45.290338
-5443.359375	-45.329427
-5440.429688	-44.369086
-5437.500000	-43.682538
-5434.570312	-45.317957
-5431.640625	-45.501332
-5428.710938	-45.346718
-5425.781250	-44.896826
-5422.851562	-45.899123
-5419.921875	-44.594480
-5416.992188	-43.965827
-5414.062500	-45.188672
-5411.132812	-46.450989
-5408.203125	-46.455546
-5405.273438	-45.945420
-5402.343750	-45.110264
-5399.414062	-44.287569
-5396.484375	-44.615373
-5393.554688	-43.466382
-5390.625000	-43.137178
-5387.695312	-43.763088
-5384.765625	-45.560240
-5381.835938	-46.635662
-5378.906250	-46.325870
-5375.976562	-46.705932
-5373.046875	-47.529924
-5370.117188	-47.229935
-5367.187500	-46.608225
-5364.257812	-45.763519
-5361.328125	-45.805530
-5358.398438	-46.808500
-5355.468750	-47.535464
-5352.539062	-46.802028
-5349.609375	-46.529306
-5346.679688	-45.706172
-5343.750000	-45.412252
-5340.820312	-45.394985
-5337.890625	-44.906153
-5334.960938	-45.691557
-5332.031250	-44.939939
-5329.101562	-44.992219
-5326.171875	-45.329815
-5323.242188	-45.453607
-5320.312500	-45.370748
-5317.382812	-44.986480
-5314.453125	-45.843350
-5311.523438	-46.270009
-5308.593750	-47.235720
-5305.664062	-47.408973
-5302.734375	-46.189680
-5299.804688	-46.949923
-5296.875000	-47.110067
-5293.945312	-47.279633
-5291.015625	-47.986162
-5288.085938	-47.198620
-5285.156250	-45.543280
-5282.226562	-45.441491
-5279.296875	-45.692906
-5276.367188	-46.036913
-5273.437500	-46.161776
-5270.507812	-44.637729
-5267.578125	-45.199655
-5264.648438	-45.206322
-5261.718750	-44.851261
-5258.789062	-44.559179
-5255.859375	-44.666696
-5252.929688	-44.982336
-5250.000000	-43.800555
-5247.070312	-44.222223
-5244.140625	-44.272092
-5241.210938	-44.598139
-5238.281250	-46.044293
-5235.351562	-46.549609
-5232.421875	-46.489539
-5229.492188	-46.931460
-5226.562500	-44.348257
-5223.632812	-44.583246
-5220.703125	-44.942942
-5217.773438	-44.842200
-5214.843750	-45.315781
-5211.914062	-46.637330
-5208.984375	-46.233196
-5206.054688	-46.036122
-5203.125000	-44.692445
-5200.195312	-45.483447
-5197.265625	-46.574951
-5194.335938	-45.110712
-5191.406250	-45.570074
-5188.476562	-47.379471
-5185.546875	-46.042603
-5182.617188	-46.252949
-5179.687500	-46.347113
-5176.757812	-45.581624
-5173.828125	-44.040352
-5170.898438	-43.851932
-5167.968750	-43.783570
-5165.039062	-44.831856
-5162.109375	-45.418877
-5159.179688	-44.659748
-5156.250000	-43.254823
-5153.320312	-45.868407
-5150.390625	-46.295512
-5147.460938	-46.297943
-5144.531250	-45.802073
-5141.601562	-45.711206
-5138.671875	-45.056856
-5135.742188	-46.145241
-5132.812500	-44.804536
-5129.882812	-44.458622
-5126.953125	-43.872935
-5124.023438	-43.419921
-5121.093750	-44.217402
-5118.164062	-45.228996
-5115.234375	-45.972556
-5112.304688	-45.983964
-5109.375000	-45.866127
-5106.445312	-45.158524
-5103.515625	-44.937058
-5100.585938	-46.439064
-5097.656250	-44.765506
-5094.726562	-43.887109
-5091.796875	-44.011128
-5088.867188	-43.667616
-5085.937500	-43.096168
-5083.007812	-43.433026
-5080.078125	-45.415807
-5077.148438	-47.529394
-5074.218750	-45.125391
-5071.289062	-45.681165
-5068.359375	-46.954334
-5065.429688	-45.428437
-5062.500000	-44.534528
-5059.570312	-45.099978
-5056.640625	-45.315451
-5053.710938	-45.250773
-5050.781250	-45.990033
-5047.851562	-44.781402
-5044.921875	-45.256226
-5041.992188	-46.156697
-5039.062500	-44.221069
-5036.132812	-44.014667
-5033.203125	-45.483843
-5030.273438	-46.527511
-5027.343750	-46.467328
-5024.414062	-46.042494
-5021.484375	-44.383494
-5018.554688	-43.829786
-5015.625000	-44.194931
-5012.695312	-44.514681
-5009.765625	-45.284772
-5006.835938	-44.953468
-5003.906250	-44.957694
-5000.976562	-45.967036
-4998.046875	-46.825565
-4995.117188	-44.770613
-4992.187500	-43.349407
-4989.257812	-43.997334
-4986.328125	-45.338005
-4983.398438	-44.941853
-4980.468750	-45.659541
-4977.539062	-45.578881
-4974.609375	-45.518966
-4971.679688	-44.655360
-4968.750000	-44.180523
-4965.820312	-44.603049
-4962.890625	-43.981516
-4959.960938	-43.512428
-4957.031250	-43.812084
-4954.101562	-45.518392
-4951.171875	-46.836185
-4948.242188	-46.339313
-4945.312500	-44.723699
-4942.382812	-44.739683
-4939.453125	-45.907553
-4936.523438	-45.907666
-4933.593750	-46.019261
-4930.664062	-45.017476
-4927.734375	-43.471226
-4924.804688	-42.902239
-4921.875000	-43.289539
-4918.945312	-44.090648
-4916.015625	-44.000803
-4913.085938	-43.120805
-4910.156250	-43.558264
-4907.226562	-44.478511
-4904.296875	-43.167736
-4901.367188	-42.998105
-4898.437500	-43.901730
-4895.507812	-45.381482
-4892.578125	-45.912022
-4889.648438	-46.342085
-4886.718750	-46.239683
-4883.789062	-44.004373
-4880.859375	-43.141654
-4877.929688	-42.549577
-4875.000000	-41.999455
-4872.070312	-42.771850
-4869.140625	-44.000495
-4866.210938	-43.299027
-4863.281250	-44.674660
-4860.351562	-44.801296
-4857.421875	-44.386294
-4854.492188	-46.190967
-4851.562500	-44.060544
-4848.632812	-43.135824
-4845.703125	-43.213870
-4842.773438	-43.258530
-4839.843750	-44.343028
-4836.914062	-44.644981
-4833.984375	-43.542871
-4831.054688	-44.081175
-4828.125000	-45.216311
-4825.195312	-45.141618
-4822.265625	-43.012740
-4819.335938	-43.935994
-4816.406250	-45.343884
-4813.476562	-44.415972
-4810.546875	-44.190506
-4807.617188	-43.283446
-4804.687500	-43.244023
-4801.757812	-43.111660
-4798.828125	-43.484796
-4795.898438	-43.002707
-4792.968750	-42.919325
-4790.039062	-45.373329
-4787.109375	-45.504313
-4784.179688	-46.311675
-4781.250000	-45.048520
-4778.320312	-44.408730
-4775.390625	-44.993496
-4772.460938	-46.814793
-4769.531250	-44.344647
-4766.601562	-42.731151
-4763.671875	-43.628685
-4760.742188	-43.072619
-4757.812500	-43.673331
-4754.882812	-44.170128
-4751.953125	-44.369904
-4749.023438	-43.678688
-4746.093750	-43.591261
-4743.164062	-44.375960
-4740.234375	-44.419630
-4737.304688	-45.456605
-4734.375000	-44.755479
-4731.445312	-43.198776
-4728.515625	-42.206727
-4725.585938	-41.580498
-4722.656250	-43.263224
-4719.726562	-45.793550
-4716.796875	-44.866808
-4713.867188	-44.931572
-4710.937500	-44.394769
-4708.007812	-44.458911
-4705.078125	-43.952350
-4702.148438	-43.598995
-4699.218750	-43.427276
-4696.289062	-43.118828
-4693.359375	-43.532731
-4690.429688	-43.319009
-4687.500000	-42.499440
-4684.570312	-43.050713
-4681.640625	-43.663404
-4678.710938	-44.045781
-4675.781250	-42.909977
-4672.851562	-42.411811
-4669.921875	-42.421964
-4666.992188	-42.324235
-4664.062500	-43.989231
-4661.132812	-43.269193
-4658.203125	-43.958092
-4655.273438	-43.270482
-4652.343750	-43.551954
-4649.414062	-44.250056
-4646.484375	-44.166184
-4643.554688	-43.112832
-4640.625000	-43.757884
-4637.695312	-43.784497
-4634.765625	-42.806765
-4631.835938	-43.582691
-4628.906250	-43.601453
-4625.976562	-43.230397
-4623.046875	-43.113759
-4620.117188	-43.556353
-4617.187500	-42.856679
-4614.257812	-42.371196
-4611.328125	-41.637147
-4608.398438	-41.607789
-4605.468750	-43.411441
-4602.539062	-43.623766
-4599.609375	-43.013450
-4596.679688	-42.130603
-4593.750000	-42.054778
-4590.820312	-43.011093
-4587.890625	-42.952485
-4584.960938	-43.193976
-4582.031250	-44.546051
-4579.101562	-42.667885
-4576.171875	-41.252206
-4573.242188	-42.322151
-4570.312500	-43.604154
-4567.382812	-44.411981
-4564.453125	-43.168404
-4561.523438	-43.037338
-4558.593750	-43.495937
-4555.664062	-45.213187
-4552.734375	-43.317297
-4549.804688	-42.463596
-4546.875000	-44.194137
-4543.945312	-43.123492
-4541.015625	-42.729032
-4538.085938	-42.884767
-4535.156250	-41.624486
-4532.226562	-41.104949
-4529.296875	-39.999523
-4526.367188	-40.920466
-4523.437500	-43.673202
-4520.507812	-42.668071
-4517.578125	-42.286327
-4514.648438	-41.476272
-4511.718750	-41.234257
-4508.789062	-41.732283
-4505.859375	-41.920392
-4502.929688	-43.785599
-4500.000000	-45.174552
-4497.070312	-43.541559
-4494.140625	-42.810316
-4491.210938	-42.964721
-4488.281250	-43.800306
-4485.351562	-44.323489
-4482.421875	-43.974544
-4479.492188	-43.047030
-4476.562500	-41.560791
-4473.632812	-40.365422
-4470.703125	-40.975985
-4467.773438	-40.711345
-4464.843750	-41.227446
-4461.914062	-42.041186
-4458.984375	-42.733767
-4456.054688	-42.516451
-4453.125000	-42.219980
-4450.195312	-44.430608
-4447.265625	-43.958501
-4444.335938	-42.981709
-4441.406250	-42.313821
-4438.476562	-41.976742
-4435.546875	-43.409433
-4432.617188	-41.931459
-4429.687500	-41.826204
-4426.757812	-42.332666
-4423.828125	-42.699372
-4420.898438	-42.085163
-4417.968750	-41.953840
-4415.039062	-44.053535
-4412.109375	-43.508408
-4409.179688	-43.657619
-4406.250000	-43.597098
-4403.320312	-42.273688
-4400.390625	-42.793557
-4397.460938	-43.858822
-4394.531250	-44.230315
-4391.601562	-42.491994
-4388.671875	-42.584859
-4385.742188	-42.106753
-4382.812500	-41.877701
-4379.882812	-42.383931
-4376.953125	-42.570839
-4374.023438	-43.470711
-4371.093750	-43.161992
-4368.164062	-42.892632
-4365.234375	-42.424499
-4362.304688	-41.564037
-4359.375000	-43.000996
-4356.445312	-42.626045
-4353.515625	-41.863360
-4350.585938	-42.575827
-4347.656250	-42.473149
-4344.726562	-43.703872
-4341.796875	-42.717380
-4338.867188	-43.470023
-4335.937500	-42.624996
-4333.007812	-42.646945
-4330.078125	-43.739756
-4327.148438	-42.564601
-4324.218750	-41.792241
-4321.289062	-41.887495
-4318.359375	-44.028559
-4315.429688	-42.835883
-4312.500000	-42.547475
-4309.570312	-40.964155
-4306.640625	-40.258885
-4303.710938	-41.297028
-4300.781250	-42.544703
-4297.851562	-42.966395
-4294.921875	-42.256999
-4291.992188	-41.785580
-4289.062500	-41.016938
-4286.132812	-39.899506
-4283.203125	-39.121694
-4280.273438	-39.760204
-4277.343750	-40.988166
-4274.414062	-41.465363
-4271.484375	-42.244935
-4268.554688	-42.661880
-4265.625000	-42.289481
-4262.695312	-40.977385
-4259.765625	-41.143850
-4256.835938	-41.839614
-4253.906250	-41.511364
-4250.976562	-41.433217
-4248.046875	-41.075037
-4245.117188	-39.693592
-4242.187500	-41.005998
-4239.257812	-42.799662
-4236.328125	-42.756547
-4233.398438	-41.946044
-4230.468750	-41.638851
-4227.539062	-41.303241
-4224.609375	-41.558798
-4221.679688	-40.963086
-4218.750000	-39.800786
-4215.820312	-40.272073
-4212.890625	-40.206031
-4209.960938	-40.230672
-4207.031250	-41.105142
-4204.101562	-42.204503
-4201.171875	-42.128814
-4198.242188	-41.996087
-4195.312500	-41.453563
-4192.382812	-41.588380
-4189.453125	-41.836505
-4186.523438	-42.713973
-4183.593750	-42.917569
-4180.664062	-41.659135
-4177.734375	-41.510213
-4174.804688	-43.690882
-4171.875000	-42.296323
-4168.945312	-41.955666
-4166.015625	-41.699157
-4163.085938	-40.345601
-4160.156250	-39.499288
-4157.226562	-39.809773
-4154.296875	-40.701038
-4151.367188	-41.000867
-4148.437500	-41.080808
-4145.507812	-41.366394
-4142.578125	-41.752834
-4139.648438	-42.677458
-4136.718750	-43.423615
-4133.789062	-42.880297
-4130.859375	-40.187661
-4127.929688	-40.489943
-4125.000000	-41.806210
-4122.070312	-41.778113
-4119.140625	-40.794345
-4116.210938	-41.889821
-4113.281250	-42.653109
-4110.351562	-43.093046
-4107.421875	-42.097477
-4104.492188	-40.815569
-4101.562500	-41.585112
-4098.632812	-40.930006
-4095.703125	-40.480635
-4092.773438	-40.777363
-4089.843750	-41.759449
-4086.914062	-42.467675
-4083.984375	-41.400346
-4081.054688	-40.469479
-4078.125000	-40.520632
-4075.195312	-39.466806
-4072.265625	-39.892647
-4069.335938	-40.705479
-4066.406250	-41.418151
-4063.476562	-41.989641
-4060.546875	-42.186266
-4057.617188	-41.471300
-4054.687500	-41.645149
-4051.757812	-41.459633
-4048.828125	-40.792248
-4045.898438	-41.023533
-4042.968750	-40.654295
-4040.039062	-40.775725
-4037.109375	-40.774180
-4034.179688	-41.323358
-4031.250000	-42.657832
-4028.320312	-41.750735
-4025.390625	-41.019885
-4022.460938	-39.258590
-4019.531250	-39.370314
-4016.601562	-40.437109
-4013.671875	-40.116053
-4010.742188	-40.645793
-4007.812500	-42.040391
-4004.882812	-41.584364
-4001.953125	-41.132243
-3999.023438	-41.701847
-3996.093750	-41.507411
-3993.164062	-41.553341
-3990.234375	-41.436812
-3987.304688	-41.702195
-3984.375000	-42.233731
-3981.445312	-40.786733
-3978.515625	-40.613107
-3975.585938	-40.208001
-3972.656250	-38.965610
-3969.726562	-39.117771
-3966.796875	-39.162540
-3963.867188	-38.335522
-3960.937500	-38.905496
-3958.007812	-40.020143
-3955.078125	-40.154839
-3952.148438	-40.245596
-3949.218750	-40.216970
-3946.289062	-40.733150
-3943.359375	-40.234843
-3940.429688	-39.403022
-3937.500000	-39.751226
-3934.570312	-41.563648
-3931.640625	-41.330648
-3928.710938	-39.972512
-3925.781250	-40.128552
-3922.851562	-40.809119
-3919.921875	-40.724918
-3916.992188	-40.762381
-3914.062500	-40.671364
-3911.132812	-41.369676
-3908.203125	-42.223051
-3905.273438	-41.139031
-3902.343750	-39.277407
-3899.414062	-39.751800
-3896.484375	-39.746077
-3893.554688	-40.231969
-3890.625000	-41.520901
-3887.695312	-41.671662
-3884.765625	-40.030074
-3881.835938	-40.212164
-3878.906250	-39.752066
-3875.976562	-39.391240
-3873.046875	-40.641269
-3870.117188	-41.002196
-3867.187500	-40.970795
-3864.257812	-40.469937
-3861.328125	-40.472854
-3858.398438	-39.627021
-3855.468750	-38.380310
-3852.539062	-38.736800
-3849.609375	-39.635844
-3846.679688	-39.817435
-3843.750000	-39.808450
-3840.820312	-40.826843
-3837.890625	-42.233639
-3834.960938	-40.426614
-3832.031250	-40.483217
-3829.101562	-41.135372
-3826.171875	-40.735922
-3823.242188	-40.439722
-3820.312500	-40.865250
-3817.382812	-40.688766
-3814.453125	-39.910220
-3811.523438	-39.915150
-3808.593750	-38.494317
-3805.664062	-39.164167
-3802.734375	-39.602065
-3799.804688	-39.828801
-3796.875000	-39.521214
-3793.945312	-38.909512
-3791.015625	-38.405094
-3788.085938	-39.527446
-3785.156250	-40.087034
-3782.226562	-40.210940
-3779.296875	-39.721541
-3776.367188	-39.604193
-3773.437500	-39.817544
-3770.507812	-40.459735
-3767.578125	-40.943233
-3764.648438	-40.649172
-3761.718750	-41.731713
-3758.789062	-43.565303
-3755.859375	-42.534000
-3752.929688	-41.969162
-3750.000000	-42.844073
-3747.070312	-40.223064
-3744.140625	-40.667782
-3741.210938	-41.643042
-3738.281250	-42.063915
-3735.351562	-40.717507
-3732.421875	-38.997520
-3729.492188	-39.109548
-3726.562500	-39.380288
-3723.632812	-39.382549
-3720.703125	-39.369495
-3717.773438	-40.690110
-3714.843750	-41.165042
-3711.914062	-41.288659
-3708.984375	-39.705249
-3706.054688	-38.344944
-3703.125000	-38.923869
-3700.195312	-40.344164
-3697.265625	-39.183588
-3694.335938	-38.754199
-3691.406250	-40.202523
-3688.476562	-40.672086
-3685.546875	-42.254947
-3682.617188	-42.166150
-3679.687500	-39.381007
-3676.757812	-38.534802
-3673.828125	-39.327184
-3670.898438	-39.733894
-3667.968750	-39.547944
-3665.039062	-40.095943
-3662.109375	-41.035873
-3659.179688	-41.395448
-3656.250000	-38.972734
-3653.320312	-40.063145
-3650.390625	-40.219603
-3647.460938	-39.768787
-3644.531250	-39.697590
-3641.601562	-39.298345
-3638.671875	-39.283568
-3635.742188	-38.772821
-3632.812500	-39.170750
-3629.882812	-39.280029
-3626.953125	-40.060202
-3624.023438	-37.826140
-3621.093750	-36.877218
-3618.164062	-37.141515
-3615.234375	-38.229070
-3612.304688	-39.678230
-3609.375000	-40.044738
-3606.445312	-39.866430
-3603.515625	-39.899346
-3600.585938	-40.517233
-3597.656250	-39.821840
-3594.726562	-40.217289
-3591.796875	-41.774479
-3588.867188	-40.505769
-3585.937500	-40.445069
-3583.007812	-41.585170
-3580.078125	-41.734600
-3577.148438	-40.570819
-3574.218750	-40.020777
-3571.289062	-40.392388
-3568.359375	-40.368383
-3565.429688	-40.476426
-3562.500000	-41.837688
-3559.570312	-41.743491
-3556.640625	-40.855806
-3553.710938	-39.384382
-3550.781250	-39.992065
-3547.851562	-39.434883
-3544.921875	-38.638209
-3541.992188	-39.268380
-3539.062500	-39.363626
-3536.132812	-38.882251
-3533.203125	-38.411994
-3530.273438	-38.572087
-3527.343750	-39.293286
-3524.414062	-39.892795
-3521.484375	-39.583761
-3518.554688	-40.241273
-3515.625000	-40.539719
-3512.695312	-39.486667
-3509.765625	-40.055280
-3506.835938	-40.653923
-3503.906250	-40.935314
-3500.976562	-40.696685
-3498.046875	-39.266035
-3495.117188	-39.447896
-3492.187500	-38.879900
-3489.257812	-36.968374
-3486.328125	-36.611972
-3483.398438	-38.280130
-3480.468750	-38.682403
-3477.539062	-40.395945
-3474.609375	-41.359404
-3471.679688	-40.888003
-3468.750000	-41.761464
-3465.820312	-40.802582
-3462.890625	-39.988286
-3459.960938	-40.016312
-3457.031250	-40.103463
-3454.101562	-40.219195
-3451.171875	-40.128046
-3448.242188	-39.168386
-3445.312500	-38.522508
-3442.382812	-37.200244
-3439.453125	-37.767568
-3436.523438	-39.613756
-3433.593750	-38.781443
-3430.664062	-39.653303
-3427.734375	-38.111779
-3424.804688	-37.109450
-3421.875000	-37.528665
-3418.945312	-38.909669
-3416.015625	-40.407861
-3413.085938	-40.895250
-3410.156250	-40.901963
-3407.226562	-38.915117
-3404.296875	-37.856188
-3401.367188	-36.951339
-3398.437500	-36.695737
-3395.507812	-37.002006
-3392.578125	-37.501472
-3389.648438	-38.534462
-3386.718750	-38.407430
-3383.789062	-39.359930
-3380.859375	-40.195660
-3377.929688	-38.669040
-3375.000000	-36.759983
-3372.070312	-36.992609
-3369.140625	-37.457487
-3366.210938	-37.429064
-3363.281250	-37.408637
-3360.351562	-38.936320
-3357.421875	-39.384120
-3354.492188	-39.421204
-3351.562500	-40.178225
-3348.632812	-39.751523
-3345.703125	-38.022666
-3342.773438	-37.357500
-3339.843750	-38.809768
-3336.914062	-40.345480
-3333.984375	-40.877239
-3331.054688	-38.653070
-3328.125000	-37.752949
-3325.195312	-38.035401
-3322.265625	-39.242813
-3319.335938	-39.417322
-3316.406250	-40.893551
-3313.476562	-40.281119
-3310.546875	-40.121258
-3307.617188	-39.421257
-3304.687500	-38.547051
-3301.757812	-40.015211
-3298.828125	-40.541236
-3295.898438	-39.684336
-3292.968750	-38.486024
-3290.039062	-38.421178
-3287.109375	-38.117665
-3284.179688	-37.226207
-3281.250000	-37.246181
-3278.320312	-36.547240
-3275.390625	-38.788912
-3272.460938	-37.303631
-3269.531250	-36.964037
-3266.601562	-37.241430
-3263.671875	-37.348553
-3260.742188	-38.957265
-3257.812500	-37.581458
-3254.882812	-36.536099
-3251.953125	-37.140129
-3249.023438	-37.954929
-3246.093750	-37.458915
-3243.164062	-37.950952
-3240.234375	-39.046628
-3237.304688	-38.838714
-3234.375000	-38.127972
-3231.445312	-38.155690
-3228.515625	-38.575237
-3225.585938	-38.144370
-3222.656250	-38.505164
-3219.726562	-39.289640
-3216.796875	-39.818045
-3213.867188	-39.307946
-3210.937500	-39.071334
-3208.007812	-38.134938
-3205.078125	-38.109557
-3202.148438	-38.002753
-3199.218750	-39.325406
-3196.289062	-41.523700
-3193.359375	-39.848515
-3190.429688	-39.047302
-3187.500000	-38.213778
-3184.570312	-36.767132
-3181.640625	-38.647995
-3178.710938	-40.299042
-3175.781250	-39.265192
-3172.851562	-38.636471
-3169.921875	-37.223005
-3166.992188	-37.083540
-3164.062500	-38.607492
-3161.132812	-39.983711
-3158.203125	-39.577507
-3155.273438	-37.818749
-3152.343750	-37.172810
-3149.414062	-39.292295
-3146.484375	-38.864078
-3143.554688	-38.233927
-3140.625000	-37.322280
-3137.695312	-38.049416
-3134.765625	-37.179166
-3131.835938	-36.673089
-3128.906250	-36.514715
-3125.976562	-37.239648
-3123.046875	-38.325944
-3120.117188	-38.056632
-3117.187500	-39.535580
-3114.257812	-39.147276
-3111.328125	-38.016919
-3108.398438	-37.363282
-3105.468750	-37.761646
-3102.539062	-38.068705
-3099.609375	-38.259580
-3096.679688	-37.746585
-3093.750000	-37.271490
-3090.820312	-36.744779
-3087.890625	-37.799683
-3084.960938	-38.501952
-3082.031250	-36.464757
-3079.101562	-37.083012
-3076.171875	-38.388081
-3073.242188	-39.084845
-3070.312500	-37.860456
-3067.382812	-36.426184
-3064.453125	-35.475482
-3061.523438	-36.169360
-3058.593750	-38.167566
-3055.664062	-38.044063
-3052.734375	-37.538818
-3049.804688	-38.408334
-3046.875000	-38.559431
-3043.945312	-39.561033
-3041.015625	-38.503413
-3038.085938	-37.052476
-3035.156250	-36.665174
-3032.226562	-38.449406
-3029.296875	-36.243963
-3026.367188	-35.157296
-3023.437500	-35.206195
-3020.507812	-35.813102
-3017.578125	-36.271079
-3014.648438	-36.896013
-3011.718750	-37.441615
-3008.789062	-37.922213
-3005.859375	-37.614075
-3002.929688	-37.953233
-3000.000000	-37.125116
-2997.070312	-37.812416
-2994.140625	-37.943364
-2991.210938	-37.681011
-2988.281250	-38.000898
-2985.351562	-36.266149
-2982.421875	-36.558417
-2979.492188	-38.373701
-2976.562500	-37.207048
-2973.632812	-36.143498
-2970.703125	-36.169034
-2967.773438	-36.794050
-2964.843750	-36.896317
-2961.914062	-37.030994
-2958.984375	-36.449906
-2956.054688	-36.468512
-2953.125000	-37.819026
-2950.195312	-38.018345
-2947.265625	-36.546629
-2944.335938	-36.911105
-2941.406250	-36.707046
-2938.476562	-38.050770
-2935.546875	-39.305575
-2932.617188	-39.610570
-2929.687500	-39.031278
-2926.757812	-37.621028
-2923.828125	-36.961329
-2920.898438	-38.169392
-2917.968750	-39.511425
-2915.039062	-38.665892
-2912.109375	-37.877041
-2909.179688	-38.972834
-2906.250000	-38.121345
-2903.320312	-36.454003
-2900.390625	-35.650955
-2897.460938	-35.087691
-2894.531250	-35.010539
-2891.601562	-36.682761
-2888.671875	-38.695107
-2885.742188	-36.995549
-2882.812500	-36.801502
-2879.882812	-36.120300
-2876.953125	-37.224777
-2874.023438	-38.888717
-2871.093750	-38.400322
-2868.164062	-38.571424
-2865.234375	-37.029447
-2862.304688	-36.944848
-2859.375000	-37.626079
-2856.445312	-37.703740
-2853.515625	-37.189106
-2850.585938	-38.358892
-2847.656250	-38.141224
-2844.726562	-36.992866
-2841.796875	-35.808868
-2838.867188	-35.673915
-2835.937500	-37.885204
-2833.007812	-37.927370
-2830.078125	-36.531394
-2827.148438	-35.361655
-2824.218750	-34.959744
-2821.289062	-37.094127
-2818.359375	-38.065906
-2815.429688	-39.404142
-2812.500000	-37.936979
-2809.570312	-36.625315
-2806.640625	-36.952100
-2803.710938	-36.350175
-2800.781250	-36.790987
-2797.851562	-35.698058
-2794.921875	-35.912006
-2791.992188	-35.142648
-2789.062500	-35.502038
-2786.132812	-36.726882
-2783.203125	-35.117870
-2780.273438	-34.178146
-2777.343750	-34.190541
-2774.414062	-34.252022
-2771.484375	-32.384559
-2768.554688	-33.928461
-2765.625000	-34.232614
-2762.695312	-33.765060
-2759.765625	-34.564091
-2756.835938	-35.317439
-2753.906250	-35.876558
-2750.976562	-36.046128
-2748.046875	-36.471086
-2745.117188	-35.884487
-2742.187500	-34.831507
-2739.257812	-35.445156
-2736.328125	-35.824361
-2733.398438	-34.884244
-2730.468750	-35.087700
-2727.539062	-35.189041
-2724.609375	-35.291185
-2721.679688	-35.739603
-2718.750000	-35.201217
-2715.820312	-35.673571
-2712.890625	-34.922543
-2709.960938	-35.677445
-2707.031250	-36.656416
-2704.101562	-37.039129
-2701.171875	-37.339271
-2698.242188	-38.409385
-2695.312500	-38.108380
-2692.382812	-38.048293
-2689.453125	-36.555434
-2686.523438	-35.872537
-2683.593750	-36.550638
-2680.664062	-36.809412
-2677.734375	-37.632289
-2674.804688	-38.548482
-2671.875000	-39.206889
-2668.945312	-38.073455
-2666.015625	-37.939699
-2663.085938	-38.497877
-2660.156250	-36.898728
-2657.226562	-34.898711
-2654.296875	-34.827901
-2651.367188	-35.122184
-2648.437500	-34.777146
-2645.507812	-35.255481
-2642.578125	-36.200305
-2639.648438	-36.031126
-2636.718750	-35.985562
-2633.789062	-36.019666
-2630.859375	-35.906117
-2627.929688	-35.640874
-2625.000000	-35.505430
-2622.070312	-34.920026
-2619.140625	-35.826500
-2616.210938	-36.947236
-2613.281250	-36.213583
-2610.351562	-35.920628
-2607.421875	-36.216263
-2604.492188	-36.387072
-2601.562500	-34.486062
-2598.632812	-33.845109
-2595.703125	-35.677502
-2592.773438	-37.082602
-2589.843750	-34.732923
-2586.914062	-34.835869
-2583.984375	-36.921326
-2581.054688	-38.002939
-2578.125000	-37.689702
-2575.195312	-36.491629
-2572.265625	-36.437770
-2569.335938	-37.465692
-2566.406250	-36.224779
-2563.476562	-35.094345
-2560.546875	-34.308060
-2557.617188	-34.220041
-2554.687500	-35.103801
-2551.757812	-35.302438
-2548.828125	-34.593816
-2545.898438	-34.318636
-2542.968750	-35.650567
-2540.039062	-36.598542
-2537.109375	-36.215520
-2534.179688	-34.614558
-2531.250000	-33.247378
-2528.320312	-33.123331
-2525.390625	-34.342678
-2522.460938	-34.587157
-2519.531250	-34.630071
-2516.601562	-34.678546
-2513.671875	-35.312489
-2510.742188	-37.346026
-2507.812500	-37.586588
-2504.882812	-38.017201
-2501.953125	-36.440340
-2499.023438	-37.011324
-2496.093750	-36.448264
-2493.164062	-36.004589
-2490.234375	-36.496081
-2487.304688	-36.566663
-2484.375000	-37.352498
-2481.445312	-35.878808
-2478.515625	-34.957665
-2475.585938	-35.336762
-2472.656250	-35.553620
-2469.726562	-35.930649
-2466.796875	-37.896716
-2463.867188	-37.516621
-2460.937500	-36.127562
-2458.007812	-37.115422
-2455.078125	-37.554629
-2452.148438	-36.195689
-2449.218750	-36.681971
-2446.289062	-36.178013
-2443.359375	-36.703319
-2440.429688	-36.135038
-2437.500000	-36.204289
-2434.570312	-36.638189
-2431.640625	-36.618427
-2428.710938	-35.668633
-2425.781250	-34.891173
-2422.851562	-33.642409
-2419.921875	-34.827254
-2416.992188	-34.746157
-2414.062500	-33.895102
-2411.132812	-35.675511
-2408.203125	-35.390160
-2405.273438	-35.189322
-2402.343750	-36.567247
-2399.414062	-34.452631
-2396.484375	-32.637077
-2393.554688	-32.524021
-2390.625000	-34.138904
-2387.695312	-34.709547
-2384.765625	-36.087573
-2381.835938	-35.411623
-2378.906250	-34.777078
-2375.976562	-35.442316
-2373.046875	-34.668557
-2370.117188	-33.051345
-2367.187500	-33.903619
-2364.257812	-33.574447
-2361.328125	-34.400955
-2358.398438	-35.524058
-2355.468750	-35.105902
-2352.539062	-34.425563
-2349.609375	-33.959156
-2346.679688	-34.845459
-2343.750000	-35.753523
-2340.820312	-34.233999
-2337.890625	-33.611794
-2334.960938	-33.579707
-2332.031250	-35.173000
-2329.101562	-36.256304
-2326.171875	-36.425765
-2323.242188	-34.083685
-2320.312500	-33.770186
-2317.382812	-35.527342
-2314.453125	-35.654812
-2311.523438	-34.786370
-2308.593750	-35.102016
-2305.664062	-35.209791
-2302.734375	-36.076880
-2299.804688	-36.392796
-2296.875000	-35.855137
-2293.945312	-35.437268
-2291.015625	-35.326408
-2288.085938	-35.274980
-2285.156250	-35.847656
-2282.226562	-34.476916
-2279.296875	-34.963295
-2276.367188	-34.600373
-2273.437500	-35.183018
-2270.507812	-35.331335
-2267.578125	-32.977934
-2264.648438	-33.468515
-2261.718750	-34.648825
-2258.789062	-36.343325
-2255.859375	-34.042203
-2252.929688	-33.472557
-2250.000000	-34.251057
-2247.070312	-34.527539
-2244.140625	-33.468798
-2241.210938	-34.453391
-2238.281250	-35.148914
-2235.351562	-34.515903
-2232.421875	-34.355697
-2229.492188	-34.026500
-2226.562500	-35.373631
-2223.632812	-36.141361
-2220.703125	-33.711766
-2217.773438	-32.940487
-2214.843750	-34.203996
-2211.914062	-34.357964
-2208.984375	-34.273580
-2206.054688	-32.970511
-2203.125000	-33.064133
-2200.195312	-35.405001
-2197.265625	-34.505669
-2194.335938	-33.625604
-2191.406250	-34.772366
-2188.476562	-34.924757
-2185.546875	-33.933785
-2182.617188	-33.675830
-2179.687500	-34.761812
-2176.757812	-34.966710
-2173.828125	-35.136414
-2170.898438	-34.510453
-2167.968750	-34.982705
-2165.039062	-34.700434
-2162.109375	-33.974544
-2159.179688	-33.215610
-2156.250000	-33.243082
-2153.320312	-34.212228
-2150.390625	-34.290849
-2147.460938	-34.563216
-2144.531250	-33.561627
-2141.601562	-33.295788
-2138.671875	-33.648949
-2135.742188	-33.977266
-2132.812500	-34.538027
-2129.882812	-33.930726
-2126.953125	-33.786260
-2124.023438	-34.011782
-2121.093750	-35.256189
-2118.164062	-35.606764
-2115.234375	-33.204384
-2112.304688	-33.859921
-2109.375000	-35.326279
-2106.445312	-34.111071
-2103.515625	-32.712399
-2100.585938	-31.818092
-2097.656250	-31.742965
-2094.726562	-32.895082
-2091.796875	-34.634581
-2088.867188	-33.712470
-2085.937500	-33.330041
-2083.007812	-33.807784
-2080.078125	-33.525341
-2077.148438	-33.869691
-2074.218750	-35.286218
-2071.289062	-35.614357
-2068.359375	-34.111070
-2065.429688	-32.489104
-2062.500000	-33.239859
-2059.570312	-31.275982
-2056.640625	-31.595731
-2053.710938	-32.363368
-2050.781250	-32.161085
-2047.851562	-32.663589
-2044.921875	-33.004655
-2041.992188	-32.174660
-2039.062500	-31.639779
-2036.132812	-31.461624
-2033.203125	-31.666744
-2030.273438	-32.350905
-2027.343750	-33.392244
-2024.414062	-32.387780
-2021.484375	-33.304648
-2018.554688	-32.491646
-2015.625000	-32.153508
-2012.695312	-32.859064
-2009.765625	-32.485895
-2006.835938	-31.675103
-2003.906250	-31.971840
-2000.976562	-32.635791
-1998.046875	-33.006337
-1995.117188	-31.538055
-1992.187500	-31.838533
-1989.257812	-32.227551
-1986.328125	-32.999492
-1983.398438	-33.850154
-1980.468750	-33.638675
-1977.539062	-32.227955
-1974.609375	-32.269164
-1971.679688	-31.640232
-1968.750000	-31.782690
-1965.820312	-33.762606
-1962.890625	-33.972164
-1959.960938	-33.877313
-1957.031250	-33.538000
-1954.101562	-33.272236
-1951.171875	-33.488418
-1948.242188	-32.478259
-1945.312500	-32.366225
-1942.382812	-31.967928
-1939.453125	-31.074263
-1936.523438	-32.294228
-1933.593750	-32.355275
-1930.664062	-32.939453
-1927.734375	-32.703623
-1924.804688	-32.992886
-1921.875000	-34.151273
-1918.945312	-33.890543
-1916.015625	-33.109475
-1913.085938	-31.954363
-1910.156250	-31.907012
-1907.226562	-32.334723
-1904.296875	-31.738748
-1901.367188	-30.781296
-1898.437500	-31.897034
-1895.507812	-32.879940
-1892.578125	-31.442873
-1889.648438	-31.125881
-1886.718750	-31.576130
-1883.789062	-32.172819
-1880.859375	-32.151081
-1877.929688	-31.831686
-1875.000000	-32.073904
-1872.070312	-30.827594
-1869.140625	-31.145633
-1866.210938	-32.465258
-1863.281250	-32.403605
-1860.351562	-32.099622
-1857.421875	-32.615370
-1854.492188	-31.998834
-1851.562500	-32.106829
-1848.632812	-32.533962
-1845.703125	-31.435451
-1842.773438	-31.122594
-1839.843750	-31.920232
-1836.914062	-32.281596
-1833.984375	-31.849051
-1831.054688	-32.211237
-1828.125000	-33.113508
-1825.195312	-31.294584
-1822.265625	-29.376895
-1819.335938	-29.055271
-1816.406250	-29.704128
-1813.476562	-30.311251
-1810.546875	-30.315035
-1807.617188	-30.670844
-1804.687500	-31.974556
-1801.757812	-32.318111
-1798.828125	-31.977786
-1795.898438	-32.995015
-1792.968750	-32.263823
-1790.039062	-30.891103
-1787.109375	-31.942257
-1784.179688	-34.178655
-1781.250000	-32.690911
-1778.320312	-31.166811
-1775.390625	-29.593799
-1772.460938	-29.635452
-1769.531250	-30.030117
-1766.601562	-30.755406
-1763.671875	-31.265321
-1760.742188	-32.379791
-1757.812500	-33.444231
-1754.882812	-33.656329
-1751.953125	-31.221233
-1749.023438	-32.700065
-1746.093750	-33.569258
-1743.164062	-32.234119
-1740.234375	-30.895374
-1737.304688	-30.529021
-1734.375000	-31.132856
-1731.445312	-31.871811
-1728.515625	-33.427367
-1725.585938	-32.961924
-1722.656250	-31.564796
-1719.726562	-31.505133
-1716.796875	-31.271941
-1713.867188	-31.117345
-1710.937500	-30.469963
-1708.007812	-31.529714
-1705.078125	-33.428291
-1702.148438	-33.203808
-1699.218750	-33.899382
-1696.289062	-31.943464
-1693.359375	-31.142749
-1690.429688	-32.529753
-1687.500000	-31.837935
-1684.570312	-30.914120
-1681.640625	-31.763118
-1678.710938	-31.906239
-1675.781250	-30.805479
-1672.851562	-31.078971
-1669.921875	-30.636191
-1666.992188	-31.526686
-1664.062500	-30.777112
-1661.132812	-30.802174
-1658.203125	-32.044660
-1655.273438	-32.649892
-1652.343750	-30.659663
-1649.414062	-30.035869
-1646.484375	-29.887899
-1643.554688	-28.447959
-1640.625000	-28.677461
-1637.695312	-29.945086
-1634.765625	-31.094859
-1631.835938	-30.813088
-1628.906250	-31.719894
-1625.976562	-31.214438
-1623.046875	-31.362305
-1620.117188	-31.531674
-1617.187500	-29.975744
-1614.257812	-29.256656
-1611.328125	-30.987415
-1608.398438	-29.855735
-1605.468750	-29.202085
-1602.539062	-30.838112
-1599.609375	-31.489453
-1596.679688	-31.324328
-1593.750000	-31.995071
-1590.820312	-33.181805
-1587.890625	-32.361406
-1584.960938	-30.758773
-1582.031250	-30.806142
-1579.101562	-32.162276
-1576.171875	-32.220361
-1573.242188	-32.322207
-1570.312500	-31.417495
-1567.382812	-30.447432
-1564.453125	-30.287938
-1561.523438	-30.544243
-1558.593750	-31.964043
-1555.664062	-30.893086
-1552.734375	-28.762731
-1549.804688	-29.301343
-1546.875000	-30.606273
-1543.945312	-30.961149
-1541.015625	-29.573120
-1538.085938	-30.251524
-1535.156250	-31.661327
-1532.226562	-31.501021
-1529.296875	-32.044530
-1526.367188	-32.407584
-1523.437500	-30.548659
-1520.507812	-31.233698
-1517.578125	-31.614231
-1514.648438	-32.503445
-1511.718750	-31.423250
-1508.789062	-31.118519
-1505.859375	-30.798052
-1502.929688	-29.902820
-1500.000000	-29.931983
-1497.070312	-31.880963
-1494.140625	-31.601629
-1491.210938	-31.143966
-1488.281250	-31.614606
-1485.351562	-32.197221
-1482.421875	-31.349867
-1479.492188	-31.160448
-1476.562500	-30.608514
-1473.632812	-31.069155
-1470.703125	-31.555115
-1467.773438	-30.518109
-1464.843750	-31.112757
-1461.914062	-31.720700
-1458.984375	-32.507543
-1456.054688	-33.839640
-1453.125000	-32.935261
-1450.195312	-32.650034
-1447.265625	-32.252338
-1444.335938	-31.178143
-1441.406250	-31.096727
-1438.476562	-32.162365
-1435.546875	-31.285902
-1432.617188	-31.813314
-1429.687500	-31.208244
-1426.757812	-30.934353
-1423.828125	-32.285519
-1420.898438	-30.802392
-1417.968750	-31.188860
-1415.039062	-32.233231
-1412.109375	-31.931176
-1409.179688	-30.812888
-1406.250000	-30.829826
-1403.320312	-31.595128
-1400.390625	-31.745108
-1397.460938	-31.582376
-1394.531250	-30.371536
-1391.601562	-31.123440
-1388.671875	-31.991297
-1385.742188	-30.461286
-1382.812500	-29.189900
-1379.882812	-29.331049
-1376.953125	-29.030932
-1374.023438	-30.289914
-1371.093750	-32.085510
-1368.164062	-33.584203
-1365.234375	-30.877285
-1362.304688	-29.695251
-1359.375000	-30.652882
-1356.445312	-30.589188
-1353.515625	-30.500642
-1350.585938	-30.375064
-1347.656250	-29.079121
-1344.726562	-31.077291
-1341.796875	-31.918203
-1338.867188	-30.048550
-1335.937500	-30.295250
-1333.007812	-30.479716
-1330.078125	-29.336677
-1327.148438	-27.875143
-1324.218750	-29.087230
-1321.289062	-30.610053
-1318.359375	-31.972254
-1315.429688	-30.806201
-1312.500000	-29.529819
-1309.570312	-29.953106
-1306.640625	-29.962960
-1303.710938	-29.953771
-1300.781250	-29.678734
-1297.851562	-29.014301
-1294.921875	-28.989093
-1291.992188	-29.764325
-1289.062500	-29.283821
-1286.132812	-28.975561
-1283.203125	-30.623962
-1280.273438	-30.728864
-1277.343750	-29.782871
-1274.414062	-28.937848
-1271.484375	-29.050154
-1268.554688	-29.516755
-1265.625000	-30.340246
-1262.695312	-28.942484
-1259.765625	-30.653507
-1256.835938	-31.832484
-1253.906250	-30.801749
-1250.976562	-29.311993
-1248.046875	-29.697701
-1245.117188	-29.162735
-1242.187500	-28.706327
-1239.257812	-28.162367
-1236.328125	-27.167652
-1233.398438	-27.533699
-1230.468750	-27.468968
-1227.539062	-27.309741
-1224.609375	-27.517264
-1221.679688	-28.081763
-1218.750000	-27.718711
-1215.820312	-26.710688
-1212.890625	-26.643422
-1209.960938	-26.009204
-1207.031250	-25.631064
-1204.101562	-26.021186
-1201.171875	-27.148107
-1198.242188	-28.179939
-1195.312500	-29.479518
-1192.382812	-28.846193
-1189.453125	-27.923604
-1186.523438	-29.175426
-1183.593750	-30.990970
-1180.664062	-31.184404
-1177.734375	-32.407244
-1174.804688	-31.744952
-1171.875000	-31.238167
-1168.945312	-32.269726
-1166.015625	-31.473067
-1163.085938	-30.502067
-1160.156250	-29.700216
-1157.226562	-30.948744
-1154.296875	-31.763193
-1151.367188	-31.148659
-1148.437500	-30.282671
-1145.507812	-30.279864
-1142.578125	-29.281335
-1139.648438	-29.811796
-1136.718750	-31.808176
-1133.789062	-30.237075
-1130.859375	-29.136045
-1127.929688	-29.529465
-1125.000000	-29.855874
-1122.070312	-31.151145
-1119.140625	-30.217513
-1116.210938	-29.660705
-1113.281250	-30.040837
-1110.351562	-30.652493
-1107.421875	-30.507535
-1104.492188	-29.804368
-1101.562500	-30.140704
-1098.632812	-29.424129
-1095.703125	-29.770349
-1092.773438	-30.610746
-1089.843750	-31.302847
-1086.914062	-30.143628
-1083.984375	-30.108370
-1081.054688	-30.209732
-1078.125000	-30.154668
-1075.195312	-29.606681
-1072.265625	-29.836686
-1069.335938	-30.582290
-1066.406250	-29.717581
-1063.476562	-30.222628
-1060.546875	-31.043928
-1057.617188	-30.012375
-1054.687500	-29.744924
-1051.757812	-29.367040
-1048.828125	-29.360412
-1045.898438	-30.298623
-1042.968750	-30.104407
-1040.039062	-30.103363
-1037.109375	-30.916150
-1034.179688	-30.936080
-1031.250000	-31.957596
-1028.320312	-30.911322
-1025.390625	-29.455147
-1022.460938	-28.837484
-1019.531250	-28.451961
-1016.601562	-27.780189
-1013.671875	-27.213662
-1010.742188	-27.680258
-1007.812500	-29.108738
-1004.882812	-30.267168
-1001.953125	-28.545161
-999.023438	-27.427842
-996.093750	-27.190940
-993.164062	-28.894173
-990.234375	-29.668336
-987.304688	-29.946199
-984.375000	-31.306873
-981.445312	-31.159333
-978.515625	-31.410559
-975.585938	-30.386832
-972.656250	-30.929507
-969.726562	-31.206872
-966.796875	-29.870385
-963.867188	-30.938887
-960.937500	-32.030871
-958.007812	-32.932731
-955.078125	-29.158734
-952.148438	-27.274838
-949.218750	-28.260294
-946.289062	-28.676715
-943.359375	-27.935211
-940.429688	-27.593119
-937.500000	-28.436079
-934.570312	-29.419648
-931.640625	-29.148713
-928.710938	-29.343829
-925.781250	-29.041335
-922.851562	-29.654465
-919.921875	-28.850736
-916.992188	-28.503976
-914.062500	-28.489749
-911.132812	-28.158175
-908.203125	-28.505686
-905.273438	-28.262609
-902.343750	-26.555757
-899.414062	-25.712485
-896.484375	-26.756455
-893.554688	-27.783110
-890.625000	-27.704807
-887.695312	-27.815896
-884.765625	-28.409632
-881.835938	-27.863249
-878.906250	-29.042607
-875.976562	-30.913740
-873.046875	-29.972447
-870.117188	-31.275673
-867.187500	-31.106354
-864.257812	-30.242797
-861.328125	-28.518408
-858.398438	-27.582257
-855.468750	-29.058627
-852.539062	-30.015445
-849.609375	-28.797849
-846.679688	-28.895423
-843.750000	-29.726074
-840.820312	-30.509871
-837.890625	-30.609340
-834.960938	-29.504619
-832.031250	-29.528213
-829.101562	-30.710950
-826.171875	-31.179449
-823.242188	-31.473487
-820.312500	-29.437266
-817.382812	-28.682738
-814.453125	-28.683361
-811.523438	-29.225291
-808.593750	-27.832481
-805.664062	-25.927586
-802.734375	-26.490393
-799.804688	-30.356801
-796.875000	-30.379239
-793.945312	-29.739466
-791.015625	-25.813651
-788.085938	-25.361612
-785.156250	-26.911909
-782.226562	-24.829041
-779.296875	-26.830988
-776.367188	-27.903116
-773.437500	-27.206527
-770.507812	-26.232973
-767.578125	-24.817634
-764.648438	-25.668025
-761.718750	-27.578891
-758.789062	-29.503564
-755.859375	-29.683830
-752.929688	-27.949306
-750.000000	-26.851559
-747.070312	-27.905936
-744.140625	-28.635586
-741.210938	-29.476713
-738.281250	-29.448561
-735.351562	-28.950901
-732.421875	-27.166625
-729.492188	-27.381857
-726.562500	-27.328707
-723.632812	-28.484063
-720.703125	-29.131822
-717.773438	-28.563385
-714.843750	-25.984298
-711.914062	-25.877874
-708.984375	-27.139284
-706.054688	-28.924034
-703.125000	-27.483533
-700.195312	-26.602376
-697.265625	-25.250734
-694.335938	-24.796306
-691.406250	-25.078727
-688.476562	-26.069607
-685.546875	-27.271534
-682.617188	-27.843967
-679.687500	-26.775540
-676.757812	-27.193766
-673.828125	-28.091550
-670.898438	-28.318033
-667.968750	-27.945785
-665.039062	-27.018210
-662.109375	-26.858675
-659.179688	-26.696999
-656.250000	-27.003613
-653.320312	-27.463906
-650.390625	-27.990974
-647.460938	-29.473821
-644.531250	-27.389355
-641.601562	-27.010943
-638.671875	-27.066110
-635.742188	-27.556973
-632.812500	-28.385595
-629.882812	-28.661863
-626.953125	-27.912227
-624.023438	-27.719477
-621.093750	-27.743575
-618.164062	-27.245869
-615.234375	-27.710247
-612.304688	-27.346925
-609.375000	-27.599213
-606.445312	-27.935494
-603.515625	-28.184760
-600.585938	-30.104122
-597.656250	-27.813849
-594.726562	-27.598507
-591.796875	-28.116808
-588.867188	-28.893315
-585.937500	-29.186128
-583.007812	-29.046201
-580.078125	-28.741760
-577.148438	-28.329545
-574.218750	-28.431200
-571.289062	-28.385725
-568.359375	-28.513279
-565.429688	-29.706516
-562.500000	-29.811622
-559.570312	-29.201579
-556.640625	-27.977768
-553.710938	-27.816855
-550.781250	-28.657515
-547.851562	-27.990114
-544.921875	-27.349484
-541.992188	-27.375283
-539.062500	-27.442962
-536.132812	-27.437826
-533.203125	-27.064437
-530.273438	-26.387181
-527.343750	-26.408724
-524.414062	-26.725479
-521.484375	-27.489082
-518.554688	-27.856684
-515.625000	-28.307456
-512.695312	-27.648064
-509.765625	-24.268888
-506.835938	-23.900896
-503.906250	-26.019466
-500.976562	-26.274094
-498.046875	-27.273772
-495.117188	-28.565587
-492.187500	-28.277792
-489.257812	-26.707950
-486.328125	-28.163110
-483.398438	-29.547288
-480.468750	-28.531528
-477.539062	-27.506927
-474.609375	-26.949380
-471.679688	-26.585246
-468.750000	-26.438566
-465.820312	-26.050620
-462.890625	-25.871035
-459.960938	-25.372724
-457.031250	-25.781332
-454.101562	-26.156997
-451.171875	-26.262897
-448.242188	-26.211861
-445.312500	-26.205279
-442.382812	-25.498302
-439.453125	-25.721720
-436.523438	-25.545147
-433.593750	-24.976579
-430.664062	-25.063735
-427.734375	-26.259559
-424.804688	-26.885942
-421.875000	-27.820845
-418.945312	-28.965318
-416.015625	-29.182576
-413.085938	-28.822297
-410.156250	-28.040693
-407.226562	-27.611102
-404.296875	-26.369488
-401.367188	-26.251658
-398.437500	-26.797921
-395.507812	-27.201474
-392.578125	-28.328780
-389.648438	-29.031155
-386.718750	-29.079978
-383.789062	-28.068154
-380.859375	-27.454287
-377.929688	-28.583604
-375.000000	-27.717202
-372.070312	-27.790020
-369.140625	-27.587090
-366.210938	-29.412189
-363.281250	-27.801526
-360.351562	-26.726969
-357.421875	-27.137074
-354.492188	-27.009699
-351.562500	-28.089709
-348.632812	-28.947099
-345.703125	-27.196303
-342.773438	-28.289558
-339.843750	-29.095802
-336.914062	-28.693874
-333.984375	-28.166302
-331.054688	-28.795195
-328.125000	-27.759879
-325.195312	-26.454176
-322.265625	-28.580983
-319.335938	-27.939874
-316.406250	-28.034796
-313.476562	-28.283083
-310.546875	-27.509404
-307.617188	-26.205966
-304.687500	-25.600486
-301.757812	-27.633046
-298.828125	-28.023001
-295.898438	-27.387481
-292.968750	-27.546370
-290.039062	-27.909709
-287.109375	-27.905691
-284.179688	-27.985858
-281.250000	-28.130692
-278.320312	-28.262298
-275.390625	-27.952950
-272.460938	-28.569718
-269.531250	-28.964469
-266.601562	-26.495009
-263.671875	-25.104634
-260.742188	-25.355087
-257.812500	-25.712918
-254.882812	-25.340394
-251.953125	-24.692964
-249.023438	-24.594496
-246.093750	-24.199500
-243.164062	-24.278543
-240.234375	-25.830008
-237.304688	-26.900489
-234.375000	-24.937914
-231.445312	-23.655519
-228.515625	-24.080756
-225.585938	-25.389195
-222.656250	-25.069350
-219.726562	-24.239927
-216.796875	-24.434028
-213.867188	-26.983563
-210.937500	-24.670718
-208.007812	-23.028645
-205.078125	-22.502237
-202.148438	-22.859184
-199.218750	-23.350464
-196.289062	-25.187829
-193.359375	-25.572317
-190.429688	-25.673601
-187.500000	-24.767067
-184.570312	-24.508806
-181.640625	-24.670663
-178.710938	-25.249350
-175.781250	-24.659044
-172.851562	-24.475774
-169.921875	-26.134735
-166.992188	-26.162628
-164.062500	-26.352892
-161.132812	-25.916489
-158.203125	-26.376784
-155.273438	-24.506427
-152.343750	-22.419471
-149.414062	-23.053954
-146.484375	-26.748126
-143.554688	-25.175668
-140.625000	-24.068434
-137.695312	-24.849045
-134.765625	-26.266361
-131.835938	-26.231903
-128.906250	-26.627204
-125.976562	-26.564978
-123.046875	-26.908004
-120.117188	-26.044172
-117.187500	-25.707758
-114.257812	-26.380586
-111.328125	-25.758403
-108.398438	-25.200425
-105.468750	-25.874670
-102.539062	-27.158964
-99.609375	-27.494171
-96.679688	-25.382717
-93.750000	-25.122458
-90.820312	-27.371356
-87.890625	-24.557185
-84.960938	-23.955815
-82.031250	-25.244788
-79.101562	-24.601872
-76.171875	-22.838715
-73.242188	-22.471607
-70.312500	-25.404180
-67.382812	-23.955232
-64.453125	-24.011471
-61.523438	-22.830017
-58.593750	-23.026327
-55.664062	-22.384966
-52.734375	-20.607868
-49.804688	-20.785284
-46.875000	-21.915984
-43.945312	-20.840788
-41.015625	-18.964704
-38.085938	-19.344890
-35.156250	-19.841659
-32.226562	-17.896530
-29.296875	-19.403763
-26.367188	-16.694014
-23.437500	-16.148518
-20.507812	-14.966708
-17.578125	-13.799089
-14.648438	-11.877625
-11.718750	-10.914639
-8.789062	-9.120981
-5.859375	-8.136268
-2.929688	-2.110053
0.000000	0.000000
2.929688	-2.553747
5.859375	-2.740221
8.789062	-4.310236
11.718750	-7.726779
14.648438	-11.236802
17.578125	-12.685226
20.507812	-12.082376
23.437500	-14.360508
26.367188	-15.830657
29.296875	-17.247859
32.226562	-17.444409
35.156250	-18.208009
38.085938	-18.202579
41.015625	-19.414773
43.945312	-20.023816
46.875000	-19.490914
49.804688	-19.784090
52.734375	-19.426322
55.664062	-19.715248
58.593750	-19.823205
61.523438	-19.818754
64.453125	-20.223266
67.382812	-19.529077
70.312500	-20.417348
73.242188	-21.513083
76.171875	-21.420386
79.101562	-21.713479
82.031250	-21.950808
84.960938	-20.678228
87.890625	-21.769103
90.820312	-22.191119
93.750000	-20.313385
96.679688	-20.867941
99.609375	-22.154199
102.539062	-22.328420
105.468750	-21.903074
108.398438	-20.947347
111.328125	-21.642018
114.257812	-21.094996
117.187500	-20.311482
120.117188	-22.624832
123.046875	-21.593237
125.976562	-21.446138
128.906250	-21.531569
131.835938	-21.001433
134.765625	-20.663189
137.695312	-22.416187
140.625000	-21.186352
143.554688	-20.984645
146.484375	-16.610212
149.414062	-16.404930
152.343750	-17.853114
155.273438	-15.337457
158.203125	-18.435471
161.132812	-20.011753
164.062500	-18.985713
166.992188	-15.372477
169.921875	-13.959939
172.851562	-12.882927
175.781250	-10.718096
178.710938	-8.203906
181.640625	-6.922518
184.570312	-7.483334
187.500000	-9.996104
190.429688	-9.923730
193.359375	-9.496828
196.289062	-10.619742
199.218750	-10.943008
202.148438	-11.345180
205.078125	-11.668895
208.007812	-9.729269
210.937500	-10.256078
213.867188	-10.275154
216.796875	-7.338537
219.726562	-6.194948
222.656250	-8.586363
225.585938	-11.008651
228.515625	-10.618230
231.445312	-9.972165
234.375000	-9.944566
237.304688	-11.388106
240.234375	-12.095282
243.164062	-9.495422
246.093750	-6.927768
249.023438	-5.627274
251.953125	-5.270718
254.882812	-7.747982
257.812500	-10.602791
260.742188	-10.821643
263.671875	-12.354493
266.601562	-14.822179
269.531250	-16.757693
272.460938	-15.141995
275.390625	-15.899375
278.320312	-15.801238
281.250000	-14.938143
284.179688	-15.482875
287.109375	-14.861917
290.039062	-15.103891
292.968750	-13.834559
295.898438	-13.688086
298.828125	-13.263626
301.757812	-12.198610
304.687500	-11.131552
307.617188	-11.622809
310.546875	-11.911371
313.476562	-10.707347
316.406250	-8.888668
319.335938	-7.537454
322.265625	-7.976702
325.195312	-7.837255
328.125000	-6.446150
331.054688	-6.968317
333.984375	-7.360010
336.914062	-5.508588
339.843750	-4.503535
342.773438	-5.055644
345.703125	-7.140408
348.632812	-9.969738
351.562500	-10.241751
354.492188	-9.932412
357.421875	-8.740922
360.351562	-8.900123
363.281250	-9.072548
366.210938	-7.515383
369.140625	-7.599812
372.070312	-6.356982
375.000000	-5.653349
377.929688	-8.076450
380.859375	-8.960503
383.789062	-8.006203
386.718750	-8.202928
389.648438	-9.417131
392.578125	-11.402934
395.507812	-9.323489
398.437500	-5.891913
401.367188	-5.732504
404.296875	-6.204529
407.226562	-6.907276
410.156250	-6.771035
413.085938	-5.961289
416.015625	-4.836673
418.945312	-4.759130
421.875000	-6.044959
424.804688	-8.468890
427.734375	-7.495891
430.664062	-6.330504
433.593750	-4.450925
436.523438	-4.724481
439.453125	-4.567045
442.382812	-4.618797
445.312500	-6.145331
448.242188	-5.645439
451.171875	-5.649391
454.101562	-5.874780
457.031250	-6.237696
459.960938	-6.852923
462.890625	-6.214707
465.820312	-5.628184
468.750000	-6.051737
471.679688	-7.020416
474.609375	-7.482503
477.539062	-7.170756
480.468750	-6.963779
483.398438	-7.504966
486.328125	-8.322857
489.257812	-8.629898
492.187500	-8.772956
495.117188	-8.473650
498.046875	-9.251814
500.976562	-9.136961
503.906250	-8.485541
506.835938	-9.651159
509.765625	-8.223731
512.695312	-7.703559
515.625000	-9.378759
518.554688	-10.690255
521.484375	-12.128767
524.414062	-11.068343
527.343750	-9.162533
530.273438	-9.316920
533.203125	-12.129223
536.132812	-11.718793
539.062500	-13.649183
541.992188	-11.354841
544.921875	-13.311819
547.851562	-15.221309
550.781250	-15.280503
553.710938	-13.763865
556.640625	-14.676469
559.570312	-15.408598
562.500000	-14.757731
565.429688	-15.617296
568.359375	-15.829866
571.289062	-14.891267
574.218750	-15.884494
577.148438	-16.480976
580.078125	-16.090339
583.007812	-17.469870
585.937500	-16.985670
588.867188	-17.130869
591.796875	-16.565844
594.726562	-16.522606
597.656250	-16.510193
600.585938	-16.358670
603.515625	-16.134176
606.445312	-15.306849
609.375000	-13.739099
612.304688	-11.876976
615.234375	-11.248204
618.164062	-12.309558
621.093750	-16.519398
624.023438	-16.560584
626.953125	-14.934483
629.882812	-17.728611
632.812500	-20.098101
635.742188	-18.045979
638.671875	-16.768905
641.601562	-18.408871
644.531250	-19.244411
647.460938	-17.237745
650.390625	-15.861758
653.320312	-14.791251
656.250000	-16.588909
659.179688	-18.701010
662.109375	-18.655366
665.039062	-16.396538
667.968750	-17.440834
670.898438	-18.152938
673.828125	-17.926335
676.757812	-18.744825
679.687500	-20.460425
682.617188	-19.313345
685.546875	-17.934904
688.476562	-19.985279
691.406250	-19.941022
694.335938	-18.414101
697.265625	-19.409363
700.195312	-17.352568
703.125000	-17.460877
706.054688	-17.739983
708.984375	-17.656736
711.914062	-17.266366
714.843750	-18.077530
717.773438	-18.001754
720.703125	-19.352645
723.632812	-19.735070
726.562500	-18.399730
729.492188	-17.317294
732.421875	-17.669829
735.351562	-19.300068
738.281250	-19.830879
741.210938	-19.309696
744.140625	-19.085594
747.070312	-18.977070
750.000000	-17.823820
752.929688	-17.638818
755.859375	-19.408312
758.789062	-18.344779
761.718750	-17.835346
764.648438	-17.876232
767.578125	-17.838861
770.507812	-16.866624
773.437500	-17.565130
776.367188	-17.271129
779.296875	-19.189416
782.226562	-19.513539
785.156250	-18.073010
788.085938	-17.676149
791.015625	-18.539660
793.945312	-18.045671
796.875000	-17.516267
799.804688	-16.622550
802.734375	-16.270757
805.664062	-17.105673
808.593750	-16.521022
811.523438	-16.831964
814.453125	-16.867193
817.382812	-16.099684
820.312500	-16.830442
823.242188	-17.881334
826.171875	-18.655384
829.101562	-18.817770
832.031250	-19.165965
834.960938	-18.941405
837.890625	-19.966169
840.820312	-19.838312
843.750000	-17.785426
846.679688	-18.281944
849.609375	-18.506737
852.539062	-19.008069
855.468750	-18.693070
858.398438	-19.320150
861.328125	-19.626012
864.257812	-17.755343
867.187500	-17.867219
870.117188	-14.560069
873.046875	-13.383938
875.976562	-14.837798
878.906250	-17.065826
881.835938	-17.545473
884.765625	-16.557177
887.695312	-15.300157
890.625000	-15.521757
893.554688	-15.169000
896.484375	-17.032167
899.414062	-17.946910
902.343750	-17.578786
905.273438	-17.486588
908.203125	-17.000561
911.132812	-18.625610
914.062500	-17.352714
916.992188	-17.771563
919.921875	-17.646663
922.851562	-16.471386
925.781250	-15.373458
928.710938	-15.157536
931.640625	-16.502305
934.570312	-17.647937
937.500000	-19.123257
940.429688	-18.228502
943.359375	-18.055651
946.289062	-17.837673
949.218750	-18.672164
952.148438	-19.904804
955.078125	-19.303713
958.007812	-17.901543
960.937500	-18.063308
963.867188	-18.794101
966.796875	-17.444574
969.726562	-18.609415
972.656250	-17.619672
975.585938	-18.696075
978.515625	-19.136982
981.445312	-18.002236
984.375000	-17.332127
987.304688	-16.315326
990.234375	-16.141675
993.164062	-16.978573
996.093750	-18.104745
999.023438	-16.864231
1001.953125	-16.919139
1004.882812	-15.087622
1007.812500	-17.301175
1010.742188	-18.346301
1013.671875	-17.382533
1016.601562	-16.423007
1019.531250	-16.875209
1022.460938	-17.067393
1025.390625	-16.018039
1028.320312	-16.151260
1031.250000	-16.978978
1034.179688	-16.703808
1037.109375	-16.504049
1040.039062	-14.498137
1042.968750	-14.427745
1045.898438	-16.771279
1048.828125	-17.256152
1051.757812	-16.052088
1054.687500	-16.144634
1057.617188	-18.364953
1060.546875	-18.322669
1063.476562	-17.029540
1066.406250	-17.339463
1069.335938	-18.380680
1072.265625	-18.474153
1075.195312	-17.864392
1078.125000	-15.214305
1081.054688	-11.613756
1083.984375	-9.999457
1086.914062	-9.371481
1089.843750	-8.288088
1092.773438	-9.162626
1095.703125	-14.268286
1098.632812	-20.065699
1101.562500	-20.504953
1104.492188	-19.062416
1107.421875	-15.933962
1110.351562	-17.147509
1113.281250	-16.888978
1116.210938	-16.831258
1119.140625	-18.753802
1122.070312	-17.507756
1125.000000	-21.042336
1127.929688	-19.036883
1130.859375	-19.145524
1133.789062	-17.649254
1136.718750	-17.746767
1139.648438	-18.408997
1142.578125	-17.199786
1145.507812	-16.389988
1148.437500	-16.282016
1151.367188	-18.814404
1154.296875	-19.160499
1157.226562	-16.830239
1160.156250	-16.832894
1163.085938	-19.167297
1166.015625	-20.943596
1168.945312	-21.284732
1171.875000	-21.783587
1174.804688	-21.809174
1177.734375	-20.936661
1180.664062	-21.226950
1183.593750	-21.095728
1186.523438	-20.768213
1189.453125	-19.764634
1192.382812	-19.855580
1195.312500	-18.808532
1198.242188	-19.366308
1201.171875	-18.173041
1204.101562	-16.478615
1207.031250	-16.775252
1209.960938	-17.282804
1212.890625	-16.773037
1215.820312	-16.137629
1218.750000	-13.979541
1221.679688	-13.323995
1224.609375	-13.218947
1227.539062	-13.124272
1230.468750	-12.772221
1233.398438	-12.364334
1236.328125	-12.191974
1239.257812	-12.181115
1242.187500	-12.861652
1245.117188	-14.925997
1248.046875	-15.953674
1250.976562	-16.222027
1253.906250	-14.727168
1256.835938	-13.298038
1259.765625	-13.133450
1262.695312	-12.712517
1265.625000	-13.513253
1268.554688	-12.846721
1271.484375	-12.496960
1274.414062	-11.408741
1277.343750	-12.513095
1280.273438	-13.575864
1283.203125	-13.648645
1286.132812	-13.342474
1289.062500	-13.441171
1291.992188	-13.486684
1294.921875	-12.853147
1297.851562	-13.896594
1300.781250	-13.671300
1303.710938	-12.616866
1306.640625	-13.419499
1309.570312	-14.741992
1312.500000	-14.735267
1315.429688	-14.801233
1318.359375	-14.651806
1321.289062	-14.716216
1324.218750	-14.425091
1327.148438	-14.767511
1330.078125	-15.560334
1333.007812	-15.758753
1335.937500	-15.602888
1338.867188	-15.973530
1341.796875	-14.796674
1344.726562	-14.954207
1347.656250	-14.184747
1350.585938	-14.263925
1353.515625	-15.646270
1356.445312	-15.824645
1359.375000	-16.412061
1362.304688	-16.557772
1365.234375	-16.167997
1368.164062	-16.568623
1371.093750	-16.611637
1374.023438	-17.510766
1376.953125	-17.162900
1379.882812	-17.039431
1382.812500	-18.035195
1385.742188	-18.366518
1388.671875	-17.119404
1391.601562	-16.134915
1394.531250	-16.591155
1397.460938	-15.863408
1400.390625	-16.628244
1403.320312	-19.347430
1406.250000	-20.037932
1409.179688	-19.248926
1412.109375	-18.784040
1415.039062	-18.898689
1417.968750	-19.172545
1420.898438	-17.852376
1423.828125	-16.809675
1426.757812	-18.751190
1429.687500	-19.041119
1432.617188	-18.131024
1435.546875	-17.436686
1438.476562	-18.007971
1441.406250	-17.832467
1444.335938	-18.620984
1447.265625	-19.124259
1450.195312	-18.317673
1453.125000	-18.203375
1456.054688	-18.053093
1458.984375	-17.929273
1461.914062	-17.982994
1464.843750	-18.728693
1467.773438	-19.670933
1470.703125	-19.778532
1473.632812	-21.004138
1476.562500	-19.196529
1479.492188	-17.944301
1482.421875	-16.741179
1485.351562	-16.957607
1488.281250	-17.496876
1491.210938	-18.778379
1494.140625	-20.202474
1497.070312	-20.379707
1500.000000	-20.034627
1502.929688	-18.599990
1505.859375	-17.353253
1508.789062	-18.230193
1511.718750	-18.953236
1514.648438	-17.464714
1517.578125	-18.002467
1520.507812	-17.853798
1523.437500	-16.795690
1526.367188	-16.496651
1529.296875	-17.247808
1532.226562	-18.109036
1535.156250	-18.038200
1538.085938	-19.168076
1541.015625	-17.911229
1543.945312	-18.227790
1546.875000	-19.718387
1549.804688	-19.487206
1552.734375	-19.894296
1555.664062	-16.806965
1558.593750	-15.414758
1561.523438	-18.167792
1564.453125	-19.088741
1567.382812	-17.241421
1570.312500	-17.467317
1573.242188	-15.563931
1576.171875	-16.010729
1579.101562	-16.630459
1582.031250	-15.348896
1584.960938	-16.515976
1587.890625	-17.144505
1590.820312	-16.655084
1593.750000	-18.361692
1596.679688	-18.583187
1599.609375	-18.008582
1602.539062	-18.597747
1605.468750	-19.039654
1608.398438	-18.794881
1611.328125	-18.246886
1614.257812	-17.081863
1617.187500	-16.653124
1620.117188	-15.314452
1623.046875	-15.714096
1625.976562	-17.555579
1628.906250	-15.536920
1631.835938	-14.901245
1634.765625	-15.846592
1637.695312	-16.428815
1640.625000	-17.676897
1643.554688	-18.189950
1646.484375	-17.292952
1649.414062	-16.204848
1652.343750	-17.320694
1655.273438	-18.003348
1658.203125	-17.204782
1661.132812	-15.596757
1664.062500	-16.537095
1666.992188	-16.449032
1669.921875	-16.806160
1672.851562	-15.417552
1675.781250	-15.408245
1678.710938	-14.748717
1681.640625	-14.548158
1684.570312	-17.191230
1687.500000	-18.144930
1690.429688	-16.846869
1693.359375	-17.115441
1696.289062	-18.502390
1699.218750	-17.968593
1702.148438	-16.987825
1705.078125	-17.671812
1708.007812	-17.022695
1710.937500	-17.906499
1713.867188	-17.716074
1716.796875	-17.026570
1719.726562	-17.742808
1722.656250	-17.564862
1725.585938	-16.397567
1728.515625	-15.483590
1731.445312	-15.271463
1734.375000	-16.676157
1737.304688	-16.801957
1740.234375	-16.466828
1743.164062	-18.513825
1746.093750	-18.518400
1749.023438	-18.558810
1751.953125	-18.209212
1754.882812	-18.976732
1757.812500	-18.292008
1760.742188	-17.125923
1763.671875	-16.066513
1766.601562	-16.486417
1769.531250	-17.461615
1772.460938	-17.542020
1775.390625	-17.857439
1778.320312	-17.160563
1781.250000	-15.417058
1784.179688	-16.121660
1787.109375	-17.981380
1790.039062	-17.607985
1792.968750	-15.455725
1795.898438	-16.758360
1798.828125	-16.862257
1801.757812	-14.847099
1804.687500	-14.875267
1807.617188	-17.439020
1810.546875	-16.437822
1813.476562	-18.571398
1816.406250	-18.732258
1819.335938	-18.664203
1822.265625	-18.485044
1825.195312	-17.566312
1828.125000	-18.374634
1831.054688	-17.115260
1833.984375	-17.644936
1836.914062	-18.365998
1839.843750	-17.263226
1842.773438	-14.193957
1845.703125	-12.859174
1848.632812	-15.603460
1851.562500	-17.622776
1854.492188	-18.455364
1857.421875	-17.298565
1860.351562	-17.315588
1863.281250	-18.709890
1866.210938	-17.543444
1869.140625	-18.320597
1872.070312	-20.370909
1875.000000	-18.596824
1877.929688	-19.565522
1880.859375	-18.407554
1883.789062	-17.787437
1886.718750	-20.818496
1889.648438	-18.523131
1892.578125	-20.588459
1895.507812	-21.561556
1898.437500	-18.784372
1901.367188	-18.352365
1904.296875	-20.319921
1907.226562	-20.425610
1910.156250	-20.145654
1913.085938	-20.384201
1916.015625	-21.820891
1918.945312	-22.560086
1921.875000	-23.154011
1924.804688	-19.847346
1927.734375	-15.294727
1930.664062	-17.442239
1933.593750	-20.651169
1936.523438	-17.433866
1939.453125	-17.219418
1942.382812	-18.162098
1945.312500	-20.701638
1948.242188	-21.273717
1951.171875	-21.894827
1954.101562	-22.448396
1957.031250	-20.534509
1959.960938	-17.999231
1962.890625	-17.949863
1965.820312	-17.106343
1968.750000	-16.975865
1971.679688	-16.744567
1974.609375	-16.968398
1977.539062	-18.648671
1980.468750	-20.333122
1983.398438	-18.352216
1986.328125	-17.789472
1989.257812	-17.605652
1992.187500	-19.965159
1995.117188	-20.339227
1998.046875	-19.939248
2000.976562	-18.830349
2003.906250	-18.396979
2006.835938	-18.856804
2009.765625	-19.842485
2012.695312	-19.897851
2015.625000	-18.755492
2018.554688	-18.675533
2021.484375	-18.550474
2024.414062	-17.606630
2027.343750	-17.371908
2030.273438	-17.336409
2033.203125	-18.123826
2036.132812	-17.954109
2039.062500	-17.848100
2041.992188	-18.423097
2044.921875	-18.375163
2047.851562	-17.453912
2050.781250	-17.188226
2053.710938	-17.092334
2056.640625	-16.793833
2059.570312	-18.029606
2062.500000	-17.530039
2065.429688	-18.864076
2068.359375	-19.967347
2071.289062	-19.769891
2074.218750	-19.885233
2077.148438	-20.759042
2080.078125	-21.829021
2083.007812	-20.328423
2085.937500	-20.114559
2088.867188	-20.404649
2091.796875	-19.837678
2094.726562	-20.133014
2097.656250	-21.198164
2100.585938	-22.029687
2103.515625	-20.970734
2106.445312	-20.934807
2109.375000	-21.875350
2112.304688	-21.604875
2115.234375	-22.573867
2118.164062	-23.071043
2121.093750	-23.154112
2124.023438	-23.677789
2126.953125	-22.489031
2129.882812	-23.499526
2132.812500	-22.431405
2135.742188	-21.577575
2138.671875	-20.842654
2141.601562	-22.798196
2144.531250	-24.704717
2147.460938	-24.423364
2150.390625	-22.191486
2153.320312	-22.814056
2156.250000	-23.816729
2159.179688	-23.108486
2162.109375	-22.234345
2165.039062	-22.231867
2167.968750	-21.645090
2170.898438	-20.898786
2173.828125	-21.523180
2176.757812	-21.447938
2179.687500	-20.220092
2182.617188	-21.077843
2185.546875	-23.150029
2188.476562	-23.829973
2191.406250	-22.368878
2194.335938	-22.020340
2197.265625	-24.323673
2200.195312	-24.431266
2203.125000	-24.923114
2206.054688	-22.935550
2208.984375	-21.540708
2211.914062	-23.245459
2214.843750	-24.497607
2217.773438	-24.910953
2220.703125	-24.577221
2223.632812	-25.564359
2226.562500	-24.614020
2229.492188	-23.734669
2232.421875	-24.609509
2235.351562	-22.766417
2238.281250	-22.233115
2241.210938	-23.273052
2244.140625	-23.776217
2247.070312	-23.153625
2250.000000	-21.925560
2252.929688	-23.420973
2255.859375	-25.343391
2258.789062	-25.504689
2261.718750	-25.034934
2264.648438	-24.953751
2267.578125	-25.862610
2270.507812	-25.269014
2273.437500	-23.031852
2276.367188	-23.099542
2279.296875	-23.834480
2282.226562	-25.602173
2285.156250	-25.029399
2288.085938	-24.188697
2291.015625	-24.965244
2293.945312	-26.120390
2296.875000	-24.670129
2299.804688	-23.829167
2302.734375	-24.306182
2305.664062	-26.433800
2308.593750	-27.278466
2311.523438	-26.055655
2314.453125	-25.429768
2317.382812	-25.598785
2320.312500	-25.289914
2323.242188	-25.325435
2326.171875	-26.123673
2329.101562	-25.409639
2332.031250	-25.219765
2334.960938	-24.912706
2337.890625	-25.084401
2340.820312	-26.843408
2343.750000	-27.190385
2346.679688	-27.612655
2349.609375	-24.596812
2352.539062	-24.388668
2355.468750	-24.804765
2358.398438	-24.129076
2361.328125	-25.309036
2364.257812	-24.387151
2367.187500	-22.935244
2370.117188	-23.568982
2373.046875	-24.845056
2375.976562	-25.306191
2378.906250	-26.390741
2381.835938	-27.027983
2384.765625	-25.414447
2387.695312	-25.382538
2390.625000	-25.804970
2393.554688	-24.204761
2396.484375	-24.625883
2399.414062	-25.242655
2402.343750	-26.035507
2405.273438	-25.727544
2408.203125	-24.537017
2411.132812	-23.437888
2414.062500	-23.134571
2416.992188	-24.000042
2419.921875	-24.162392
2422.851562	-24.545258
2425.781250	-23.429751
2428.710938	-24.578382
2431.640625	-25.894677
2434.570312	-24.602275
2437.500000	-24.127278
2440.429688	-23.593670
2443.359375	-23.764274
2446.289062	-24.889357
2449.218750	-26.031043
2452.148438	-26.189186
2455.078125	-25.994141
2458.007812	-25.421890
2460.937500	-25.869297
2463.867188	-26.406622
2466.796875	-26.362892
2469.726562	-27.594379
2472.656250	-27.703638
2475.585938	-27.119554
2478.515625	-26.845848
2481.445312	-27.012056
2484.375000	-25.679955
2487.304688	-25.125545
2490.234375	-26.006544
2493.164062	-27.610586
2496.093750	-26.855684
2499.023438	-26.449050
2501.953125	-27.229087
2504.882812	-27.474226
2507.812500	-26.567888
2510.742188	-28.622422
2513.671875	-28.715228
2516.601562	-27.901148
2519.531250	-26.936460
2522.460938	-27.836892
2525.390625	-27.456993
2528.320312	-25.560289
2531.250000	-27.819241
2534.179688	-27.940177
2537.109375	-27.018338
2540.039062	-27.181578
2542.968750	-27.014572
2545.898438	-26.705569
2548.828125	-25.863608
2551.757812	-24.745657
2554.687500	-24.918835
2557.617188	-25.405825
2560.546875	-25.132203
2563.476562	-25.598075
2566.406250	-27.496898
2569.335938	-28.876949
2572.265625	-27.884798
2575.195312	-26.426825
2578.125000	-25.800093
2581.054688	-25.758491
2583.984375	-26.522565
2586.914062	-26.292742
2589.843750	-25.642254
2592.773438	-27.286266
2595.703125	-26.611257
2598.632812	-25.372722
2601.562500	-26.098697
2604.492188	-24.619024
2607.421875	-23.991228
2610.351562	-25.157179
2613.281250	-27.162361
2616.210938	-25.883514
2619.140625	-25.421755
2622.070312	-26.171228
2625.000000	-26.004024
2627.929688	-25.796644
2630.859375	-25.786502
2633.789062	-26.035517
2636.718750	-26.718667
2639.648438	-26.822376
2642.578125	-26.710465
2645.507812	-27.055616
2648.437500	-28.418242
2651.367188	-29.819070
2654.296875	-29.679335
2657.226562	-29.187451
2660.156250	-27.820365
2663.085938	-28.005529
2666.015625	-28.530938
2668.945312	-29.075165
2671.875000	-30.163189
2674.804688	-29.554475
2677.734375	-28.438467
2680.664062	-28.789613
2683.593750	-27.997961
2686.523438	-28.400368
2689.453125	-29.424658
2692.382812	-29.748610
2695.312500	-29.678683
2698.242188	-29.439048
2701.171875	-29.017725
2704.101562	-29.022009
2707.031250	-28.262045
2709.960938	-27.194418
2712.890625	-26.777624
2715.820312	-26.906219
2718.750000	-27.413627
2721.679688	-27.811942
2724.609375	-29.166924
2727.539062	-28.635291
2730.468750	-29.405357
2733.398438	-29.397521
2736.328125	-29.617954
2739.257812	-29.097275
2742.187500	-29.369250
2745.117188	-28.605223
2748.046875	-28.438698
2750.976562	-28.282199
2753.906250	-28.047144
2756.835938	-28.523677
2759.765625	-29.378526
2762.695312	-28.589392
2765.625000	-28.489877
2768.554688	-27.831697
2771.484375	-28.633787
2774.414062	-28.866545
2777.343750	-28.889230
2780.273438	-29.552940
2783.203125	-28.486250
2786.132812	-29.499303
2789.062500	-29.466562
2791.992188	-28.440110
2794.921875	-26.283653
2797.851562	-27.341929
2800.781250	-28.544961
2803.710938	-27.425164
2806.640625	-27.486754
2809.570312	-28.589890
2812.500000	-28.904424
2815.429688	-29.296832
2818.359375	-29.327020
2821.289062	-28.212967
2824.218750	-28.538120
2827.148438	-29.515407
2830.078125	-29.805578
2833.007812	-29.664650
2835.937500	-31.345362
2838.867188	-29.327087
2841.796875	-28.856267
2844.726562	-29.787574
2847.656250	-30.874962
2850.585938	-30.800398
2853.515625	-30.004628
2856.445312	-29.770414
2859.375000	-29.344585
2862.304688	-30.275400
2865.234375	-30.593723
2868.164062	-32.260132
2871.093750	-31.906097
2874.023438	-30.777361
2876.953125	-30.421687
2879.882812	-30.559533
2882.812500	-31.769432
2885.742188	-32.225895
2888.671875	-31.490195
2891.601562	-30.942476
2894.531250	-30.633746
2897.460938	-31.164309
2900.390625	-31.221302
2903.320312	-32.396384
2906.250000	-33.988434
2909.179688	-34.589284
2912.109375	-32.864276
2915.039062	-30.542550
2917.968750	-30.190302
2920.898438	-31.475422
2923.828125	-32.313075
2926.757812	-31.935270
2929.687500	-32.415062
2932.617188	-32.695543
2935.546875	-32.915850
2938.476562	-34.633655
2941.406250	-35.504663
2944.335938	-34.910235
2947.265625	-33.689594
2950.195312	-31.914457
2953.125000	-30.556862
2956.054688	-30.214477
2958.984375	-29.633260
2961.914062	-30.713113
2964.843750	-30.409829
2967.773438	-30.136812
2970.703125	-31.301415
2973.632812	-32.346108
2976.562500	-32.988256
2979.492188	-32.384548
2982.421875	-32.707756
2985.351562	-32.999181
2988.281250	-32.644408
2991.210938	-33.685972
2994.140625	-32.066077
2997.070312	-30.812593
3000.000000	-32.258122
3002.929688	-32.374406
3005.859375	-32.861854
3008.789062	-33.305353
3011.718750	-32.437885
3014.648438	-32.128751
3017.578125	-32.015951
3020.507812	-31.251522
3023.437500	-31.846990
3026.367188	-32.671584
3029.296875	-31.316213
3032.226562	-29.742546
3035.156250	-31.267895
3038.085938	-32.347281
3041.015625	-30.830550
3043.945312	-30.656754
3046.875000	-30.369820
3049.804688	-32.181637
3052.734375	-33.123021
3055.664062	-32.211974
3058.593750	-31.239185
3061.523438	-31.569915
3064.453125	-31.442038
3067.382812	-31.274354
3070.312500	-31.863690
3073.242188	-32.900005
3076.171875	-33.249926
3079.101562	-34.174593
3082.031250	-34.344225
3084.960938	-34.019535
3087.890625	-32.963004
3090.820312	-33.392997
3093.750000	-32.566602
3096.679688	-33.858607
3099.609375	-34.493123
3102.539062	-33.815905
3105.468750	-33.268885
3108.398438	-33.698244
3111.328125	-32.900265
3114.257812	-32.715800
3117.187500	-32.912632
3120.117188	-33.737812
3123.046875	-34.686129
3125.976562	-34.403332
3128.906250	-34.180653
3131.835938	-34.182427
3134.765625	-33.611728
3137.695312	-34.048359
3140.625000	-35.086716
3143.554688	-34.271538
3146.484375	-33.573440
3149.414062	-34.059717
3152.343750	-36.236212
3155.273438	-34.082355
3158.203125	-32.564573
3161.132812	-32.995957
3164.062500	-32.940090
3166.992188	-32.555134
3169.921875	-32.802697
3172.851562	-34.240552
3175.781250	-33.364217
3178.710938	-33.457105
3181.640625	-32.956014
3184.570312	-32.165136
3187.500000	-32.312603
3190.429688	-33.263778
3193.359375	-33.591933
3196.289062	-33.125179
3199.218750	-34.306221
3202.148438	-34.789505
3205.078125	-34.422737
3208.007812	-35.150705
3210.937500	-33.900746
3213.867188	-34.280127
3216.796875	-34.463536
3219.726562	-34.675126
3222.656250	-34.136767
3225.585938	-33.338766
3228.515625	-33.195382
3231.445312	-34.200777
3234.375000	-34.274664
3237.304688	-32.436577
3240.234375	-32.453443
3243.164062	-34.671425
3246.093750	-36.673888
3249.023438	-34.945305
3251.953125	-33.944461
3254.882812	-33.463541
3257.812500	-33.570960
3260.742188	-33.442276
3263.671875	-33.487866
3266.601562	-33.314253
3269.531250	-33.174382
3272.460938	-32.998463
3275.390625	-32.419346
3278.320312	-32.337251
3281.250000	-31.143849
3284.179688	-29.677673
3287.109375	-31.252747
3290.039062	-33.682397
3292.968750	-34.220626
3295.898438	-33.776232
3298.828125	-34.348897
3301.757812	-35.177039
3304.687500	-36.135269
3307.617188	-35.617550
3310.546875	-35.923988
3313.476562	-35.928414
3316.406250	-35.917182
3319.335938	-35.682305
3322.265625	-36.442744
3325.195312	-34.795195
3328.125000	-34.902224
3331.054688	-34.249106
3333.984375	-33.753244
3336.914062	-34.735834
3339.843750	-36.204988
3342.773438	-35.099149
3345.703125	-33.048791
3348.632812	-32.168116
3351.562500	-32.163527
3354.492188	-32.229522
3357.421875	-33.314380
3360.351562	-34.599870
3363.281250	-34.192469
3366.210938	-33.962176
3369.140625	-34.652588
3372.070312	-35.562771
3375.000000	-35.640307
3377.929688	-35.351089
3380.859375	-35.500627
3383.789062	-34.453430
3386.718750	-35.423074
3389.648438	-37.328285
3392.578125	-36.092713
3395.507812	-35.055496
3398.437500	-36.738649
3401.367188	-35.819892
3404.296875	-37.239263
3407.226562	-38.725626
3410.156250	-36.154886
3413.085938	-34.555929
3416.015625	-32.885288
3418.945312	-32.039250
3421.875000	-31.248939
3424.804688	-31.247343
3427.734375	-32.250030
3430.664062	-34.073647
3433.593750	-36.477221
3436.523438	-38.329944
3439.453125	-39.828601
3442.382812	-37.836725
3445.312500	-34.974073
3448.242188	-34.077622
3451.171875	-35.869218
3454.101562	-36.047793
3457.031250	-33.880184
3459.960938	-33.181265
3462.890625	-32.529700
3465.820312	-31.742703
3468.750000	-32.543636
3471.679688	-34.070827
3474.609375	-34.849861
3477.539062	-35.741136
3480.468750	-36.935946
3483.398438	-36.316891
3486.328125	-36.593097
3489.257812	-37.435786
3492.187500	-35.720189
3495.117188	-34.041199
3498.046875	-33.925344
3500.976562	-35.083289
3503.906250	-34.802181
3506.835938	-34.532994
3509.765625	-36.586518
3512.695312	-36.962513
3515.625000	-33.985574
3518.554688	-35.406260
3521.484375	-37.825369
3524.414062	-37.324687
3527.343750	-36.917651
3530.273438	-36.568313
3533.203125	-37.529347
3536.132812	-35.939838
3539.062500	-36.791409
3541.992188	-37.654473
3544.921875	-37.765292
3547.851562	-36.728862
3550.781250	-35.872387
3553.710938	-35.372394
3556.640625	-35.799959
3559.570312	-37.151408
3562.500000	-37.458921
3565.429688	-36.128630
3568.359375	-34.955232
3571.289062	-35.568638
3574.218750	-37.876997
3577.148438	-37.429828
3580.078125	-36.235310
3583.007812	-35.142147
3585.937500	-34.336161
3588.867188	-33.959796
3591.796875	-34.618425
3594.726562	-34.971946
3597.656250	-34.930497
3600.585938	-35.636740
3603.515625	-36.532059
3606.445312	-36.930902
3609.375000	-36.997474
3612.304688	-38.298122
3615.234375	-39.268484
3618.164062	-39.578489
3621.093750	-39.350772
3624.023438	-39.919807
3626.953125	-39.713310
3629.882812	-38.633933
3632.812500	-38.703380
3635.742188	-38.793626
3638.671875	-39.165484
3641.601562	-38.648214
3644.531250	-37.645728
3647.460938	-37.132822
3650.390625	-38.394539
3653.320312	-41.545032
3656.250000	-37.571085
3659.179688	-35.796470
3662.109375	-37.038080
3665.039062	-38.783431
3667.968750	-38.013799
3670.898438	-37.390229
3673.828125	-38.286058
3676.757812	-38.195050
3679.687500	-38.351258
3682.617188	-38.663593
3685.546875	-38.177061
3688.476562	-38.615591
3691.406250	-38.342795
3694.335938	-38.237389
3697.265625	-38.662192
3700.195312	-39.591817
3703.125000	-39.694917
3706.054688	-38.588321
3708.984375	-38.102535
3711.914062	-37.240626
3714.843750	-36.984855
3717.773438	-37.621938
3720.703125	-39.139866
3723.632812	-39.042761
3726.562500	-39.678120
3729.492188	-38.599104
3732.421875	-36.308132
3735.351562	-36.909615
3738.281250	-39.212715
3741.210938	-40.825256
3744.140625	-40.684500
3747.070312	-41.763086
3750.000000	-41.851648
3752.929688	-40.383161
3755.859375	-38.243314
3758.789062	-37.654402
3761.718750	-37.233905
3764.648438	-38.148641
3767.578125	-37.978279
3770.507812	-36.965909
3773.437500	-37.320512
3776.367188	-37.754359
3779.296875	-37.666373
3782.226562	-37.963259
3785.156250	-37.864064
3788.085938	-37.034113
3791.015625	-38.596173
3793.945312	-38.463295
3796.875000	-38.829167
3799.804688	-37.857253
3802.734375	-37.972144
3805.664062	-37.464568
3808.593750	-36.575131
3811.523438	-36.210844
3814.453125	-37.362574
3817.382812	-39.131642
3820.312500	-39.198251
3823.242188	-38.195288
3826.171875	-38.405942
3829.101562	-38.652343
3832.031250	-39.744055
3834.960938	-40.505085
3837.890625	-41.061131
3840.820312	-40.150800
3843.750000	-38.991904
3846.679688	-38.871297
3849.609375	-39.455654
3852.539062	-40.645787
3855.468750	-41.730432
3858.398438	-43.662360
3861.328125	-43.075829
3864.257812	-42.775229
3867.187500	-41.059920
3870.117188	-38.904967
3873.046875	-38.486831
3875.976562	-39.437025
3878.906250	-40.313544
3881.835938	-39.944986
3884.765625	-40.229411
3887.695312	-42.797945
3890.625000	-44.370566
3893.554688	-43.483628
3896.484375	-42.370265
3899.414062	-41.420432
3902.343750	-41.656991
3905.273438	-40.292644
3908.203125	-39.939156
3911.132812	-40.367141
3914.062500	-41.260084
3916.992188	-41.720551
3919.921875	-41.372070
3922.851562	-41.500921
3925.781250	-41.612126
3928.710938	-40.560566
3931.640625	-40.111169
3934.570312	-39.734042
3937.500000	-38.943125
3940.429688	-38.306753
3943.359375	-38.699243
3946.289062	-39.374791
3949.218750	-40.854857
3952.148438	-41.832857
3955.078125	-41.860195
3958.007812	-40.662195
3960.937500	-40.417986
3963.867188	-41.125495
3966.796875	-42.764660
3969.726562	-43.265513
3972.656250	-43.598448
3975.585938	-43.437240
3978.515625	-42.954985
3981.445312	-43.579986
3984.375000	-42.661878
3987.304688	-43.813855
3990.234375	-44.458807
3993.164062	-43.233295
3996.093750	-41.448929
3999.023438	-41.766345
4001.953125	-42.950768
4004.882812	-42.693610
4007.812500	-42.042921
4010.742188	-41.368433
4013.671875	-42.504129
4016.601562	-45.217436
4019.531250	-44.998922
4022.460938	-44.722757
4025.390625	-43.655031
4028.320312	-43.070154
4031.250000	-41.250563
4034.179688	-40.953445
4037.109375	-41.045034
4040.039062	-42.955238
4042.968750	-45.552128
4045.898438	-44.132642
4048.828125	-43.734010
4051.757812	-44.704170
4054.687500	-44.466013
4057.617188	-42.762848
4060.546875	-41.978677
4063.476562	-41.569762
4066.406250	-41.836374
4069.335938	-42.488127
4072.265625	-43.009444
4075.195312	-43.122132
4078.125000	-43.660767
4081.054688	-45.747474
4083.984375	-43.873176
4086.914062	-42.794867
4089.843750	-41.645771
4092.773438	-41.743200
4095.703125	-42.694428
4098.632812	-44.617101
4101.562500	-45.196227
4104.492188	-43.547693
4107.421875	-43.295490
4110.351562	-44.789361
4113.281250	-45.715901
4116.210938	-45.979965
4119.140625	-45.465287
4122.070312	-45.418363
4125.000000	-44.472419
4127.929688	-44.473910
4130.859375	-44.333957
4133.789062	-44.573001
4136.718750	-44.785800
4139.648438	-45.857814
4142.578125	-45.714975
4145.507812	-44.296238
4148.437500	-44.045607
4151.367188	-43.975132
4154.296875	-44.477378
4157.226562	-44.229101
4160.156250	-43.936965
4163.085938	-43.488853
4166.015625	-43.854737
4168.945312	-44.233785
4171.875000	-44.157088
4174.804688	-43.533746
4177.734375	-43.512579
4180.664062	-44.071530
4183.593750	-45.490427
4186.523438	-44.988674
4189.453125	-43.410828
4192.382812	-43.435899
4195.312500	-45.402183
4198.242188	-45.461683
4201.171875	-43.648421
4204.101562	-43.664036
4207.031250	-45.040787
4209.960938	-45.522580
4212.890625	-43.966379
4215.820312	-43.802894
4218.750000	-44.393901
4221.679688	-45.503348
4224.609375	-44.507968
4227.539062	-42.545633
4230.468750	-43.044288
4233.398438	-43.006653
4236.328125	-42.655652
4239.257812	-43.503379
4242.187500	-45.230659
4245.117188	-44.785660
4248.046875	-44.735931
4250.976562	-44.901773
4253.906250	-44.947082
4256.835938	-45.211582
4259.765625	-44.542819
4262.695312	-44.151143
4265.625000	-44.695428
4268.554688	-46.264998
4271.484375	-46.748749
4274.414062	-45.626358
4277.343750	-45.441156
4280.273438	-46.274524
4283.203125	-44.592144
4286.132812	-44.497589
4289.062500	-45.443733
4291.992188	-45.038854
4294.921875	-44.362071
4297.851562	-45.602406
4300.781250	-46.182356
4303.710938	-45.507726
4306.640625	-45.490370
4309.570312	-45.951758
4312.500000	-46.223393
4315.429688	-47.063326
4318.359375	-46.556480
4321.289062	-46.557996
4324.218750	-46.385994
4327.148438	-47.166018
4330.078125	-46.804476
4333.007812	-45.410455
4335.937500	-45.683317
4338.867188	-45.252285
4341.796875	-46.190102
4344.726562	-46.355129
4347.656250	-45.226731
4350.585938	-45.198450
4353.515625	-45.976510
4356.445312	-46.156971
4359.375000	-44.971098
4362.304688	-44.263497
4365.234375	-45.958158
4368.164062	-45.756034
4371.093750	-44.592932
4374.023438	-44.920325
4376.953125	-44.872167
4379.882812	-46.286267
4382.812500	-45.675470
4385.742188	-45.306642
4388.671875	-46.163352
4391.601562	-46.163276
4394.531250	-46.402342
4397.460938	-46.779050
4400.390625	-45.371097
4403.320312	-45.537541
4406.250000	-45.130643
4409.179688	-44.941462
4412.109375	-45.387953
4415.039062	-44.775318
4417.968750	-45.041021
4420.898438	-46.751483
4423.828125	-48.349528
4426.757812	-46.059680
4429.687500	-44.750856
4432.617188	-44.497393
4435.546875	-43.688728
4438.476562	-43.457539
4441.406250	-43.707655
4444.335938	-44.505362
4447.265625	-43.930058
4450.195312	-44.081476
4453.125000	-44.401662
4456.054688	-46.117155
4458.984375	-46.451549
4461.914062	-45.586387
4464.843750	-45.921572
4467.773438	-47.934024
4470.703125	-47.601094
4473.632812	-46.126477
4476.562500	-46.063428
4479.492188	-45.423654
4482.421875	-45.894913
4485.351562	-47.038336
4488.281250	-48.674591
4491.210938	-48.639576
4494.140625	-46.612633
4497.070312	-45.244847
4500.000000	-45.190905
4502.929688	-44.480976
4505.859375	-44.110718
4508.789062	-44.300250
4511.718750	-44.942381
4514.648438	-46.059455
4517.578125	-47.116811
4520.507812	-45.253561
4523.437500	-45.355854
4526.367188	-45.976860
4529.296875	-45.286328
4532.226562	-44.865902
4535.156250	-45.911603
4538.085938	-48.073215
4541.015625	-47.028624
4543.945312	-46.694336
4546.875000	-46.521260
4549.804688	-44.619878
4552.734375	-45.492834
4555.664062	-47.421338
4558.593750	-47.429898
4561.523438	-46.846012
4564.453125	-47.279553
4567.382812	-47.391167
4570.312500	-47.761685
4573.242188	-48.402732
4576.171875	-47.209619
4579.101562	-46.691400
4582.031250	-46.707843
4584.960938	-46.571186
4587.890625	-46.418413
4590.820312	-45.427308
4593.750000	-45.030464
4596.679688	-46.577073
4599.609375	-47.016585
4602.539062	-45.769355
4605.468750	-47.048001
4608.398438	-47.919588
4611.328125	-46.268515
4614.257812	-46.326344
4617.187500	-47.196746
4620.117188	-48.007701
4623.046875	-47.806066
4625.976562	-47.974595
4628.906250	-47.336083
4631.835938	-46.966317
4634.765625	-47.592542
4637.695312	-46.356818
4640.625000	-46.020802
4643.554688	-46.413660
4646.484375	-45.983620
4649.414062	-45.536328
4652.343750	-46.053835
4655.273438	-45.768863
4658.203125	-46.309682
4661.132812	-47.494552
4664.062500	-47.667991
4666.992188	-45.286779
4669.921875	-44.619607
4672.851562	-44.962368
4675.781250	-45.672809
4678.710938	-47.038374
4681.640625	-47.299336
4684.570312	-47.165839
4687.500000	-48.153772
4690.429688	-47.777648
4693.359375	-48.388714
4696.289062	-48.496931
4699.218750	-48.244705
4702.148438	-47.690314
4705.078125	-48.788895
4708.007812	-48.057444
4710.937500	-45.892748
4713.867188	-46.555453
4716.796875	-47.320337
4719.726562	-47.034507
4722.656250	-46.035800
4725.585938	-45.976754
4728.515625	-46.772950
4731.445312	-46.019699
4734.375000	-45.703630
4737.304688	-46.394299
4740.234375	-46.029931
4743.164062	-45.154987
4746.093750	-45.598901
4749.023438	-46.405069
4751.953125	-46.892763
4754.882812	-46.695125
4757.812500	-46.643110
4760.742188	-47.651728
4763.671875	-46.905833
4766.601562	-46.971945
4769.531250	-46.776894
4772.460938	-46.965428
4775.390625	-46.657133
4778.320312	-46.039146
4781.250000	-46.877947
4784.179688	-46.075669
4787.109375	-46.109594
4790.039062	-46.509400
4792.968750	-46.966696
4795.898438	-46.951124
4798.828125	-45.894859
4801.757812	-46.203605
4804.687500	-48.072642
4807.617188	-48.707283
4810.546875	-48.690211
4813.476562	-48.805639
4816.406250	-49.173759
4819.335938	-47.801261
4822.265625	-47.433903
4825.195312	-46.833196
4828.125000	-47.056230
4831.054688	-48.538327
4833.984375	-48.107659
4836.914062	-46.730342
4839.843750	-45.455458
4842.773438	-44.945516
4845.703125	-46.237853
4848.632812	-48.073463
4851.562500	-47.479824
4854.492188	-47.052356
4857.421875	-48.008404
4860.351562	-47.869989
4863.281250	-47.877118
4866.210938	-47.752316
4869.140625	-47.333871
4872.070312	-48.694382
4875.000000	-48.510153
4877.929688	-47.704457
4880.859375	-47.365837
4883.789062	-47.827252
4886.718750	-47.159050
4889.648438	-48.228999
4892.578125	-49.434899
4895.507812	-48.117298
4898.437500	-47.327392
4901.367188	-48.282653
4904.296875	-48.474894
4907.226562	-47.590829
4910.156250	-48.179057
4913.085938	-47.682405
4916.015625	-47.267272
4918.945312	-48.125561
4921.875000	-48.438901
4924.804688	-46.974947
4927.734375	-47.328023
4930.664062	-47.547254
4933.593750	-47.742563
4936.523438	-48.896453
4939.453125	-49.530442
4942.382812	-49.529510
4945.312500	-49.236036
4948.242188	-49.292249
4951.171875	-48.911667
4954.101562	-47.734986
4957.031250	-46.779911
4959.960938	-47.401776
4962.890625	-47.965808
4965.820312	-48.351287
4968.750000	-47.573417
4971.679688	-47.731345
4974.609375	-48.740282
4977.539062	-48.330635
4980.468750	-48.360105
4983.398438	-46.988926
4986.328125	-47.098468
4989.257812	-47.748002
4992.187500	-47.609002
4995.117188	-48.005870
4998.046875	-46.587061
5000.976562	-47.126857
5003.906250	-48.594113
5006.835938	-49.021135
5009.765625	-48.726097
5012.695312	-47.307987
5015.625000	-47.151755
5018.554688	-47.442008
5021.484375	-47.302746
5024.414062	-47.344388
5027.343750	-47.663272
5030.273438	-47.701987
5033.203125	-47.771047
5036.132812	-50.100067
5039.062500	-53.572625
5041.992188	-54.811737
5044.921875	-49.947074
5047.851562	-47.994293
5050.781250	-47.485149
5053.710938	-46.553589
5056.640625	-46.241781
5059.570312	-46.130178
5062.500000	-47.232924
5065.429688	-47.705024
5068.359375	-46.418185
5071.289062	-47.994926
5074.218750	-48.300857
5077.148438	-48.613835
5080.078125	-48.272083
5083.007812	-48.370367
5085.937500	-48.073244
5088.867188	-47.963547
5091.796875	-48.109261
5094.726562	-47.828270
5097.656250	-48.632463
5100.585938	-49.540813
5103.515625	-47.750440
5106.445312	-47.188410
5109.375000	-48.564512
5112.304688	-48.835562
5115.234375	-48.651133
5118.164062	-47.661842
5121.093750	-48.852308
5124.023438	-48.341678
5126.953125	-48.409734
5129.882812	-48.744255
5132.812500	-49.006365
5135.742188	-49.087218
5138.671875	-48.018602
5141.601562	-48.236551
5144.531250	-48.945925
5147.460938	-49.623673
5150.390625	-49.460947
5153.320312	-49.162140
5156.250000	-48.617114
5159.179688	-50.111091
5162.109375	-50.599187
5165.039062	-49.625069
5167.968750	-50.166888
5170.898438	-50.446163
5173.828125	-48.565704
5176.757812	-48.410295
5179.687500	-48.063412
5182.617188	-48.173000
5185.546875	-49.645545
5188.476562	-50.575200
5191.406250	-49.515477
5194.335938	-50.167872
5197.265625	-50.082276
5200.195312	-48.701733
5203.125000	-48.946469
5206.054688	-49.999214
5208.984375	-49.415374
5211.914062	-49.501499
5214.843750	-49.177455
5217.773438	-49.926009
5220.703125	-49.415653
5223.632812	-49.337678
5226.562500	-49.445597
5229.492188	-48.815821
5232.421875	-48.370502
5235.351562	-48.326278
5238.281250	-48.852919
5241.210938	-48.214334
5244.140625	-47.694807
5247.070312	-48.958903
5250.000000	-49.984500
5252.929688	-51.034170
5255.859375	-50.307842
5258.789062	-51.029410
5261.718750	-49.863061
5264.648438	-48.908333
5267.578125	-49.593863
5270.507812	-50.864838
5273.437500	-51.272037
5276.367188	-49.047516
5279.296875	-49.570248
5282.226562	-48.950939
5285.156250	-48.918290
5288.085938	-48.939392
5291.015625	-49.320372
5293.945312	-50.517341
5296.875000	-49.607042
5299.804688	-49.323577
5302.734375	-49.642744
5305.664062	-49.605224
5308.593750	-50.101515
5311.523438	-50.615498
5314.453125	-49.280301
5317.382812	-48.783927
5320.312500	-49.656573
5323.242188	-50.754937
5326.171875	-50.310381
5329.101562	-49.175988
5332.031250	-49.211773
5334.960938	-50.537744
5337.890625	-51.213543
5340.820312	-50.396946
5343.750000	-50.282040
5346.679688	-51.555949
5349.609375	-50.794040
5352.539062	-49.902969
5355.468750	-50.639902
5358.398438	-51.035009
5361.328125	-50.436126
5364.257812	-49.324961
5367.187500	-49.313963
5370.117188	-49.748834
5373.046875	-49.690674
5375.976562	-49.252177
5378.906250	-48.978777
5381.835938	-51.275182
5384.765625	-50.909787
5387.695312	-49.822624
5390.625000	-49.640655
5393.554688	-49.441262
5396.484375	-48.715373
5399.414062	-50.122961
5402.343750	-50.189467
5405.273438	-50.044030
5408.203125	-50.362006
5411.132812	-49.619106
5414.062500	-48.593465
5416.992188	-47.382498
5419.921875	-48.494788
5422.851562	-49.050700
5425.781250	-49.571421
5428.710938	-49.413704
5431.640625	-50.089300
5434.570312	-51.523189
5437.500000	-50.228418
5440.429688	-50.418917
5443.359375	-49.539431
5446.289062	-49.847583
5449.218750	-50.818570
5452.148438	-49.754118
5455.078125	-48.217652
5458.007812	-49.636510
5460.937500	-52.163777
5463.867188	-50.118336
5466.796875	-48.743979
5469.726562	-49.743065
5472.656250	-50.289184
5475.585938	-51.084065
5478.515625	-51.109902
5481.445312	-51.475432
5484.375000	-51.552960
5487.304688	-50.370744
5490.234375	-51.477939
5493.164062	-51.168338
5496.093750	-50.480800
5499.023438	-49.781995
5501.953125	-49.989915
5504.882812	-50.313144
5507.812500	-50.767119
5510.742188	-52.400313
5513.671875	-50.358989
5516.601562	-50.077839
5519.531250	-50.677269
5522.460938	-51.243063
5525.390625	-51.729529
5528.320312	-51.722571
5531.250000	-51.255126
5534.179688	-50.732217
5537.109375	-51.274838
5540.039062	-50.054485
5542.968750	-49.759571
5545.898438	-49.772914
5548.828125	-49.166032
5551.757812	-49.056017
5554.687500	-49.678282
5557.617188	-50.795248
5560.546875	-51.905166
5563.476562	-52.160604
5566.406250	-50.785182
5569.335938	-52.365634
5572.265625	-51.700136
5575.195312	-52.040641
5578.125000	-51.609596
5581.054688	-51.161518
5583.984375	-50.356497
5586.914062	-50.659135
5589.843750	-51.752262
5592.773438	-50.466665
5595.703125	-49.436766
5598.632812	-50.655337
5601.562500	-50.233798
5604.492188	-49.703004
5607.421875	-50.592196
5610.351562	-51.045701
5613.281250	-52.058698
5616.210938	-51.662610
5619.140625	-50.717646
5622.070312	-51.033359
5625.000000	-49.994517
5627.929688	-50.455242
5630.859375	-51.825580
5633.789062	-52.552121
5636.718750	-51.363326
5639.648438	-51.436672
5642.578125	-52.006711
5645.507812	-51.004848
5648.437500	-50.445072
5651.367188	-50.030648
5654.296875	-50.047538
5657.226562	-51.392513
5660.156250	-50.401603
5663.085938	-50.054257
5666.015625	-51.242405
5668.945312	-52.890296
5671.875000	-51.691750
5674.804688	-51.361748
5677.734375	-51.168500
5680.664062	-51.195894
5683.593750	-52.638368
5686.523438	-52.074839
5689.453125	-51.311154
5692.382812	-50.689439
5695.312500	-50.820995
5698.242188	-51.645292
5701.171875	-51.779898
5704.101562	-52.022535
5707.031250	-50.438296
5709.960938	-50.878858
5712.890625	-51.191094
5715.820312	-51.144469
5718.750000	-51.883968
5721.679688	-51.182523
5724.609375	-50.477634
5727.539062	-50.266917
5730.468750	-50.811328
5733.398438	-50.341715
5736.328125	-49.660474
5739.257812	-50.373149
5742.187500	-51.284995
5745.117188	-51.535308
5748.046875	-51.384297
5750.976562	-51.997226
5753.906250	-51.650729
5756.835938	-50.842950
5759.765625	-49.540427
5762.695312	-50.143803
5765.625000	-51.158677
5768.554688	-51.208340
5771.484375	-52.226260
5774.414062	-50.983918
5777.343750	-51.163124
5780.273438	-51.590080
5783.203125	-50.292414
5786.132812	-50.993235
5789.062500	-52.489290
5791.992188	-53.576573
5794.921875	-52.486194
5797.851562	-51.843558
5800.781250	-51.566870
5803.710938	-51.828159
5806.640625	-50.425487
5809.570312	-52.012354
5812.500000	-52.025238
5815.429688	-51.718088
5818.359375	-51.866956
5821.289062	-51.688415
5824.218750	-52.040753
5827.148438	-50.984379
5830.078125	-49.923372
5833.007812	-50.463866
5835.937500	-51.237880
5838.867188	-50.309625
5841.796875	-50.091136
5844.726562	-50.699106
5847.656250	-51.968144
5850.585938	-51.511897
5853.515625	-51.462297
5856.445312	-51.533451
5859.375000	-51.581737
5862.304688	-52.120416
5865.234375	-50.979561
5868.164062	-50.239156
5871.093750	-50.772728
5874.023438	-51.009563
5876.953125	-50.038677
5879.882812	-49.944857
5882.812500	-51.609233
5885.742188	-51.640809
5888.671875	-51.099416
5891.601562	-50.551519
5894.531250	-50.086973
5897.460938	-50.613665
5900.390625	-50.928811
5903.320312	-51.429624
5906.250000	-51.979674
5909.179688	-51.072796
5912.109375	-50.497575
5915.039062	-51.987091
5917.968750	-50.485332
5920.898438	-49.868968
5923.828125	-51.324538
5926.757812	-52.080228
5929.687500	-51.161508
5932.617188	-51.248690
5935.546875	-52.478857
5938.476562	-51.876292
5941.406250	-51.577925
5944.335938	-52.969355
5947.265625	-52.065967
5950.195312	-51.511644
5953.125000	-51.066959
5956.054688	-51.325061
5958.984375	-51.443035
5961.914062	-50.692582
5964.843750	-50.611684
5967.773438	-50.936994
5970.703125	-50.436661
5973.632812	-50.669867
5976.562500	-51.138469
5979.492188	-51.154898
5982.421875	-50.227746
5985.351562	-49.974970
5988.281250	-51.452534
5991.210938	-53.274473
5994.140625	-52.460351
5997.070312	-52.589126
6000.000000	-52.145677
6002.929688	-51.686278
6005.859375	-52.579038
6008.789062	-52.788954
6011.718750	-51.303424
6014.648438	-51.719577
6017.578125	-53.038315
6020.507812	-52.504550
6023.437500	-51.714780
6026.367188	-52.280974
6029.296875	-52.686080
6032.226562	-51.819847
6035.156250	-51.364453
6038.085938	-52.030281
6041.015625	-52.080950
6043.945312	-51.467266
6046.875000	-52.479702
6049.804688	-52.191681
6052.734375	-51.597661
6055.664062	-51.068731
6058.593750	-51.746968
6061.523438	-50.838495
6064.453125	-50.425839
6067.382812	-51.285820
6070.312500	-52.267041
6073.242188	-52.145029
6076.171875	-51.206679
6079.101562	-50.811279
6082.031250	-51.781627
6084.960938	-53.208155
6087.890625	-52.565878
6090.820312	-51.856710
6093.750000	-51.709740
6096.679688	-51.177484
6099.609375	-50.360588
6102.539062	-51.488235
6105.468750	-52.283928
6108.398438	-51.864537
6111.328125	-52.959101
6114.257812	-53.052351
6117.187500	-52.918834
6120.117188	-52.146746
6123.046875	-52.817365
6125.976562	-53.258412
6128.906250	-52.131701
6131.835938	-51.699012
6134.765625	-51.460397
6137.695312	-52.375164
6140.625000	-52.083511
6143.554688	-52.117376
6146.484375	-51.797312
6149.414062	-51.834191
6152.343750	-51.362680
6155.273438	-50.689980
6158.203125	-51.746321
6161.132812	-52.339463
6164.062500	-50.459007
6166.992188	-51.173824
6169.921875	-52.473226
6172.851562	-52.101842
6175.781250	-52.105791
6178.710938	-52.785890
6181.640625	-52.018400
6184.570312	-51.284928
6187.500000	-52.029843
6190.429688	-51.374241
6193.359375	-50.860484
6196.289062	-51.801056
6199.218750	-51.758217
6202.148438	-51.621202
6205.078125	-51.032821
6208.007812	-51.691904
6210.937500	-52.071068
6213.867188	-51.329423
6216.796875	-51.410329
6219.726562	-52.568321
6222.656250	-52.385871
6225.585938	-52.214095
6228.515625	-52.355708
6231.445312	-52.595493
6234.375000	-51.773480
6237.304688	-51.632865
6240.234375	-51.675633
6243.164062	-52.171376
6246.093750	-52.421949
6249.023438	-54.193384
6251.953125	-53.495111
6254.882812	-52.231872
6257.812500	-52.047949
6260.742188	-52.627351
6263.671875	-51.993528
6266.601562	-51.349598
6269.531250	-52.263536
6272.460938	-51.785282
6275.390625	-51.948370
6278.320312	-52.384147
6281.250000	-51.741556
6284.179688	-51.415733
6287.109375	-52.955859
6290.039062	-52.646152
6292.968750	-51.499885
6295.898438	-52.526135
6298.828125	-52.281558
6301.757812	-51.766283
6304.687500	-52.796299
6307.617188	-53.657932
6310.546875	-53.140923
6313.476562	-52.209912
6316.406250	-52.250496
6319.335938	-52.053474
6322.265625	-52.669387
6325.195312	-53.005910
6328.125000	-51.219699
6331.054688	-51.871210
6333.984375	-51.670207
6336.914062	-51.260002
6339.843750	-52.041132
6342.773438	-52.005491
6345.703125	-52.028367
6348.632812	-51.894266
6351.562500	-52.280011
6354.492188	-51.521029
6357.421875	-53.153325
6360.351562	-54.732047
6363.281250	-53.216654
6366.210938	-51.796669
6369.140625	-50.980707
6372.070312	-52.287688
6375.000000	-52.725578
6377.929688	-53.261435
6380.859375	-52.680083
6383.789062	-53.580552
6386.718750	-53.066916
6389.648438	-53.138241
6392.578125	-53.767992
6395.507812	-52.558040
6398.437500	-51.669337
6401.367188	-52.182333
6404.296875	-52.522907
6407.226562	-52.106471
6410.156250	-51.913064
6413.085938	-51.595739
6416.015625	-51.783796
6418.945312	-51.192478
6421.875000	-51.277974
6424.804688	-51.452415
6427.734375	-51.627693
6430.664062	-51.607519
6433.593750	-51.224146
6436.523438	-52.031849
6439.453125	-53.270000
6442.382812	-52.535659
6445.312500	-53.248319
6448.242188	-53.790940
6451.171875	-53.556753
6454.101562	-53.026453
6457.031250	-52.618810
6459.960938	-52.099278
6462.890625	-52.347005
6465.820312	-52.492851
6468.750000	-52.118878
6471.679688	-52.326342
6474.609375	-52.400741
6477.539062	-52.580623
6480.468750	-53.232441
6483.398438	-51.768383
6486.328125	-50.836466
6489.257812	-51.764761
6492.187500	-53.056974
6495.117188	-53.821431
6498.046875	-52.309559
6500.976562	-52.175611
6503.906250	-52.730728
6506.835938	-52.482793
6509.765625	-51.651580
6512.695312	-52.838713
6515.625000	-53.249949
6518.554688	-51.421531
6521.484375	-50.032227
6524.414062	-50.566959
6527.343750	-51.253667
6530.273438	-51.665700
6533.203125	-51.613458
6536.132812	-50.978094
6539.062500	-51.481264
6541.992188	-51.589166
6544.921875	-52.912452
6547.851562	-53.418359
6550.781250	-52.976020
6553.710938	-52.693942
6556.640625	-52.278487
6559.570312	-53.109037
6562.500000	-52.715943
6565.429688	-52.812049
6568.359375	-53.680934
6571.289062	-52.378858
6574.218750	-52.894417
6577.148438	-52.686247
6580.078125	-53.145562
6583.007812	-53.124578
6585.937500	-52.795870
6588.867188	-52.195089
6591.796875	-53.361994
6594.726562	-53.901438
6597.656250	-53.714867
6600.585938	-52.101923
6603.515625	-52.022952
6606.445312	-53.067934
6609.375000	-52.479446
6612.304688	-51.257167
6615.234375	-51.696658
6618.164062	-51.972882
6621.093750	-51.886727
6624.023438	-52.209807
6626.953125	-52.442036
6629.882812	-51.534021
6632.812500	-51.449398
6635.742188	-51.076085
6638.671875	-51.765107
6641.601562	-53.011101
6644.531250	-53.646875
6647.460938	-52.201962
6650.390625	-51.600043
6653.320312	-52.380560
6656.250000	-53.393922
6659.179688	-53.191001
6662.109375	-52.502667
6665.039062	-51.246523
6667.968750	-51.302343
6670.898438	-53.148612
6673.828125	-53.454884
6676.757812	-53.457777
6679.687500	-52.722365
6682.617188	-52.968649
6685.546875	-53.799662
6688.476562	-53.385512
6691.406250	-51.933582
6694.335938	-51.443480
6697.265625	-51.636731
6700.195312	-52.934656
6703.125000	-53.134201
6706.054688	-53.138651
6708.984375	-52.197639
6711.914062	-53.340665
6714.843750	-52.169628
6717.773438	-52.056768
6720.703125	-52.491270
6723.632812	-53.106780
6726.562500	-53.443545
6729.492188	-52.750458
6732.421875	-53.097583
6735.351562	-53.182226
6738.281250	-52.902715
6741.210938	-54.247066
6744.140625	-53.779325
6747.070312	-53.619945
6750.000000	-54.748718
6752.929688	-52.967332
6755.859375	-51.895009
6758.789062	-52.326897
6761.718750	-52.993161
6764.648438	-52.126334
6767.578125	-51.826010
6770.507812	-50.942210
6773.437500	-50.958802
6776.367188	-52.726580
6779.296875	-51.923221
6782.226562	-51.457867
6785.156250	-52.382313
6788.085938	-51.703194
6791.015625	-51.046602
6793.945312	-52.553062
6796.875000	-52.078782
6799.804688	-53.514129
6802.734375	-52.659541
6805.664062	-53.169485
6808.593750	-53.271070
6811.523438	-53.983448
6814.453125	-53.602421
6817.382812	-54.075195
6820.312500	-53.603433
6823.242188	-53.618019
6826.171875	-53.828804
6829.101562	-53.274670
6832.031250	-53.006678
6834.960938	-52.961504
6837.890625	-53.227418
6840.820312	-52.273593
6843.750000	-53.190259
6846.679688	-54.352896
6849.609375	-53.865468
6852.539062	-53.020998
6855.468750	-52.448665
6858.398438	-52.346724
6861.328125	-52.589347
6864.257812	-52.675357
6867.187500	-51.742013
6870.117188	-52.396555
6873.046875	-52.513621
6875.976562	-51.192104
6878.906250	-52.392846
6881.835938	-52.602896
6884.765625	-53.198325
6887.695312	-53.233875
6890.625000	-52.956078
6893.554688	-51.790028
6896.484375	-52.745236
6899.414062	-52.470131
6902.343750	-51.426784
6905.273438	-52.584522
6908.203125	-52.333393
6911.132812	-50.627457
6914.062500	-51.515875
6916.992188	-52.039269
6919.921875	-51.990462
6922.851562	-52.529346
6925.781250	-52.612097
6928.710938	-52.153034
6931.640625	-52.311066
6934.570312	-52.355911
6937.500000	-53.732869
6940.429688	-52.379564
6943.359375	-52.007445
6946.289062	-52.358095
6949.218750	-53.135118
6952.148438	-53.367106
6955.078125	-52.129232
6958.007812	-52.001996
6960.937500	-52.107963
6963.867188	-52.215561
6966.796875	-53.344793
6969.726562	-53.644105
6972.656250	-53.101892
6975.585938	-52.514877
6978.515625	-52.348452
6981.445312	-52.353517
6984.375000	-53.106560
6987.304688	-54.303481
6990.234375	-53.845820
6993.164062	-54.034596
6996.093750	-53.265895
6999.023438	-53.499858
7001.953125	-53.044998
7004.882812	-53.702857
7007.812500	-53.374719
7010.742188	-52.755932
7013.671875	-53.031543
7016.601562	-53.799446
7019.531250	-53.435210
7022.460938	-53.153481
7025.390625	-52.671743
7028.320312	-52.588932
7031.250000	-52.776171
7034.179688	-52.435377
7037.109375	-51.767383
7040.039062	-52.804148
7042.968750	-52.309203
7045.898438	-52.936416
7048.828125	-53.428986
7051.757812	-52.390069
7054.687500	-52.078686
7057.617188	-52.536789
7060.546875	-52.482915
7063.476562	-51.928006
7066.406250	-51.866542
7069.335938	-52.298365
7072.265625	-53.843021
7075.195312	-53.293135
7078.125000	-52.609285
7081.054688	-53.471480
7083.984375	-53.375416
7086.914062	-52.812691
7089.843750	-52.012402
7092.773438	-52.945527
7095.703125	-52.950502
7098.632812	-52.398017
7101.562500	-54.026208
7104.492188	-55.572664
7107.421875	-54.569005
7110.351562	-54.153840
7113.281250	-52.674474
7116.210938	-52.810854
7119.140625	-53.610395
7122.070312	-53.039352
7125.000000	-52.623421
7127.929688	-53.392413
7130.859375	-53.316586
7133.789062	-52.199092
7136.718750	-52.570027
7139.648438	-53.431582
7142.578125	-52.376178
7145.507812	-53.309748
7148.437500	-53.517925
7151.367188	-52.260365
7154.296875	-52.679468
7157.226562	-53.367475
7160.156250	-53.207600
7163.085938	-52.450659
7166.015625	-52.402377
7168.945312	-53.354149
7171.875000	-52.906183
7174.804688	-53.099875
7177.734375	-54.036643
7180.664062	-54.845322
7183.593750	-54.126407
7186.523438	-53.401790
7189.453125	-52.288232
7192.382812	-52.933237
7195.312500	-54.066195
7198.242188	-52.984707
7201.171875	-54.371266
7204.101562	-53.470242
7207.031250	-54.107160
7209.960938	-53.884325
7212.890625	-53.085341
7215.820312	-52.497049
7218.750000	-52.608588
7221.679688	-52.406379
7224.609375	-52.730689
7227.539062	-52.413169
7230.468750	-52.606874
7233.398438	-53.125668
7236.328125	-52.070090
7239.257812	-52.728429
7242.187500	-54.291758
7245.117188	-52.708498
7248.046875	-52.574770
7250.976562	-53.623643
7253.906250	-52.797531
7256.835938	-52.149420
7259.765625	-53.548656
7262.695312	-54.397376
7265.625000	-53.338956
7268.554688	-52.005325
7271.484375	-52.180203
7274.414062	-53.315934
7277.343750	-53.322890
7280.273438	-54.328655
7283.203125	-53.520268
7286.132812	-52.478781
7289.062500	-53.074479
7291.992188	-53.402899
7294.921875	-52.794392
7297.851562	-52.553068
7300.781250	-53.252648
7303.710938	-53.023842
7306.640625	-53.607963
7309.570312	-53.996963
7312.500000	-53.711349
7315.429688	-52.489829
7318.359375	-54.024810
7321.289062	-53.722553
7324.218750	-53.005475
7327.148438	-54.401943
7330.078125	-53.119814
7333.007812	-52.753717
7335.937500	-52.835458
7338.867188	-52.554154
7341.796875	-54.311863
7344.726562	-54.238052
7347.656250	-52.607745
7350.585938	-53.321366
7353.515625	-54.816041
7356.445312	-53.185881
7359.375000	-52.825463
7362.304688	-53.710744
7365.234375	-52.916356
7368.164062	-51.912710
7371.093750	-52.541759
7374.023438	-52.695159
7376.953125	-53.503836
7379.882812	-53.474582
7382.812500	-53.021003
7385.742188	-52.725229
7388.671875	-52.723947
7391.601562	-52.728505
7394.531250	-52.476401
7397.460938	-52.512054
7400.390625	-52.882567
7403.320312	-52.490651
7406.250000	-53.343627
7409.179688	-53.226303
7412.109375	-52.397212
7415.039062	-52.739936
7417.968750	-52.347517
7420.898438	-52.323953
7423.828125	-53.089210
7426.757812	-54.043963
7429.687500	-53.996226
7432.617188	-53.582547
7435.546875	-52.705334
7438.476562	-52.618353
7441.406250	-53.432020
7444.335938	-52.444253
7447.265625	-51.981511
7450.195312	-52.745682
7453.125000	-52.591946
7456.054688	-53.173672
7458.984375	-54.127516
7461.914062	-53.770979
7464.843750	-52.683833
7467.773438	-52.605241
7470.703125	-52.319325
7473.632812	-51.167704
7476.562500	-51.972404
7479.492188	-52.961573
7482.421875	-53.830783
7485.351562	-53.318420
7488.281250	-53.468293
7491.210938	-52.861066
7494.140625	-52.493103
7497.070312	-52.808439
7500.000000	-52.848364
7502.929688	-53.462353
7505.859375	-53.153295
7508.789062	-53.186095
7511.718750	-51.932950
7514.648438	-52.273336
7517.578125	-53.551434
7520.507812	-53.878358
7523.437500	-53.267239
7526.367188	-52.212251
7529.296875	-52.743804
7532.226562	-54.280838
7535.156250	-53.064428
7538.085938	-52.832305
7541.015625	-52.719458
7543.945312	-52.431758
7546.875000	-52.021706
7549.804688	-52.801428
7552.734375	-53.661981
7555.664062	-53.840498
7558.593750	-53.331420
7561.523438	-52.695220
7564.453125	-51.935016
7567.382812	-53.073158
7570.312500	-54.993862
7573.242188	-53.644067
7576.171875	-53.214559
7579.101562	-52.956254
7582.031250	-52.419027
7584.960938	-54.068142
7587.890625	-54.220293
7590.820312	-53.561948
7593.750000	-52.950698
7596.679688	-52.448056
7599.609375	-53.404321
7602.539062	-54.791475
7605.468750	-53.835248
7608.398438	-53.417062
7611.328125	-52.489082
7614.257812	-52.506788
7617.187500	-53.370300
7620.117188	-53.551368
7623.046875	-53.308963
7625.976562	-53.772512
7628.906250	-52.852083
7631.835938	-52.255758
7634.765625	-52.333214
7637.695312	-53.078373
7640.625000	-53.106649
7643.554688	-52.780236
7646.484375	-53.486386
7649.414062	-53.562111
7652.343750	-52.747208
7655.273438	-52.402906
7658.203125	-52.984104
7661.132812	-54.151918
7664.062500	-52.872566
7666.992188	-52.613584
7669.921875	-53.092424
7672.851562	-53.378218
7675.781250	-52.892907
7678.710938	-52.198719
7681.640625	-52.167053
7684.570312	-52.501494
7687.500000	-51.722491
7690.429688	-51.500079
7693.359375	-51.787487
7696.289062	-52.390988
7699.218750	-52.962683
7702.148438	-51.843170
7705.078125	-52.619614
7708.007812	-53.995217
7710.937500	-53.944785
7713.867188	-52.886216
7716.796875	-53.187348
7719.726562	-52.945594
7722.656250	-52.561206
7725.585938	-52.464409
7728.515625	-52.393339
7731.445312	-52.496062
7734.375000	-52.684636
7737.304688	-53.828807
7740.234375	-53.853770
7743.164062	-53.157674
7746.093750	-52.942081
7749.023438	-52.370145
7751.953125	-52.107024
7754.882812	-52.521451
7757.812500	-52.760575
7760.742188	-53.742919
7763.671875	-53.856377
7766.601562	-53.553886
7769.531250	-54.007411
7772.460938	-53.296443
7775.390625	-51.787409
7778.320312	-53.149006
7781.250000	-53.447604
7784.179688	-52.823344
7787.109375	-53.684391
7790.039062	-53.902689
7792.968750	-52.954708
7795.898438	-51.958053
7798.828125	-52.325980
7801.757812	-52.726858
7804.687500	-52.601244
7807.617188	-52.252160
7810.546875	-53.950488
7813.476562	-52.834195
7816.406250	-53.136450
7819.335938	-52.826707
7822.265625	-53.218161
7825.195312	-53.897050
7828.125000	-53.283280
7831.054688	-53.260367
7833.984375	-53.518740
7836.914062	-53.165910
7839.843750	-53.084791
7842.773438	-52.568730
7845.703125	-52.733528
7848.632812	-52.361190
7851.562500	-52.267079
7854.492188	-52.259515
7857.421875	-52.862284
7860.351562	-52.643218
7863.281250	-52.505788
7866.210938	-52.657473
7869.140625	-52.711689
7872.070312	-52.672263
7875.000000	-51.990232
7877.929688	-52.339039
7880.859375	-52.919893
7883.789062	-53.452578
7886.718750	-53.507029
7889.648438	-53.943053
7892.578125	-54.647340
7895.507812	-53.937252
7898.437500	-53.916663
7901.367188	-54.679074
7904.296875	-53.216095
7907.226562	-52.832028
7910.156250	-53.247645
7913.085938	-53.413078
7916.015625	-53.217739
7918.945312	-52.813657
7921.875000	-53.889011
7924.804688	-54.294992
7927.734375	-53.429338
7930.664062	-53.469472
7933.593750	-52.587731
7936.523438	-51.451955
7939.453125	-51.582157
7942.382812	-53.648036
7945.312500	-53.306552
7948.242188	-52.504038
7951.171875	-53.313078
7954.101562	-53.264023
7957.031250	-53.204070
7959.960938	-53.042465
7962.890625	-53.197205
7965.820312	-51.956097
7968.750000	-51.991646
7971.679688	-52.268360
7974.609375	-52.966348
7977.539062	-53.447311
7980.468750	-53.964393
7983.398438	-54.795797
7986.328125	-53.008785
7989.257812	-52.721448
7992.187500	-53.238153
7995.117188	-53.371016
7998.046875	-53.893558
8000.976562	-54.092313
8003.906250	-53.653975
8006.835938	-53.485091
8009.765625	-53.425982
8012.695312	-52.531707
8015.625000	-52.164811
8018.554688	-52.900158
8021.484375	-53.628032
8024.414062	-53.494254
8027.343750	-52.513921
8030.273438	-53.401823
8033.203125	-52.979776
8036.132812	-52.766472
8039.062500	-53.690499
8041.992188	-52.165842
8044.921875	-52.319495
8047.851562	-53.874201
8050.781250	-52.913032
8053.710938	-54.141628
8056.640625	-53.867985
8059.570312	-53.894762
8062.500000	-52.893451
8065.429688	-52.162585
8068.359375	-52.577543
8071.289062	-53.931248
8074.218750	-54.136374
8077.148438	-54.547668
8080.078125	-53.310076
8083.007812	-53.005141
8085.937500	-54.022920
8088.867188	-53.690373
8091.796875	-53.339341
8094.726562	-53.627889
8097.656250	-53.273131
8100.585938	-53.319585
8103.515625	-53.857781
8106.445312	-52.952489
8109.375000	-52.017554
8112.304688	-53.346857
8115.234375	-54.568901
8118.164062	-53.309380
8121.093750	-52.975371
8124.023438	-53.608904
8126.953125	-53.261567
8129.882812	-53.257898
8132.812500	-52.852990
8135.742188	-53.307490
8138.671875	-53.197750
8141.601562	-53.546301
8144.531250	-53.846906
8147.460938	-52.984732
8150.390625	-53.593438
8153.320312	-53.397038
8156.250000	-53.340872
8159.179688	-53.302852
8162.109375	-54.255184
8165.039062	-54.088726
8167.968750	-52.963068
8170.898438	-52.941317
8173.828125	-53.131351
8176.757812	-52.745098
8179.687500	-53.488291
8182.617188	-52.507827
8185.546875	-52.773504
8188.476562	-52.913926
8191.406250	-53.808538
8194.335938	-53.761122
8197.265625	-53.694415
8200.195312	-53.816951
8203.125000	-53.835338
8206.054688	-54.223847
8208.984375	-53.999480
8211.914062	-53.563214
8214.843750	-54.684969
8217.773438	-54.262122
8220.703125	-54.453393
8223.632812	-52.779897
8226.562500	-52.984309
8229.492188	-54.250387
8232.421875	-54.525231
8235.351562	-53.917822
8238.281250	-54.256048
8241.210938	-53.861076
8244.140625	-54.229404
8247.070312	-53.873873
8250.000000	-53.026818
8252.929688	-53.057297
8255.859375	-53.504776
8258.789062	-53.081111
8261.718750	-52.748169
8264.648438	-53.156076
8267.578125	-53.051935
8270.507812	-53.483106
8273.437500	-54.376068
8276.367188	-53.154773
8279.296875	-53.146404
8282.226562	-53.625743
8285.156250	-53.422221
8288.085938	-53.686199
8291.015625	-53.020413
8293.945312	-53.230820
8296.875000	-53.329854
8299.804688	-52.878985
8302.734375	-53.866441
8305.664062	-53.936540
8308.593750	-53.384136
8311.523438	-53.916401
8314.453125	-55.037732
8317.382812	-53.551814
8320.312500	-52.360141
8323.242188	-52.437410
8326.171875	-54.270049
8329.101562	-54.203989
8332.031250	-53.296545
8334.960938	-53.921131
8337.890625	-54.483994
8340.820312	-53.939305
8343.750000	-54.277616
8346.679688	-53.821957
8349.609375	-52.046979
8352.539062	-53.709205
8355.468750	-54.176445
8358.398438	-53.159594
8361.328125	-52.776091
8364.257812	-53.638367
8367.187500	-54.202011
8370.117188	-54.386279
8373.046875	-53.811533
8375.976562	-53.393776
8378.906250	-53.261212
8381.835938	-52.766716
8384.765625	-53.061334
8387.695312	-53.834728
8390.625000	-53.271839
8393.554688	-53.430830
8396.484375	-53.494775
8399.414062	-53.492522
8402.343750	-53.677195
8405.273438	-53.034678
8408.203125	-53.386966
8411.132812	-52.956269
8414.062500	-52.901749
8416.992188	-52.631999
8419.921875	-53.145470
8422.851562	-53.665709
8425.781250	-53.731602
8428.710938	-53.171940
8431.640625	-53.540727
8434.570312	-53.170137
8437.500000	-53.651478
8440.429688	-54.232475
8443.359375	-53.011399
8446.289062	-53.566485
8449.218750	-52.993166
8452.148438	-52.943856
8455.078125	-52.967257
8458.007812	-53.040989
8460.937500	-53.022758
8463.867188	-52.442057
8466.796875	-52.721772
8469.726562	-53.318337
8472.656250	-52.497489
8475.585938	-52.757873
8478.515625	-52.983242
8481.445312	-52.527065
8484.375000	-53.259869
8487.304688	-52.792148
8490.234375	-52.613282
8493.164062	-52.725773
8496.093750	-52.090042
8499.023438	-53.586852
8501.953125	-53.346113
8504.882812	-52.270368
8507.812500	-51.692522
8510.742188	-51.922410
8513.671875	-52.511756
8516.601562	-52.889781
8519.531250	-53.169509
8522.460938	-54.738809
8525.390625	-53.652014
8528.320312	-53.830094
8531.250000	-53.983132
8534.179688	-53.328904
8537.109375	-52.758071
8540.039062	-53.308795
8542.968750	-53.803291
8545.898438	-53.077288
8548.828125	-53.195248
8551.757812	-54.021080
8554.687500	-53.598207
8557.617188	-54.010937
8560.546875	-53.245364
8563.476562	-53.288334
8566.406250	-52.618253
8569.335938	-53.154760
8572.265625	-53.355807
8575.195312	-52.775985
8578.125000	-53.377202
8581.054688	-53.970314
8583.984375	-54.651497
8586.914062	-52.759431
8589.843750	-52.519864
8592.773438	-52.554777
8595.703125	-52.859992
8598.632812	-54.232323
8601.562500	-54.277253
8604.492188	-53.756198
8607.421875	-53.672998
8610.351562	-54.181593
8613.281250	-53.923985
8616.210938	-53.577285
8619.140625	-52.715488
8622.070312	-54.090984
8625.000000	-53.930614
8627.929688	-52.924490
8630.859375	-53.429540
8633.789062	-53.454474
8636.718750	-52.732080
8639.648438	-52.454139
8642.578125	-52.326557
8645.507812	-52.867282
8648.437500	-52.786294
8651.367188	-53.681174
8654.296875	-53.978113
8657.226562	-53.223314
8660.156250	-53.524351
8663.085938	-52.825245
8666.015625	-53.113263
8668.945312	-53.921297
8671.875000	-53.167965
8674.804688	-53.648892
8677.734375	-54.193142
8680.664062	-53.606642
8683.593750	-52.848906
8686.523438	-53.035374
8689.453125	-53.446228
8692.382812	-53.181693
8695.312500	-54.733981
8698.242188	-53.462994
8701.171875	-53.600606
8704.101562	-53.817592
8707.031250	-54.307128
8709.960938	-53.709530
8712.890625	-53.911153
8715.820312	-53.876593
8718.750000	-53.305318
8721.679688	-52.814834
8724.609375	-53.279301
8727.539062	-53.953475
8730.468750	-53.751470
8733.398438	-53.656007
8736.328125	-54.946428
8739.257812	-55.298727
8742.187500	-53.732927
8745.117188	-52.801295
8748.046875	-53.166471
8750.976562	-53.680624
8753.906250	-53.651025
8756.835938	-54.357020
8759.765625	-54.710582
8762.695312	-53.042499
8765.625000	-53.650345
8768.554688	-53.280027
8771.484375	-53.208735
8774.414062	-53.325331
8777.343750	-53.136612
8780.273438	-53.416772
8783.203125	-53.218885
8786.132812	-53.827235
8789.062500	-53.127987
8791.992188	-52.549242
8794.921875	-53.147358
8797.851562	-53.506163
8800.781250	-54.235452
8803.710938	-53.620655
8806.640625	-54.437813
8809.570312	-54.915384
8812.500000	-54.350046
8815.429688	-53.981174
8818.359375	-53.807088
8821.289062	-53.381404
8824.218750	-53.178428
8827.148438	-53.840861
8830.078125	-54.012781
8833.007812	-53.375253
8835.937500	-53.783888
8838.867188	-53.556143
8841.796875	-52.489535
8844.726562	-53.116439
8847.656250	-52.530778
8850.585938	-52.020360
8853.515625	-52.626032
8856.445312	-53.977165
8859.375000	-53.935256
8862.304688	-53.739000
8865.234375	-53.209094
8868.164062	-51.943656
8871.093750	-52.502285
8874.023438	-53.692494
8876.953125	-53.631859
8879.882812	-53.539094
8882.812500	-53.473823
8885.742188	-52.575450
8888.671875	-52.823595
8891.601562	-53.116474
8894.531250	-53.131114
8897.460938	-52.405275
8900.390625	-52.957517
8903.320312	-54.823795
8906.250000	-54.395449
8909.179688	-53.459122
8912.109375	-52.653490
8915.039062	-52.646091
8917.968750	-52.639437
8920.898438	-52.741135
8923.828125	-52.355617
8926.757812	-53.435114
8929.687500	-53.303005
8932.617188	-53.207652
8935.546875	-54.431781
8938.476562	-54.162681
8941.406250	-53.228864
8944.335938	-54.090610
8947.265625	-54.518854
8950.195312	-54.669836
8953.125000	-54.450458
8956.054688	-53.146543
8958.984375	-53.140015
8961.914062	-54.291479
8964.843750	-54.403974
8967.773438	-53.726547
8970.703125	-52.428938
8973.632812	-53.519330
8976.562500	-54.133882
8979.492188	-52.915972
8982.421875	-52.667625
8985.351562	-53.503970
8988.281250	-53.229974
8991.210938	-52.996172
8994.140625	-52.980876
8997.070312	-52.488845
9000.000000	-52.819797
9002.929688	-52.241783
9005.859375	-52.649663
9008.789062	-54.093333
9011.718750	-52.265292
9014.648438	-52.654903
9017.578125	-53.406472
9020.507812	-54.221154
9023.437500	-53.976510
9026.367188	-52.845764
9029.296875	-54.165437
9032.226562	-54.211578
9035.156250	-54.016303
9038.085938	-54.029922
9041.015625	-54.623755
9043.945312	-53.674928
9046.875000	-53.290195
9049.804688	-54.585598
9052.734375	-53.251826
9055.664062	-52.530946
9058.593750	-53.193775
9061.523438	-52.978531
9064.453125	-54.241172
9067.382812	-53.468594
9070.312500	-53.376052
9073.242188	-53.239134
9076.171875	-53.150055
9079.101562	-53.227561
9082.031250	-52.683775
9084.960938	-52.715004
9087.890625	-52.855592
9090.820312	-52.662226
9093.750000	-53.037525
9096.679688	-53.055524
9099.609375	-54.078934
9102.539062	-53.474741
9105.468750	-54.002431
9108.398438	-53.371337
9111.328125	-53.790359
9114.257812	-54.877951
9117.187500	-53.153595
9120.117188	-53.357375
9123.046875	-52.598869
9125.976562	-52.514674
9128.906250	-53.567300
9131.835938	-54.677300
9134.765625	-54.722965
9137.695312	-54.604705
9140.625000	-53.371497
9143.554688	-53.984017
9146.484375	-52.800707
9149.414062	-52.176205
9152.343750	-53.519040
9155.273438	-54.244703
9158.203125	-54.287452
9161.132812	-52.930874
9164.062500	-52.800613
9166.992188	-53.133928
9169.921875	-52.943075
9172.851562	-53.578563
9175.781250	-54.446560
9178.710938	-54.463941
9181.640625	-53.445977
9184.570312	-53.815800
9187.500000	-53.341750
9190.429688	-52.854649
9193.359375	-51.980880
9196.289062	-52.779996
9199.218750	-54.020862
9202.148438	-53.942756
9205.078125	-54.013734
9208.007812	-53.625437
9210.937500	-53.792727
9213.867188	-54.565382
9216.796875	-53.528460
9219.726562	-54.722840
9222.656250	-54.510759
9225.585938	-53.453505
9228.515625	-52.915492
9231.445312	-51.842254
9234.375000	-52.601856
9237.304688	-52.010884
9240.234375	-52.194742
9243.164062	-51.420612
9246.093750	-52.782507
9249.023438	-53.329270
9251.953125	-53.915108
9254.882812	-53.808523
9257.812500	-52.643449
9260.742188	-51.545074
9263.671875	-51.733780
9266.601562	-53.616229
9269.531250	-53.454631
9272.460938	-54.042117
9275.390625	-53.559911
9278.320312	-52.460952
9281.250000	-52.270876
9284.179688	-52.942200
9287.109375	-53.354706
9290.039062	-53.424940
9292.968750	-53.604961
9295.898438	-53.541905
9298.828125	-53.112225
9301.757812	-53.081928
9304.687500	-53.493080
9307.617188	-53.583499
9310.546875	-54.089328
9313.476562	-54.220778
9316.406250	-53.300830
9319.335938	-53.733402
9322.265625	-54.495513
9325.195312	-53.973176
9328.125000	-53.620104
9331.054688	-53.884701
9333.984375	-54.099764
9336.914062	-54.626795
9339.843750	-54.408381
9342.773438	-53.302902
9345.703125	-54.293464
9348.632812	-54.016140
9351.562500	-53.977093
9354.492188	-53.299422
9357.421875	-54.224220
9360.351562	-54.588611
9363.281250	-52.808179
9366.210938	-52.865868
9369.140625	-52.943780
9372.070312	-53.983094
9375.000000	-54.094909
9377.929688	-53.706222
9380.859375	-53.722191
9383.789062	-53.095403
9386.718750	-53.300284
9389.648438	-53.646358
9392.578125	-52.990565
9395.507812	-53.554748
9398.437500	-53.476350
9401.367188	-53.661166
9404.296875	-53.089190
9407.226562	-53.162225
9410.156250	-53.301543
9413.085938	-54.007635
9416.015625	-53.861994
9418.945312	-53.458076
9421.875000	-54.847556
9424.804688	-53.158832
9427.734375	-52.246821
9430.664062	-52.384465
9433.593750	-53.445831
9436.523438	-53.242456
9439.453125	-53.388833
9442.382812	-54.468786
9445.312500	-52.930827
9448.242188	-53.989498
9451.171875	-54.133715
9454.101562	-53.140933
9457.031250	-53.697577
9459.960938	-53.483389
9462.890625	-53.320646
9465.820312	-52.795257
9468.750000	-51.992833
9471.679688	-53.260386
9474.609375	-52.424642
9477.539062	-52.121010
9480.468750	-52.432762
9483.398438	-52.903366
9486.328125	-53.442166
9489.257812	-52.724818
9492.187500	-52.616441
9495.117188	-52.976441
9498.046875	-54.507294
9500.976562	-54.166124
9503.906250	-52.663517
9506.835938	-52.369354
9509.765625	-53.529233
9512.695312	-53.751751
9515.625000	-54.001951
9518.554688	-53.448356
9521.484375	-52.833238
9524.414062	-53.096378
9527.343750	-54.857456
9530.273438	-52.967227
9533.203125	-52.556957
9536.132812	-53.728157
9539.062500	-53.918425
9541.992188	-53.607929
9544.921875	-54.370931
9547.851562	-53.522008
9550.781250	-53.694985
9553.710938	-52.275076
9556.640625	-52.120166
9559.570312	-52.813683
9562.500000	-52.950118
9565.429688	-53.105899
9568.359375	-52.559236
9571.289062	-52.662101
9574.218750	-53.769972
9577.148438	-54.290357
9580.078125	-53.344041
9583.007812	-53.258304
9585.937500	-53.680246
9588.867188	-54.344677
9591.796875	-53.726608
9594.726562	-53.548551
9597.656250	-53.691400
9600.585938	-52.539791
9603.515625	-53.572671
9606.445312	-52.336039
9609.375000	-52.190379
9612.304688	-52.695996
9615.234375	-53.571603
9618.164062	-53.165658
9621.093750	-52.715976
9624.023438	-52.764074
9626.953125	-52.849246
9629.882812	-52.371379
9632.812500	-51.751769
9635.742188	-52.320690
9638.671875	-52.642618
9641.601562	-53.099529
9644.531250	-54.135017
9647.460938	-52.871084
9650.390625	-52.258924
9653.320312	-52.391847
9656.250000	-52.762974
9659.179688	-53.073326
9662.109375	-52.844003
9665.039062	-53.723390
9667.968750	-53.348713
9670.898438	-53.674355
9673.828125	-54.123506
9676.757812	-53.699534
9679.687500	-53.305938
9682.617188	-52.621229
9685.546875	-53.628210
9688.476562	-53.254842
9691.406250	-53.782043
9694.335938	-52.462226
9697.265625	-51.880937
9700.195312	-52.665090
9703.125000	-53.387731
9706.054688	-52.615967
9708.984375	-51.683474
9711.914062	-52.423125
9714.843750	-52.738850
9717.773438	-52.610888
9720.703125	-52.542996
9723.632812	-52.742852
9726.562500	-53.533673
9729.492188	-53.128795
9732.421875	-52.432001
9735.351562	-53.500196
9738.281250	-53.040912
9741.210938	-53.185745
9744.140625	-54.055190
9747.070312	-53.232913
9750.000000	-53.448089
9752.929688	-53.376767
9755.859375	-53.174466
9758.789062	-52.237662
9761.718750	-52.869518
9764.648438	-53.966682
9767.578125	-54.721162
9770.507812	-54.535564
9773.437500	-53.866066
9776.367188	-54.430145
9779.296875	-53.806451
9782.226562	-52.592951
9785.156250	-53.263014
9788.085938	-53.630291
9791.015625	-52.901222
9793.945312	-53.859767
9796.875000	-53.125638
9799.804688	-52.942016
9802.734375	-52.932606
9805.664062	-53.137275
9808.593750	-52.437910
9811.523438	-52.487828
9814.453125	-53.246856
9817.382812	-52.528951
9820.312500	-52.924210
9823.242188	-52.793060
9826.171875	-51.815279
9829.101562	-52.230276
9832.031250	-53.859035
9834.960938	-53.885216
9837.890625	-54.134817
9840.820312	-53.855759
9843.750000	-53.775448
9846.679688	-52.581398
9849.609375	-52.512600
9852.539062	-52.899631
9855.468750	-52.759187
9858.398438	-53.133029
9861.328125	-52.569338
9864.257812	-52.605254
9867.187500	-53.491675
9870.117188	-53.032911
9873.046875	-53.067000
9875.976562	-53.920544
9878.906250	-53.893897
9881.835938	-52.952278
9884.765625	-53.834976
9887.695312	-53.782383
9890.625000	-53.589992
9893.554688	-53.453324
9896.484375	-52.692236
9899.414062	-52.684192
9902.343750	-53.136034
9905.273438	-54.172666
9908.203125	-53.604930
9911.132812	-53.072263
9914.062500	-53.149627
9916.992188	-54.843592
9919.921875	-53.601970
9922.851562	-53.018429
9925.781250	-53.166861
9928.710938	-53.280344
9931.640625	-53.416573
9934.570312	-54.165013
9937.500000	-53.961013
9940.429688	-54.072781
9943.359375	-52.812183
9946.289062	-52.333551
9949.218750	-52.780124
9952.148438	-53.149791
9955.078125	-52.467122
9958.007812	-52.310945
9960.937500	-52.667198
9963.867188	-52.574048
9966.796875	-53.231107
9969.726562	-54.204528
9972.656250	-52.979023
9975.585938	-52.590622
9978.515625	-52.752767
9981.445312	-53.601628
9984.375000	-54.069851
9987.304688	-54.204319
9990.234375	-53.934338
9993.164062	-53.443589
9996.093750	-53.092653
9999.023438	-53.190309
10001.953125	-52.686930
10004.882812	-52.523894
10007.812500	-52.962813
10010.742188	-52.777077
10013.671875	-52.417430
10016.601562	-52.825133
10019.531250	-52.742405
10022.460938	-52.788326
10025.390625	-53.048958
10028.320312	-53.214449
10031.250000	-53.305813
10034.179688	-53.606038
10037.109375	-54.273946
10040.039062	-54.052028
10042.968750	-53.269200
10045.898438	-51.902932
10048.828125	-51.837393
10051.757812	-53.305959
10054.687500	-53.916243
10057.617188	-53.257865
10060.546875	-53.005754
10063.476562	-53.708290
10066.406250	-55.207376
10069.335938	-53.802282
10072.265625	-52.741624
10075.195312	-52.659919
10078.125000	-52.629834
10081.054688	-52.818479
10083.984375	-52.885005
10086.914062	-52.793187
10089.843750	-53.164626
10092.773438	-54.313329
10095.703125	-54.527906
10098.632812	-54.593549
10101.562500	-54.253513
10104.492188	-54.285698
10107.421875	-55.014200
10110.351562	-55.772999
10113.281250	-54.049354
10116.210938	-53.665049
10119.140625	-54.243643
10122.070312	-53.394874
10125.000000	-52.427151
10127.929688	-52.529133
10130.859375	-52.762224
10133.789062	-53.241579
10136.718750	-54.205161
10139.648438	-53.006232
10142.578125	-54.143326
10145.507812	-55.222390
10148.437500	-53.720856
10151.367188	-54.108139
10154.296875	-53.761350
10157.226562	-53.502998
10160.156250	-54.080344
10163.085938	-53.926434
10166.015625	-53.770104
10168.945312	-53.978692
10171.875000	-54.220743
10174.804688	-53.871805
10177.734375	-53.710839
10180.664062	-54.692879
10183.593750	-54.330352
10186.523438	-52.910547
10189.453125	-53.337543
10192.382812	-54.091125
10195.312500	-54.230564
10198.242188	-53.263754
10201.171875	-53.404288
10204.101562	-54.560234
10207.031250	-54.422139
10209.960938	-53.553165
10212.890625	-54.005168
10215.820312	-53.355678
10218.750000	-54.056139
10221.679688	-54.259748
10224.609375	-53.307357
10227.539062	-52.988077
10230.468750	-53.899386
10233.398438	-53.167798
10236.328125	-52.857872
10239.257812	-53.269208
10242.187500	-54.425113
10245.117188	-54.241781
10248.046875	-53.358950
10250.976562	-53.046264
10253.906250	-52.342824
10256.835938	-52.199181
10259.765625	-53.757645
10262.695312	-53.623756
10265.625000	-54.354146
10268.554688	-54.392490
10271.484375	-54.348675
10274.414062	-52.746261
10277.343750	-52.869161
10280.273438	-53.582295
10283.203125	-52.609222
10286.132812	-53.640380
10289.062500	-54.614690
10291.992188	-54.577755
10294.921875	-53.877518
10297.851562	-53.223415
10300.781250	-54.158145
10303.710938	-53.556398
10306.640625	-52.898213
10309.570312	-53.076298
10312.500000	-53.984897
10315.429688	-54.633752
10318.359375	-54.333606
10321.289062	-53.381235
10324.218750	-54.326028
10327.148438	-53.842197
10330.078125	-53.202206
10333.007812	-54.100590
10335.937500	-54.731516
10338.867188	-52.849602
10341.796875	-53.490678
10344.726562	-53.543077
10347.656250	-54.248564
10350.585938	-54.505403
10353.515625	-54.508877
10356.445312	-52.914285
10359.375000	-53.482320
10362.304688	-54.021445
10365.234375	-53.861142
10368.164062	-52.696736
10371.093750	-53.214412
10374.023438	-54.488374
10376.953125	-53.498906
10379.882812	-52.986774
10382.812500	-53.616520
10385.742188	-54.195011
10388.671875	-53.942561
10391.601562	-54.008586
10394.531250	-54.695209
10397.460938	-54.278511
10400.390625	-53.295638
10403.320312	-53.307088
10406.250000	-53.363082
10409.179688	-53.783073
10412.109375	-53.466698
10415.039062	-53.258390
10417.968750	-53.368014
10420.898438	-53.338886
10423.828125	-53.982909
10426.757812	-52.968838
10429.687500	-52.823957
10432.617188	-52.453583
10435.546875	-53.442268
10438.476562	-54.088200
10441.406250	-54.045922
10444.335938	-53.327055
10447.265625	-52.456900
10450.195312	-52.237998
10453.125000	-52.086398
10456.054688	-52.574633
10458.984375	-53.114492
10461.914062	-52.918447
10464.843750	-52.761904
10467.773438	-53.681816
10470.703125	-54.008827
10473.632812	-53.325349
10476.562500	-53.593440
10479.492188	-52.139337
10482.421875	-52.871786
10485.351562	-54.152311
10488.281250	-53.874258
10491.210938	-53.061650
10494.140625	-53.931069
10497.070312	-54.192176
10500.000000	-54.238782
10502.929688	-54.430705
10505.859375	-54.446477
10508.789062	-53.820003
10511.718750	-53.648716
10514.648438	-53.669193
10517.578125	-52.693687
10520.507812	-53.510306
10523.437500	-54.695499
10526.367188	-53.840099
10529.296875	-52.967579
10532.226562	-53.699824
10535.156250	-53.844679
10538.085938	-54.185634
10541.015625	-54.533138
10543.945312	-53.621694
10546.875000	-53.409645
10549.804688	-53.504965
10552.734375	-54.210857
10555.664062	-52.906711
10558.593750	-53.729989
10561.523438	-52.572051
10564.453125	-53.566685
10567.382812	-53.518193
10570.312500	-53.802108
10573.242188	-52.501153
10576.171875	-51.961866
10579.101562	-52.970138
10582.031250	-53.047804
10584.960938	-52.791440
10587.890625	-53.143316
10590.820312	-54.446667
10593.750000	-53.485429
10596.679688	-53.291009
10599.609375	-53.568725
10602.539062	-52.061342
10605.468750	-52.524469
10608.398438	-52.771656
10611.328125	-53.089598
10614.257812	-52.609857
10617.187500	-52.879397
10620.117188	-53.093977
10623.046875	-53.793254
10625.976562	-55.207676
10628.906250	-55.517414
10631.835938	-53.856128
10634.765625	-53.296666
10637.695312	-52.995202
10640.625000	-53.026619
10643.554688	-53.041993
10646.484375	-53.552755
10649.414062	-53.685303
10652.343750	-53.699338
10655.273438	-54.704670
10658.203125	-53.909747
10661.132812	-53.942599
10664.062500	-53.526245
10666.992188	-53.948871
10669.921875	-53.986732
10672.851562	-53.097012
10675.781250	-53.661742
10678.710938	-53.673798
10681.640625	-53.582959
10684.570312	-54.084626
10687.500000	-53.850341
10690.429688	-53.554339
10693.359375	-53.150307
10696.289062	-52.870260
10699.218750	-54.073470
10702.148438	-52.956743
10705.078125	-53.789359
10708.007812	-53.596213
10710.937500	-52.757956
10713.867188	-53.677745
10716.796875	-53.334931
10719.726562	-53.122142
10722.656250	-54.624923
10725.585938	-54.135308
10728.515625	-53.681003
10731.445312	-54.941991
10734.375000	-54.270110
10737.304688	-52.785531
10740.234375	-52.167323
10743.164062	-52.135723
10746.093750	-53.970148
10749.023438	-53.465264
10751.953125	-52.827562
10754.882812	-54.747457
10757.812500	-53.900472
10760.742188	-54.380635
10763.671875	-54.678605
10766.601562	-54.167430
10769.531250	-53.624732
10772.460938	-53.518416
10775.390625	-53.159880
10778.320312	-52.601723
10781.250000	-52.846242
10784.179688	-53.518128
10787.109375	-53.551302
10790.039062	-53.543887
10792.968750	-52.969750
10795.898438	-52.482342
10798.828125	-52.775411
10801.757812	-53.414532
10804.687500	-54.102599
10807.617188	-53.787439
10810.546875	-54.127648
10813.476562	-53.968476
10816.406250	-54.866875
10819.335938	-54.430666
10822.265625	-53.114087
10825.195312	-52.965690
10828.125000	-53.413286
10831.054688	-53.788833
10833.984375	-54.501569
10836.914062	-53.972365
10839.843750	-53.274649
10842.773438	-52.931455
10845.703125	-52.728637
10848.632812	-53.028328
10851.562500	-53.156252
10854.492188	-53.953349
10857.421875	-53.090924
10860.351562	-53.303522
10863.281250	-53.303931
10866.210938	-53.440888
10869.140625	-53.713809
10872.070312	-52.460623
10875.000000	-53.269446
10877.929688	-53.419466
10880.859375	-53.051383
10883.789062	-53.591892
10886.718750	-54.141651
10889.648438	-52.917844
10892.578125	-53.602684
10895.507812	-54.989399
10898.437500	-54.300045
10901.367188	-53.860461
10904.296875	-53.843730
10907.226562	-53.579987
10910.156250	-54.136031
10913.085938	-53.599502
10916.015625	-53.495996
10918.945312	-52.856557
10921.875000	-53.426133
10924.804688	-53.881402
10927.734375	-53.763733
10930.664062	-53.275734
10933.593750	-52.740751
10936.523438	-52.214120
10939.453125	-53.207227
10942.382812	-53.444397
10945.312500	-54.168360
10948.242188	-55.040334
10951.171875	-55.346490
10954.101562	-54.063233
10957.031250	-55.110059
10959.960938	-54.776720
10962.890625	-53.497358
10965.820312	-53.640227
10968.750000	-54.346359
10971.679688	-53.261737
10974.609375	-52.893309
10977.539062	-53.065603
10980.468750	-53.555576
10983.398438	-53.557820
10986.328125	-53.341320
10989.257812	-53.925281
10992.187500	-54.057629
10995.117188	-53.372102
10998.046875	-53.304048
11000.976562	-54.036434
11003.906250	-53.996059
11006.835938	-53.139415
11009.765625	-53.299813
11012.695312	-53.556106
11015.625000	-54.205517
11018.554688	-54.720559
11021.484375	-54.445900
11024.414062	-53.657200
11027.343750	-53.514244
11030.273438	-53.402158
11033.203125	-53.543938
11036.132812	-52.529618
11039.062500	-52.779363
11041.992188	-52.992614
11044.921875	-53.198409
11047.851562	-53.950498
11050.781250	-53.827960
11053.710938	-53.811203
11056.640625	-53.630349
11059.570312	-54.846823
11062.500000	-55.304975
11065.429688	-54.457119
11068.359375	-53.950765
11071.289062	-53.540525
11074.218750	-52.541127
11077.148438	-52.398431
11080.078125	-52.988254
11083.007812	-52.850485
11085.937500	-52.442220
11088.867188	-52.845524
11091.796875	-52.481692
11094.726562	-53.452076
11097.656250	-53.909842
11100.585938	-53.800444
11103.515625	-54.808906
11106.445312	-54.405155
11109.375000	-52.664687
11112.304688	-53.294555
11115.234375	-52.867049
11118.164062	-52.153045
11121.093750	-53.358008
11124.023438	-54.123177
11126.953125	-54.528369
11129.882812	-53.705440
11132.812500	-54.388581
11135.742188	-53.519600
11138.671875	-53.507237
11141.601562	-53.820124
11144.531250	-53.775812
11147.460938	-53.087379
11150.390625	-53.105524
11153.320312	-53.437317
11156.250000	-53.912211
11159.179688	-53.251501
11162.109375	-53.959492
11165.039062	-53.747862
11167.968750	-54.022142
11170.898438	-53.089408
11173.828125	-53.691778
11176.757812	-53.659750
11179.687500	-53.494264
11182.617188	-54.247811
11185.546875	-54.275269
11188.476562	-54.314578
11191.406250	-54.581693
11194.335938	-54.254175
11197.265625	-54.239994
11200.195312	-54.499978
11203.125000	-53.945239
11206.054688	-53.670586
11208.984375	-54.265829
11211.914062	-53.850730
11214.843750	-53.821547
11217.773438	-54.369156
11220.703125	-54.637750
11223.632812	-54.039179
11226.562500	-54.706792
11229.492188	-54.234849
11232.421875	-54.544667
11235.351562	-54.520923
11238.281250	-52.730521
11241.210938	-53.088574
11244.140625	-53.558819
11247.070312	-53.654499
11250.000000	-53.705851
11252.929688	-53.774733
11255.859375	-53.463375
11258.789062	-53.749429
11261.718750	-53.602322
11264.648438	-53.363883
11267.578125	-54.469607
11270.507812	-54.361097
11273.437500	-53.387728
11276.367188	-54.105728
11279.296875	-54.120059
11282.226562	-54.449964
11285.156250	-53.774801
11288.085938	-52.628498
11291.015625	-51.540788
11293.945312	-52.950869
11296.875000	-53.738398
11299.804688	-53.501153
11302.734375	-54.154161
11305.664062	-54.025674
11308.593750	-53.446002
11311.523438	-53.000697
11314.453125	-52.685890
11317.382812	-52.808335
11320.312500	-53.591703
11323.242188	-52.856019
11326.171875	-52.265147
11329.101562	-53.512262
11332.031250	-53.734616
11334.960938	-54.282068
11337.890625	-53.669412
11340.820312	-53.384361
11343.750000	-53.869102
11346.679688	-53.786625
11349.609375	-53.993147
11352.539062	-53.781263
11355.468750	-54.033159
11358.398438	-53.458305
11361.328125	-53.906252
11364.257812	-53.294903
11367.187500	-54.004597
11370.117188	-53.835209
11373.046875	-54.409024
11375.976562	-54.477611
11378.906250	-54.917636
11381.835938	-54.044615
11384.765625	-53.466607
11387.695312	-53.182008
11390.625000	-52.998274
11393.554688	-53.131103
11396.484375	-53.050407
11399.414062	-53.964651
11402.343750	-53.761205
11405.273438	-54.112259
11408.203125	-54.110859
11411.132812	-53.985001
11414.062500	-54.316928
11416.992188	-54.437305
11419.921875	-53.845930
11422.851562	-53.953590
11425.781250	-53.523413
11428.710938	-53.452596
11431.640625	-53.181067
11434.570312	-53.559447
11437.500000	-54.219187
11440.429688	-54.607589
11443.359375	-53.694156
11446.289062	-52.741846
11449.218750	-53.528184
11452.148438	-54.484693
11455.078125	-54.808447
11458.007812	-52.700601
11460.937500	-53.415573
11463.867188	-53.109192
11466.796875	-53.528650
11469.726562	-54.510345
11472.656250	-54.479854
11475.585938	-54.027112
11478.515625	-53.575785
11481.445312	-53.357859
11484.375000	-52.949874
11487.304688	-52.742539
11490.234375	-52.654290
11493.164062	-53.347450
11496.093750	-53.732177
11499.023438	-54.200238
11501.953125	-53.927977
11504.882812	-54.083075
11507.812500	-53.255637
11510.742188	-52.996534
11513.671875	-54.418811
11516.601562	-54.113716
11519.531250	-52.818293
11522.460938	-53.489496
11525.390625	-52.749293
11528.320312	-53.216396
11531.250000	-54.030707
11534.179688	-54.001825
11537.109375	-54.566957
11540.039062	-54.633213
11542.968750	-53.868318
11545.898438	-53.695841
11548.828125	-54.215658
11551.757812	-55.697805
11554.687500	-54.565371
11557.617188	-53.735545
11560.546875	-53.457238
11563.476562	-53.551611
11566.406250	-53.915238
11569.335938	-54.660939
11572.265625	-55.809068
11575.195312	-54.654408
11578.125000	-54.277753
11581.054688	-53.428348
11583.984375	-53.319734
11586.914062	-53.562981
11589.843750	-54.867178
11592.773438	-53.507805
11595.703125	-53.938797
11598.632812	-54.390230
11601.562500	-54.637997
11604.492188	-54.159319
11607.421875	-54.932156
11610.351562	-53.703510
11613.281250	-52.535560
11616.210938	-52.830171
11619.140625	-53.999372
11622.070312	-54.931238
11625.000000	-53.287398
11627.929688	-53.308164
11630.859375	-53.761620
11633.789062	-54.445970
11636.718750	-53.697589
11639.648438	-53.747787
11642.578125	-53.799901
11645.507812	-53.720528
11648.437500	-54.540544
11651.367188	-53.784518
11654.296875	-53.360387
11657.226562	-53.671703
11660.156250	-54.235381
11663.085938	-54.633777
11666.015625	-53.946928
11668.945312	-53.970568
11671.875000	-52.731399
11674.804688	-53.594735
11677.734375	-54.338324
11680.664062	-54.135004
11683.593750	-54.329294
11686.523438	-54.398200
11689.453125	-53.482071
11692.382812	-53.542946
11695.312500	-53.634439
11698.242188	-53.432823
11701.171875	-53.778985
11704.101562	-53.941647
11707.031250	-54.875179
11709.960938	-53.684655
11712.890625	-53.865390
11715.820312	-53.316841
11718.750000	-53.196039
11721.679688	-53.229280
11724.609375	-53.567543
11727.539062	-53.908119
11730.468750	-54.603655
11733.398438	-54.837623
11736.328125	-53.742844
11739.257812	-52.178549
11742.187500	-52.539486
11745.117188	-54.063572
11748.046875	-53.458945
11750.976562	-54.775694
11753.906250	-54.273821
11756.835938	-53.119824
11759.765625	-55.188448
11762.695312	-54.647355
11765.625000	-54.292948
11768.554688	-53.330290
11771.484375	-52.915461
11774.414062	-53.179754
11777.343750	-53.613742
11780.273438	-52.975734
11783.203125	-52.427822
11786.132812	-53.117999
11789.062500	-53.318885
11791.992188	-52.642180
11794.921875	-53.359732
11797.851562	-54.830200
11800.781250	-55.534436
11803.710938	-54.620580
11806.640625	-54.153504
11809.570312	-54.358650
11812.500000	-55.448376
11815.429688	-55.060170
11818.359375	-54.392051
11821.289062	-52.874554
11824.218750	-53.360093
11827.148438	-54.253031
11830.078125	-53.417181
11833.007812	-53.538577
11835.937500	-54.899038
11838.867188	-53.655216
11841.796875	-52.845039
11844.726562	-53.893530
11847.656250	-53.718359
11850.585938	-53.406466
11853.515625	-52.531327
11856.445312	-52.637333
11859.375000	-53.323682
11862.304688	-53.821855
11865.234375	-53.670295
11868.164062	-53.326177
11871.093750	-52.841773
11874.023438	-54.033631
11876.953125	-54.006850
11879.882812	-53.214641
11882.812500	-53.435802
11885.742188	-53.991105
11888.671875	-55.571487
11891.601562	-55.012463
11894.531250	-54.526924
11897.460938	-54.133298
11900.390625	-53.580641
11903.320312	-53.581391
11906.250000	-54.172574
11909.179688	-53.159444
11912.109375	-53.402327
11915.039062	-53.678039
11917.968750	-52.740358
11920.898438	-52.903073
11923.828125	-53.277032
11926.757812	-53.537015
11929.687500	-53.013488
11932.617188	-52.832628
11935.546875	-52.298566
11938.476562	-52.899623
11941.406250	-54.482933
11944.335938	-54.292626
11947.265625	-53.029149
11950.195312	-53.801043
11953.125000	-54.200340
11956.054688	-53.303925
11958.984375	-53.378458
11961.914062	-53.128790
11964.843750	-53.302484
11967.773438	-53.209311
11970.703125	-54.510555
11973.632812	-54.842512
11976.562500	-54.799693
11979.492188	-53.851717
11982.421875	-53.339875
11985.351562	-54.226851
11988.281250	-54.215510
11991.210938	-53.358752
11994.140625	-53.453418
11997.070312	-53.597048
12000.000000	-53.253293
12002.929688	-53.501556
12005.859375	-53.397211
12008.789062	-54.253011
12011.718750	-53.978442
12014.648438	-55.055892
12017.578125	-54.115410
12020.507812	-53.794065
12023.437500	-54.302765
12026.367188	-53.299823
12029.296875	-52.493524
12032.226562	-52.788168
12035.156250	-53.013064
12038.085938	-52.513532
12041.015625	-52.996289
12043.945312	-53.595606
12046.875000	-53.784146
12049.804688	-54.468314
12052.734375	-53.511141
12055.664062	-53.533355
12058.593750	-53.741739
12061.523438	-53.781584
12064.453125	-53.121379
12067.382812	-52.950964
12070.312500	-52.806387
12073.242188	-53.934822
12076.171875	-52.710750
12079.101562	-53.338172
12082.031250	-54.193349
12084.960938	-54.280718
12087.890625	-54.271664
12090.820312	-54.160453
12093.750000	-53.246241
12096.679688	-53.279607
12099.609375	-53.291770
12102.539062	-52.879326
12105.468750	-53.200462
12108.398438	-53.739816
12111.328125	-54.369280
12114.257812	-54.352880
12117.187500	-53.505616
12120.117188	-53.997069
12123.046875	-53.783933
12125.976562	-53.867117
12128.906250	-53.031670
12131.835938	-52.392896
12134.765625	-52.911183
12137.695312	-52.899225
12140.625000	-53.734013
12143.554688	-52.932037
12146.484375	-53.918423
12149.414062	-53.669938
12152.343750	-52.585571
12155.273438	-52.745343
12158.203125	-53.365359
12161.132812	-53.979200
12164.062500	-53.861031
12166.992188	-54.357377
12169.921875	-53.786699
12172.851562	-54.296838
12175.781250	-53.996401
12178.710938	-53.741401
12181.640625	-54.443255
12184.570312	-54.443852
12187.500000	-54.424817
12190.429688	-53.516453
12193.359375	-53.994287
12196.289062	-54.163226
12199.218750	-54.052202
12202.148438	-54.822677
12205.078125	-54.570597
12208.007812	-53.092286
12210.937500	-52.802136
12213.867188	-53.421807
12216.796875	-53.255369
12219.726562	-53.133648
12222.656250	-53.776657
12225.585938	-53.469663
12228.515625	-54.262602
12231.445312	-55.144915
12234.375000	-54.364583
12237.304688	-53.858797
12240.234375	-53.903114
12243.164062	-54.149638
12246.093750	-54.340518
12249.023438	-53.261939
12251.953125	-52.913010
12254.882812	-52.836209
12257.812500	-53.589178
12260.742188	-54.883828
12263.671875	-54.163774
12266.601562	-54.490991
12269.531250	-54.191588
12272.460938	-53.910958
12275.390625	-53.444008
12278.320312	-54.130221
12281.250000	-54.812001
12284.179688	-54.057730
12287.109375	-53.928803
12290.039062	-53.974983
12292.968750	-53.307329
12295.898438	-52.821339
12298.828125	-52.774512
12301.757812	-52.645665
12304.687500	-53.963342
12307.617188	-55.095822
12310.546875	-54.938263
12313.476562	-54.392605
12316.406250	-54.316996
12319.335938	-53.116658
12322.265625	-53.707379
12325.195312	-53.604552
12328.125000	-53.105259
12331.054688	-54.433849
12333.984375	-54.398862
12336.914062	-54.261552
12339.843750	-53.825933
12342.773438	-54.611835
12345.703125	-55.404545
12348.632812	-53.922122
12351.562500	-53.891104
12354.492188	-54.016865
12357.421875	-52.904976
12360.351562	-53.554528
12363.281250	-54.080471
12366.210938	-53.746364
12369.140625	-54.930411
12372.070312	-54.378759
12375.000000	-53.849019
12377.929688	-54.005281
12380.859375	-52.932427
12383.789062	-54.186726
12386.718750	-54.608130
12389.648438	-54.595789
12392.578125	-54.949954
12395.507812	-54.065712
12398.437500	-54.075577
12401.367188	-54.005340
12404.296875	-54.353346
12407.226562	-54.473525
12410.156250	-54.930370
12413.085938	-53.881848
12416.015625	-54.310463
12418.945312	-54.525071
12421.875000	-53.512024
12424.804688	-53.091129
12427.734375	-54.072525
12430.664062	-54.314688
12433.593750	-53.793173
12436.523438	-54.557558
12439.453125	-55.253421
12442.382812	-54.292507
12445.312500	-53.609266
12448.242188	-53.663110
12451.171875	-54.000157
12454.101562	-54.311407
12457.031250	-54.421497
12459.960938	-54.535309
12462.890625	-54.863610
12465.820312	-54.965638
12468.750000	-53.325646
12471.679688	-53.045726
12474.609375	-54.686289
12477.539062	-55.434801
12480.468750	-54.934606
12483.398438	-54.884284
12486.328125	-55.073273
12489.257812	-53.400000
12492.187500	-54.168264
12495.117188	-54.853249
12498.046875	-53.677160
12500.976562	-53.935514
12503.906250	-53.530482
12506.835938	-54.165340
12509.765625	-53.326918
12512.695312	-54.934238
12515.625000	-54.994485
12518.554688	-54.123950
12521.484375	-53.934228
12524.414062	-54.513280
12527.343750	-54.511084
12530.273438	-55.095831
12533.203125	-54.811831
12536.132812	-54.188071
12539.062500	-54.871863
12541.992188	-55.319858
12544.921875	-54.647041
12547.851562	-54.673220
12550.781250	-55.176438
12553.710938	-55.611974
12556.640625	-54.314425
12559.570312	-54.382337
12562.500000	-54.024312
12565.429688	-54.021121
12568.359375	-53.692358
12571.289062	-54.675128
12574.218750	-54.339957
12577.148438	-53.455608
12580.078125	-52.911213
12583.007812	-53.322486
12585.937500	-55.097118
12588.867188	-55.911611
12591.796875	-55.716756
12594.726562	-54.330490
12597.656250	-53.849108
12600.585938	-54.704729
12603.515625	-53.480277
12606.445312	-53.850939
12609.375000	-54.769179
12612.304688	-53.979926
12615.234375	-55.109792
12618.164062	-54.445348
12621.093750	-53.903318
12624.023438	-54.073804
12626.953125	-54.302288
12629.882812	-53.990349
12632.812500	-55.049912
12635.742188	-54.010766
12638.671875	-53.701012
12641.601562	-54.467956
12644.531250	-54.526370
12647.460938	-53.424642
12650.390625	-53.382010
12653.320312	-54.015046
12656.250000	-53.869869
12659.179688	-53.999639
12662.109375	-53.403951
12665.039062	-53.585219
12667.968750	-53.500359
12670.898438	-53.189866
12673.828125	-54.540466
12676.757812	-54.761028
12679.687500	-54.894855
12682.617188	-54.876757
12685.546875	-54.765143
12688.476562	-54.893944
12691.406250	-54.818468
12694.335938	-53.333652
12697.265625	-54.064567
12700.195312	-54.184057
12703.125000	-53.779183
12706.054688	-52.837645
12708.984375	-53.684258
12711.914062	-55.022692
12714.843750	-54.595884
12717.773438	-53.813902
12720.703125	-53.875430
12723.632812	-54.029336
12726.562500	-53.267048
12729.492188	-53.410318
12732.421875	-53.867958
12735.351562	-53.086219
12738.281250	-53.904872
12741.210938	-54.471144
12744.140625	-54.107334
12747.070312	-54.496939
12750.000000	-55.096883
12752.929688	-54.208464
12755.859375	-54.169018
12758.789062	-54.634238
12761.718750	-54.754379
12764.648438	-53.484314
12767.578125	-53.076200
12770.507812	-53.832271
12773.437500	-54.562790
12776.367188	-53.061679
12779.296875	-53.285675
12782.226562	-54.663408
12785.156250	-55.253609
12788.085938	-54.554064
12791.015625	-54.050769
12793.945312	-54.666234
12796.875000	-54.413419
12799.804688	-54.495805
12802.734375	-54.923450
12805.664062	-54.819295
12808.593750	-54.108838
12811.523438	-53.900248
12814.453125	-54.588115
12817.382812	-54.650496
12820.312500	-54.433843
12823.242188	-54.192805
12826.171875	-55.081363
12829.101562	-53.871307
12832.031250	-54.301005
12834.960938	-54.678317
12837.890625	-54.536136
12840.820312	-53.438014
12843.750000	-53.022710
12846.679688	-52.956391
12849.609375	-53.734706
12852.539062	-53.697028
12855.468750	-53.980127
12858.398438	-54.759846
12861.328125	-54.432361
12864.257812	-53.933955
12867.187500	-54.123484
12870.117188	-54.072806
12873.046875	-53.823046
12875.976562	-53.758054
12878.906250	-55.465468
12881.835938	-55.150491
12884.765625	-54.526994
12887.695312	-54.692552
12890.625000	-54.330500
12893.554688	-52.801506
12896.484375	-52.877846
12899.414062	-53.414929
12902.343750	-54.316501
12905.273438	-54.716419
12908.203125	-54.865398
12911.132812	-54.992503
12914.062500	-54.600777
12916.992188	-53.615110
12919.921875	-52.879675
12922.851562	-53.552189
12925.781250	-54.692118
12928.710938	-54.863416
12931.640625	-53.235398
12934.570312	-53.222732
12937.500000	-52.912007
12940.429688	-53.834019
12943.359375	-53.967751
12946.289062	-53.982346
12949.218750	-53.838343
12952.148438	-53.824082
12955.078125	-53.670564
12958.007812	-53.336344
12960.937500	-53.924273
12963.867188	-53.482622
12966.796875	-53.717780
12969.726562	-53.971154
12972.656250	-53.914209
12975.585938	-52.420823
12978.515625	-53.573242
12981.445312	-54.346908
12984.375000	-54.420763
12987.304688	-54.443649
12990.234375	-54.801581
12993.164062	-54.196878
12996.093750	-54.314628
12999.023438	-53.521919
13001.953125	-53.698083
13004.882812	-55.203909
13007.812500	-54.256233
13010.742188	-53.790506
13013.671875	-54.054021
13016.601562	-53.733935
13019.531250	-54.054349
13022.460938	-53.791104
13025.390625	-54.342065
13028.320312	-54.319419
13031.250000	-53.926383
13034.179688	-52.921108
13037.109375	-52.900016
13040.039062	-53.656567
13042.968750	-53.283633
13045.898438	-53.691047
13048.828125	-53.938087
13051.757812	-54.271320
13054.687500	-53.924008
13057.617188	-54.026762
13060.546875	-54.035751
13063.476562	-53.743712
13066.406250	-54.593935
13069.335938	-54.208022
13072.265625	-54.240194
13075.195312	-53.926636
13078.125000	-54.172799
13081.054688	-54.638526
13083.984375	-54.726141
13086.914062	-54.953306
13089.843750	-53.947974
13092.773438	-54.281750
13095.703125	-54.531662
13098.632812	-54.718855
13101.562500	-54.810763
13104.492188	-54.889740
13107.421875	-54.636027
13110.351562	-54.809260
13113.281250	-54.363130
13116.210938	-54.058275
13119.140625	-54.569338
13122.070312	-55.697337
13125.000000	-55.271765
13127.929688	-53.538280
13130.859375	-53.498418
13133.789062	-54.731198
13136.718750	-54.502694
13139.648438	-53.652733
13142.578125	-53.304751
13145.507812	-54.904646
13148.437500	-54.295508
13151.367188	-53.915237
13154.296875	-53.402424
13157.226562	-54.308786
13160.156250	-54.952770
13163.085938	-55.339377
13166.015625	-53.573418
13168.945312	-54.140900
13171.875000	-54.228311
13174.804688	-53.661716
13177.734375	-53.554299
13180.664062	-54.359201
13183.593750	-54.292940
13186.523438	-54.901903
13189.453125	-54.574961
13192.382812	-53.854946
13195.312500	-54.589639
13198.242188	-53.993182
13201.171875	-53.525676
13204.101562	-53.727705
13207.031250	-53.657639
13209.960938	-53.969614
13212.890625	-54.377291
13215.820312	-54.239426
13218.750000	-54.565247
13221.679688	-53.634611
13224.609375	-53.373282
13227.539062	-52.602857
13230.468750	-53.351023
13233.398438	-53.600169
13236.328125	-53.065321
13239.257812	-53.906142
13242.187500	-54.009052
13245.117188	-55.294256
13248.046875	-54.982361
13250.976562	-54.129318
13253.906250	-53.930174
13256.835938	-53.175619
13259.765625	-54.566337
13262.695312	-54.571152
13265.625000	-53.450365
13268.554688	-53.568807
13271.484375	-54.179998
13274.414062	-53.811773
13277.343750	-53.885177
13280.273438	-53.593705
13283.203125	-53.268428
13286.132812	-53.482138
13289.062500	-54.611812
13291.992188	-53.744072
13294.921875	-54.273385
13297.851562	-55.009658
13300.781250	-55.090736
13303.710938	-54.474826
13306.640625	-53.894959
13309.570312	-54.942510
13312.500000	-55.105989
13315.429688	-54.434332
13318.359375	-54.383099
13321.289062	-54.353645
13324.218750	-55.543591
13327.148438	-55.271108
13330.078125	-54.464748
13333.007812	-53.817383
13335.937500	-53.649385
13338.867188	-54.274045
13341.796875	-54.017530
13344.726562	-54.297480
13347.656250	-55.229939
13350.585938	-54.228992
13353.515625	-54.334921
13356.445312	-54.475100
13359.375000	-54.091305
13362.304688	-53.213822
13365.234375	-53.659273
13368.164062	-54.262845
13371.093750	-54.818677
13374.023438	-55.437124
13376.953125	-55.596498
13379.882812	-54.156924
13382.812500	-53.483994
13385.742188	-54.016688
13388.671875	-54.807607
13391.601562	-54.282704
13394.531250	-55.300152
13397.460938	-56.177174
13400.390625	-54.572831
13403.320312	-53.628633
13406.250000	-53.829452
13409.179688	-55.220310
13412.109375	-55.082749
13415.039062	-54.214801
13417.968750	-54.012829
13420.898438	-55.031906
13423.828125	-54.661480
13426.757812	-55.035953
13429.687500	-54.961645
13432.617188	-54.335802
13435.546875	-53.417787
13438.476562	-53.534636
13441.406250	-54.547449
13444.335938	-54.451939
13447.265625	-54.240409
13450.195312	-54.423944
13453.125000	-54.398571
13456.054688	-54.750658
13458.984375	-54.011915
13461.914062	-54.082233
13464.843750	-55.221280
13467.773438	-55.120850
13470.703125	-54.545643
13473.632812	-55.344113
13476.562500	-54.619277
13479.492188	-53.142102
13482.421875	-52.746373
13485.351562	-53.594195
13488.281250	-53.780584
13491.210938	-53.789872
13494.140625	-54.021725
13497.070312	-53.153750
13500.000000	-53.112324
13502.929688	-53.821013
13505.859375	-54.283105
13508.789062	-54.727192
13511.718750	-53.953055
13514.648438	-54.047869
13517.578125	-54.234484
13520.507812	-54.207614
13523.437500	-55.042786
13526.367188	-55.499888
13529.296875	-53.625320
13532.226562	-53.754661
13535.156250	-54.983946
13538.085938	-54.145309
13541.015625	-55.007857
13543.945312	-54.439254
13546.875000	-53.809112
13549.804688	-54.866419
13552.734375	-55.608868
13555.664062	-55.251470
13558.593750	-54.646625
13561.523438	-53.580868
13564.453125	-52.976004
13567.382812	-54.184549
13570.312500	-54.909111
13573.242188	-54.294167
13576.171875	-54.638757
13579.101562	-54.977460
13582.031250	-53.903830
13584.960938	-54.300371
13587.890625	-53.742949
13590.820312	-54.002335
13593.750000	-54.033057
13596.679688	-53.913444
13599.609375	-53.626551
13602.539062	-53.552471
13605.468750	-53.870915
13608.398438	-54.640850
13611.328125	-54.642177
13614.257812	-53.989003
13617.187500	-55.225530
13620.117188	-55.680140
13623.046875	-55.214035
13625.976562	-54.475665
13628.906250	-54.915022
13631.835938	-54.404097
13634.765625	-53.578166
13637.695312	-54.819403
13640.625000	-55.009738
13643.554688	-54.463655
13646.484375	-54.471931
13649.414062	-55.199640
13652.343750	-55.138233
13655.273438	-55.823828
13658.203125	-53.440379
13661.132812	-54.065452
13664.062500	-55.902730
13666.992188	-55.211991
13669.921875	-55.119057
13672.851562	-55.464651
13675.781250	-53.578432
13678.710938	-52.909544
13681.640625	-54.377734
13684.570312	-54.909478
13687.500000	-54.669642
13690.429688	-54.934009
13693.359375	-54.810857
13696.289062	-54.700425
13699.218750	-55.135983
13702.148438	-55.294590
13705.078125	-55.622654
13708.007812	-55.271336
13710.937500	-55.188880
13713.867188	-54.909363
13716.796875	-54.174347
13719.726562	-53.788780
13722.656250	-53.675105
13725.585938	-54.330964
13728.515625	-55.665164
13731.445312	-55.122302
13734.375000	-54.227597
13737.304688	-53.441714
13740.234375	-54.044922
13743.164062	-53.438357
13746.093750	-54.221619
13749.023438	-54.196556
13751.953125	-54.108527
13754.882812	-53.429640
13757.812500	-53.323403
13760.742188	-53.977201
13763.671875	-54.026504
13766.601562	-53.253549
13769.531250	-53.978257
13772.460938	-55.052716
13775.390625	-54.638097
13778.320312	-54.722560
13781.250000	-53.751827
13784.179688	-53.787097
13787.109375	-54.614155
13790.039062	-54.043243
13792.968750	-54.296277
13795.898438	-54.471687
13798.828125	-53.854925
13801.757812	-53.698700
13804.687500	-55.193701
13807.617188	-54.252530
13810.546875	-55.028905
13813.476562	-54.847878
13816.406250	-53.918306
13819.335938	-53.520548
13822.265625	-55.078015
13825.195312	-55.147517
13828.125000	-53.102040
13831.054688	-53.938445
13833.984375	-54.160587
13836.914062	-54.309585
13839.843750	-54.368988
13842.773438	-53.848186
13845.703125	-53.828538
13848.632812	-53.459610
13851.562500	-54.519498
13854.492188	-55.095584
13857.421875	-54.228092
13860.351562	-54.220438
13863.281250	-54.344198
13866.210938	-53.732116
13869.140625	-53.041254
13872.070312	-53.211659
13875.000000	-53.535184
13877.929688	-54.098387
13880.859375	-54.288156
13883.789062	-54.297245
13886.718750	-54.439615
13889.648438	-54.726491
13892.578125	-54.389784
13895.507812	-54.996447
13898.437500	-55.285885
13901.367188	-54.815849
13904.296875	-53.655542
13907.226562	-54.031041
13910.156250	-54.692241
13913.085938	-54.201855
13916.015625	-53.599237
13918.945312	-53.459735
13921.875000	-53.339830
13924.804688	-53.341906
13927.734375	-53.534286
13930.664062	-54.420228
13933.593750	-54.338539
13936.523438	-54.584385
13939.453125	-55.381641
13942.382812	-54.865376
13945.312500	-53.839003
13948.242188	-53.507751
13951.171875	-53.930971
13954.101562	-55.035594
13957.031250	-54.514319
13959.960938	-54.118653
13962.890625	-55.185157
13965.820312	-54.840854
13968.750000	-54.432463
13971.679688	-54.497618
13974.609375	-54.542230
13977.539062	-53.695845
13980.468750	-52.888868
13983.398438	-54.152942
13986.328125	-54.520437
13989.257812	-54.366002
13992.187500	-53.937052
13995.117188	-53.996429
13998.046875	-54.394890
14000.976562	-53.649766
14003.906250	-54.621550
14006.835938	-55.470333
14009.765625	-55.342864
14012.695312	-54.568265
14015.625000	-55.030056
14018.554688	-54.237740
14021.484375	-54.433624
14024.414062	-54.683271
14027.343750	-54.957548
14030.273438	-54.975493
14033.203125	-54.855787
14036.132812	-54.539119
14039.062500	-53.689079
14041.992188	-53.729337
14044.921875	-54.282990
14047.851562	-54.251924
14050.781250	-53.666136
14053.710938	-54.736139
14056.640625	-55.149029
14059.570312	-53.871016
14062.500000	-52.926367
14065.429688	-53.352345
14068.359375	-53.728132
14071.289062	-53.533008
14074.218750	-53.924718
14077.148438	-53.874736
14080.078125	-54.479590
14083.007812	-54.286179
14085.937500	-55.120631
14088.867188	-54.605647
14091.796875	-54.239572
14094.726562	-54.151755
14097.656250	-55.032366
14100.585938	-53.517676
14103.515625	-52.979646
14106.445312	-53.630043
14109.375000	-53.789655
14112.304688	-53.939422
14115.234375	-53.280254
14118.164062	-54.023026
14121.093750	-54.268910
14124.023438	-53.580151
14126.953125	-55.142556
14129.882812	-55.782624
14132.812500	-54.852370
14135.742188	-54.478398
14138.671875	-53.750538
14141.601562	-53.663397
14144.531250	-53.395921
14147.460938	-52.793729
14150.390625	-54.563327
14153.320312	-54.510928
14156.250000	-53.339754
14159.179688	-52.018888
14162.109375	-52.804271
14165.039062	-54.383800
14167.968750	-54.268649
14170.898438	-53.819192
14173.828125	-53.647081
14176.757812	-53.667304
14179.687500	-53.004781
14182.617188	-53.744044
14185.546875	-54.137550
14188.476562	-53.740474
14191.406250	-52.874392
14194.335938	-53.841943
14197.265625	-54.866628
14200.195312	-55.468072
14203.125000	-55.146046
14206.054688	-54.743449
14208.984375	-55.101021
14211.914062	-54.309674
14214.843750	-53.729804
14217.773438	-53.623985
14220.703125	-54.003248
14223.632812	-53.638471
14226.562500	-53.581055
14229.492188	-53.629832
14232.421875	-54.267141
14235.351562	-54.306736
14238.281250	-54.006520
14241.210938	-54.426714
14244.140625	-53.835265
14247.070312	-54.306398
14250.000000	-53.320939
14252.929688	-52.845156
14255.859375	-53.220267
14258.789062	-52.981213
14261.718750	-53.786930
14264.648438	-54.667920
14267.578125	-55.395477
14270.507812	-53.844389
14273.437500	-53.865427
14276.367188	-53.177471
14279.296875	-54.281753
14282.226562	-54.063993
14285.156250	-54.256203
14288.085938	-53.547874
14291.015625	-53.247435
14293.945312	-52.711790
14296.875000	-53.467337
14299.804688	-54.343898
14302.734375	-54.626293
14305.664062	-54.420416
14308.593750	-55.407260
14311.523438	-54.637165
14314.453125	-54.278806
14317.382812	-54.240317
14320.312500	-52.915347
14323.242188	-52.122454
14326.171875	-53.493156
14329.101562	-54.141912
14332.031250	-53.070745
14334.960938	-53.030844
14337.890625	-53.281668
14340.820312	-54.167403
14343.750000	-53.829957
14346.679688	-53.477338
14349.609375	-53.100337
14352.539062	-54.964780
14355.468750	-53.995253
14358.398438	-53.486199
14361.328125	-53.541371
14364.257812	-53.444036
14367.187500	-53.362115
14370.117188	-53.247719
14373.046875	-54.012114
14375.976562	-53.842156
14378.906250	-53.791993
14381.835938	-53.700253
14384.765625	-53.196985
14387.695312	-54.057962
14390.625000	-54.037575
14393.554688	-54.096648
14396.484375	-54.655066
14399.414062	-54.956593
14402.343750	-54.671954
14405.273438	-54.740712
14408.203125	-54.316596
14411.132812	-54.327328
14414.062500	-54.656978
14416.992188	-54.097238
14419.921875	-53.903842
14422.851562	-55.010982
14425.781250	-55.232226
14428.710938	-54.301836
14431.640625	-53.718819
14434.570312	-53.078899
14437.500000	-53.325236
14440.429688	-53.986063
14443.359375	-54.067901
14446.289062	-53.964372
14449.218750	-54.113374
14452.148438	-54.346421
14455.078125	-53.373122
14458.007812	-53.026201
14460.937500	-53.989672
14463.867188	-54.591585
14466.796875	-54.520241
14469.726562	-55.027137
14472.656250	-53.561152
14475.585938	-54.563449
14478.515625	-55.006440
14481.445312	-53.345517
14484.375000	-53.447050
14487.304688	-53.282681
14490.234375	-54.473042
14493.164062	-54.399587
14496.093750	-54.056181
14499.023438	-53.246705
14501.953125	-54.171413
14504.882812	-55.111957
14507.812500	-53.940300
14510.742188	-54.276753
14513.671875	-54.100184
14516.601562	-54.829001
14519.531250	-55.435862
14522.460938	-55.609292
14525.390625	-54.923231
14528.320312	-55.280912
14531.250000	-54.299040
14534.179688	-53.653453
14537.109375	-53.714481
14540.039062	-55.006550
14542.968750	-54.646621
14545.898438	-54.131346
14548.828125	-53.937026
14551.757812	-54.450559
14554.687500	-54.750541
14557.617188	-54.577524
14560.546875	-53.548950
14563.476562	-54.064473
14566.406250	-54.747492
14569.335938	-53.894008
14572.265625	-53.951366
14575.195312	-54.393386
14578.125000	-54.973385
14581.054688	-54.465954
14583.984375	-52.886644
14586.914062	-53.487418
14589.843750	-53.948355
14592.773438	-53.819129
14595.703125	-54.844907
14598.632812	-54.133332
14601.562500	-53.677432
14604.492188	-54.214364
14607.421875	-54.165684
14610.351562	-55.259603
14613.281250	-55.173690
14616.210938	-54.899199
14619.140625	-54.501748
14622.070312	-53.790153
14625.000000	-53.224953
14627.929688	-53.172715
14630.859375	-53.786044
14633.789062	-55.407162
14636.718750	-55.027290
14639.648438	-54.473680
14642.578125	-55.759837
14645.507812	-54.764685
14648.437500	-53.744931
14651.367188	-53.871064
14654.296875	-54.289971
14657.226562	-54.517493
14660.156250	-54.346285
14663.085938	-54.283323
14666.015625	-53.717353
14668.945312	-53.627040
14671.875000	-54.108339
14674.804688	-54.136078
14677.734375	-53.805197
14680.664062	-53.820720
14683.593750	-54.926624
14686.523438	-53.898023
14689.453125	-53.978950
14692.382812	-53.282691
14695.312500	-53.490111
14698.242188	-54.842495
14701.171875	-54.872556
14704.101562	-54.679955
14707.031250	-54.514580
14709.960938	-54.988581
14712.890625	-54.795924
14715.820312	-53.394775
14718.750000	-53.387948
14721.679688	-53.428239
14724.609375	-54.673995
14727.539062	-55.515864
14730.468750	-55.032569
14733.398438	-53.840077
14736.328125	-53.084934
14739.257812	-54.018325
14742.187500	-53.272546
14745.117188	-53.644601
14748.046875	-54.641854
14750.976562	-54.490780
14753.906250	-54.599811
14756.835938	-55.346415
14759.765625	-55.252788
14762.695312	-55.191213
14765.625000	-54.387255
14768.554688	-54.059248
14771.484375	-55.128329
14774.414062	-54.847224
14777.343750	-54.290041
14780.273438	-54.212320
14783.203125	-53.317624
14786.132812	-54.470726
14789.062500	-55.528928
14791.992188	-54.860413
14794.921875	-53.920431
14797.851562	-54.160134
14800.781250	-54.928681
14803.710938	-54.098261
14806.640625	-53.744409
14809.570312	-54.548991
14812.500000	-55.023915
14815.429688	-55.173192
14818.359375	-54.307156
14821.289062	-54.088836
14824.218750	-54.741786
14827.148438	-55.307236
14830.078125	-55.024544
14833.007812	-55.650269
14835.937500	-55.083369
14838.867188	-54.285521
14841.796875	-54.930324
14844.726562	-55.216601
14847.656250	-54.979851
14850.585938	-53.154553
14853.515625	-52.942043
14856.445312	-53.344845
14859.375000	-54.882753
14862.304688	-54.548881
14865.234375	-54.298991
14868.164062	-53.832347
14871.093750	-55.036837
14874.023438	-54.941619
14876.953125	-55.483556
14879.882812	-54.914274
14882.812500	-55.005518
14885.742188	-55.276754
14888.671875	-55.614592
14891.601562	-55.143446
14894.531250	-54.387920
14897.460938	-54.638259
14900.390625	-54.912723
14903.320312	-56.451680
14906.250000	-55.022458
14909.179688	-55.115691
14912.109375	-55.671372
14915.039062	-56.072409
14917.968750	-55.433447
14920.898438	-53.885184
14923.828125	-54.107350
14926.757812	-54.406176
14929.687500	-54.653062
14932.617188	-53.670319
14935.546875	-54.614510
14938.476562	-54.537882
14941.406250	-54.689611
14944.335938	-55.057536
14947.265625	-54.927354
14950.195312	-55.118309
14953.125000	-54.838278
14956.054688	-54.418211
14958.984375	-54.203816
14961.914062	-54.327823
14964.843750	-54.516103
14967.773438	-54.532534
14970.703125	-54.617236
14973.632812	-54.511422
14976.562500	-53.816634
14979.492188	-53.623488
14982.421875	-55.055518
14985.351562	-55.267613
14988.281250	-54.099314
14991.210938	-55.693169
14994.140625	-55.651712
14997.070312	-54.789656
15000.000000	-54.997560
15002.929688	-55.227153
15005.859375	-54.633226
15008.789062	-54.689476
15011.718750	-55.226212
15014.648438	-55.392942
15017.578125	-55.441315
15020.507812	-55.280882
15023.437500	-54.980371
15026.367188	-54.790564
15029.296875	-54.888331
15032.226562	-54.905900
15035.156250	-55.095578
15038.085938	-55.547348
15041.015625	-54.649720
15043.945312	-54.430112
15046.875000	-55.312475
15049.804688	-54.766769
15052.734375	-54.808886
15055.664062	-57.172706
15058.593750	-54.524978
15061.523438	-53.947966
15064.453125	-54.699131
15067.382812	-55.004895
15070.312500	-55.348073
15073.242188	-53.760431
15076.171875	-54.018092
15079.101562	-54.694507
15082.031250	-54.259657
15084.960938	-55.691507
15087.890625	-54.358301
15090.820312	-54.509375
15093.750000	-55.558965
15096.679688	-54.410342
15099.609375	-53.891323
15102.539062	-53.013639
15105.468750	-53.547618
15108.398438	-54.209412
15111.328125	-53.128124
15114.257812	-51.823156
15117.187500	-50.801827
15120.117188	-48.715105
15123.046875	-51.241387
15125.976562	-53.373136
15128.906250	-54.029164
15131.835938	-54.380783
15134.765625	-52.940780
15137.695312	-53.251802
15140.625000	-54.518729
15143.554688	-54.200105
15146.484375	-53.523758
15149.414062	-53.447118
15152.343750	-53.092613
15155.273438	-53.883543
15158.203125	-54.801974
15161.132812	-54.077415
15164.062500	-53.965758
15166.992188	-54.660425
15169.921875	-55.005435
15172.851562	-54.709624
15175.781250	-55.003789
15178.710938	-55.336489
15181.640625	-54.300529
15184.570312	-54.223556
15187.500000	-54.937533
15190.429688	-55.060380
15193.359375	-53.850061
15196.289062	-53.389631
15199.218750	-54.802514
15202.148438	-55.027863
15205.078125	-54.249888
15208.007812	-54.873077
15210.937500	-54.557658
15213.867188	-54.049220
15216.796875	-54.568379
15219.726562	-53.812981
15222.656250	-53.264589
15225.585938	-54.221930
15228.515625	-54.827511
15231.445312	-53.870577
15234.375000	-54.295757
15237.304688	-54.010796
15240.234375	-54.567038
15243.164062	-54.523308
15246.093750	-54.439138
15249.023438	-54.691219
15251.953125	-53.726028
15254.882812	-54.165118
15257.812500	-53.933723
15260.742188	-54.413370
15263.671875	-55.723766
15266.601562	-54.684325
15269.531250	-54.378880
15272.460938	-54.646558
15275.390625	-54.726200
15278.320312	-54.657400
15281.250000	-53.523855
15284.179688	-53.862712
15287.109375	-53.862776
15290.039062	-54.274064
15292.968750	-54.845313
15295.898438	-54.465733
15298.828125	-54.218404
15301.757812	-54.454108
15304.687500	-54.436949
15307.617188	-54.679031
15310.546875	-54.614966
15313.476562	-54.597443
15316.406250	-55.159289
15319.335938	-55.838760
15322.265625	-56.241348
15325.195312	-55.737769
15328.125000	-54.383127
15331.054688	-54.135022
15333.984375	-53.790070
15336.914062	-55.159574
15339.843750	-54.655902
15342.773438	-53.964932
15345.703125	-53.865489
15348.632812	-54.867160
15351.562500	-54.565517
15354.492188	-54.679816
15357.421875	-54.929302
15360.351562	-55.513726
15363.281250	-55.101942
15366.210938	-54.832502
15369.140625	-54.396112
15372.070312	-54.656720
15375.000000	-54.538888
15377.929688	-53.754204
15380.859375	-54.169686
15383.789062	-53.781793
15386.718750	-54.208505
15389.648438	-55.210227
15392.578125	-54.396740
15395.507812	-55.020583
15398.437500	-55.407563
15401.367188	-55.826344
15404.296875	-54.598704
15407.226562	-54.191971
15410.156250	-54.441631
15413.085938	-54.526843
15416.015625	-55.083593
15418.945312	-55.211661
15421.875000	-55.131263
15424.804688	-54.177904
15427.734375	-55.050031
15430.664062	-54.431288
15433.593750	-54.591574
15436.523438	-54.792573
15439.453125	-55.210763
15442.382812	-54.682286
15445.312500	-54.299810
15448.242188	-54.011231
15451.171875	-54.350505
15454.101562	-54.730609
15457.031250	-55.146973
15459.960938	-55.085234
15462.890625	-54.337005
15465.820312	-54.037418
15468.750000	-53.481908
15471.679688	-54.754462
15474.609375	-55.248321
15477.539062	-54.940412
15480.468750	-54.992160
15483.398438	-54.442858
15486.328125	-55.428974
15489.257812	-55.174700
15492.187500	-53.979623
15495.117188	-54.332441
15498.046875	-54.737028
15500.976562	-55.570812
15503.906250	-57.354118
15506.835938	-56.033351
15509.765625	-55.032465
15512.695312	-54.707277
15515.625000	-54.763840
15518.554688	-54.499916
15521.484375	-53.906367
15524.414062	-54.971755
15527.343750	-56.051796
15530.273438	-54.152794
15533.203125	-53.034725
15536.132812	-54.114765
15539.062500	-54.417836
15541.992188	-54.233932
15544.921875	-54.402199
15547.851562	-54.025312
15550.781250	-54.779086
15553.710938	-54.759732
15556.640625	-55.012321
15559.570312	-55.480446
15562.500000	-54.364369
15565.429688	-53.900875
15568.359375	-54.370267
15571.289062	-54.348281
15574.218750	-54.618292
15577.148438	-54.662184
15580.078125	-54.175738
15583.007812	-54.393269
15585.937500	-54.869633
15588.867188	-54.377860
15591.796875	-53.704890
15594.726562	-53.330926
15597.656250	-54.904331
15600.585938	-55.289166
15603.515625	-54.345393
15606.445312	-53.956729
15609.375000	-54.170443
15612.304688	-54.305339
15615.234375	-55.122423
15618.164062	-55.807751
15621.093750	-55.376784
15624.023438	-54.496637
15626.953125	-53.397269
15629.882812	-54.405945
15632.812500	-54.768959
15635.742188	-54.687458
15638.671875	-55.247952
15641.601562	-55.310558
15644.531250	-55.591925
15647.460938	-55.297107
15650.390625	-55.463312
15653.320312	-54.674501
15656.250000	-54.936488
15659.179688	-54.703113
15662.109375	-55.882823
15665.039062	-55.278898
15667.968750	-53.769309
15670.898438	-54.098741
15673.828125	-54.937669
15676.757812	-54.439627
15679.687500	-54.783500
15682.617188	-53.595869
15685.546875	-53.919289
15688.476562	-54.357973
15691.406250	-55.275132
15694.335938	-55.466843
15697.265625	-55.310321
15700.195312	-54.622822
15703.125000	-54.360530
15706.054688	-54.012120
15708.984375	-54.613784
15711.914062	-55.270496
15714.843750	-54.460440
15717.773438	-54.396651
15720.703125	-54.555982
15723.632812	-54.684013
15726.562500	-53.719565
15729.492188	-52.852209
15732.421875	-54.262048
15735.351562	-55.085181
15738.281250	-54.968129
15741.210938	-54.724711
15744.140625	-54.515713
15747.070312	-54.338696
15750.000000	-54.423536
15752.929688	-55.174807
15755.859375	-55.552047
15758.789062	-53.663784
15761.718750	-54.767938
15764.648438	-54.607513
15767.578125	-54.761398
15770.507812	-54.846255
15773.437500	-54.873802
15776.367188	-54.907673
15779.296875	-55.863663
15782.226562	-54.229309
15785.156250	-53.955045
15788.085938	-53.807099
15791.015625	-55.090319
15793.945312	-53.899635
15796.875000	-53.601392
15799.804688	-53.794918
15802.734375	-54.340292
15805.664062	-54.634899
15808.593750	-54.317605
15811.523438	-54.559129
15814.453125	-54.765952
15817.382812	-54.880743
15820.312500	-53.859997
15823.242188	-53.692153
15826.171875	-54.391621
15829.101562	-54.430594
15832.031250	-54.593652
15834.960938	-54.178416
15837.890625	-54.050931
15840.820312	-55.067794
15843.750000	-55.257167
15846.679688	-55.058933
15849.609375	-54.441361
15852.539062	-54.139664
15855.468750	-54.865482
15858.398438	-55.268019
15861.328125	-54.418288
15864.257812	-53.982280
15867.187500	-54.968463
15870.117188	-54.271471
15873.046875	-54.324012
15875.976562	-54.812721
15878.906250	-54.683580
15881.835938	-53.768663
15884.765625	-54.028274
15887.695312	-55.188003
15890.625000	-55.502741
15893.554688	-54.607049
15896.484375	-55.210666
15899.414062	-54.365936
15902.343750	-54.381931
15905.273438	-53.996455
15908.203125	-53.674063
15911.132812	-54.775313
15914.062500	-54.197838
15916.992188	-53.395417
15919.921875	-54.636697
15922.851562	-55.547597
15925.781250	-55.451125
15928.710938	-55.290264
15931.640625	-54.702621
15934.570312	-55.200201
15937.500000	-54.556963
15940.429688	-54.238828
15943.359375	-54.833148
15946.289062	-55.998347
15949.218750	-55.285135
15952.148438	-53.605631
15955.078125	-54.050607
15958.007812	-54.249587
15960.937500	-54.728535
15963.867188	-54.230651
15966.796875	-54.324680
15969.726562	-54.702512
15972.656250	-54.551052
15975.585938	-54.402949
15978.515625	-54.039631
15981.445312	-54.904521
15984.375000	-54.670406
15987.304688	-54.606583
15990.234375	-54.260192
15993.164062	-54.213970
15996.093750	-54.365961
15999.023438	-53.816440
16001.953125	-53.226902
16004.882812	-53.664662
16007.812500	-54.243488
16010.742188	-54.781866
16013.671875	-54.280729
16016.601562	-54.541413
16019.531250	-54.493137
16022.460938	-54.363646
16025.390625	-53.617165
16028.320312	-53.749733
16031.250000	-54.813521
16034.179688	-55.275220
16037.109375	-55.077399
16040.039062	-54.612575
16042.968750	-54.070343
16045.898438	-53.730409
16048.828125	-53.814647
16051.757812	-54.590417
16054.687500	-54.244516
16057.617188	-54.626702
16060.546875	-55.021913
16063.476562	-55.768599
16066.406250	-55.457740
16069.335938	-54.839064
16072.265625	-54.840220
16075.195312	-54.395985
16078.125000	-53.864180
16081.054688	-53.540903
16083.984375	-54.362060
16086.914062	-53.676160
16089.843750	-53.820950
16092.773438	-54.327443
16095.703125	-54.116761
16098.632812	-54.840730
16101.562500	-53.386527
16104.492188	-54.319962
16107.421875	-53.640644
16110.351562	-53.833531
16113.281250	-54.806317
16116.210938	-54.938548
16119.140625	-55.396175
16122.070312	-55.655608
16125.000000	-56.126756
16127.929688	-54.580041
16130.859375	-54.302556
16133.789062	-54.569486
16136.718750	-54.133604
16139.648438	-54.708085
16142.578125	-55.162630
16145.507812	-54.874079
16148.437500	-53.780340
16151.367188	-54.643655
16154.296875	-55.347693
16157.226562	-55.472341
16160.156250	-54.835166
16163.085938	-55.448330
16166.015625	-55.274615
16168.945312	-54.648378
16171.875000	-53.897166
16174.804688	-53.536033
16177.734375	-54.350878
16180.664062	-55.150658
16183.593750	-55.576170
16186.523438	-55.929963
16189.453125	-54.961764
16192.382812	-54.802294
16195.312500	-55.135585
16198.242188	-55.471564
16201.171875	-55.591845
16204.101562	-54.913834
16207.031250	-53.914929
16209.960938	-54.021275
16212.890625	-54.640658
16215.820312	-54.232349
16218.750000	-54.184342
16221.679688	-53.412302
16224.609375	-54.290991
16227.539062	-54.345063
16230.468750	-53.456123
16233.398438	-54.036306
16236.328125	-53.997639
16239.257812	-53.995394
16242.187500	-54.757168
16245.117188	-55.331725
16248.046875	-54.702324
16250.976562	-53.926182
16253.906250	-53.737964
16256.835938	-54.128348
16259.765625	-54.185536
16262.695312	-54.327053
16265.625000	-55.159377
16268.554688	-54.954432
16271.484375	-54.915511
16274.414062	-54.293833
16277.343750	-53.425702
16280.273438	-54.315366
16283.203125	-54.413910
16286.132812	-54.348031
16289.062500	-54.350993
16291.992188	-53.687155
16294.921875	-53.140251
16297.851562	-54.531144
16300.781250	-55.845951
16303.710938	-56.175041
16306.640625	-54.780200
16309.570312	-54.500590
16312.500000	-54.763718
16315.429688	-53.841270
16318.359375	-54.273515
16321.289062	-56.008098
16324.218750	-56.429315
16327.148438	-55.490309
16330.078125	-55.058456
16333.007812	-55.149454
16335.937500	-55.352186
16338.867188	-53.799271
16341.796875	-54.420461
16344.726562	-54.487189
16347.656250	-54.059876
16350.585938	-53.333950
16353.515625	-53.499120
16356.445312	-54.140648
16359.375000	-54.108741
16362.304688	-54.402809
16365.234375	-53.671646
16368.164062	-54.527251
16371.093750	-54.418298
16374.023438	-53.584833
16376.953125	-54.548856
16379.882812	-54.557114
16382.812500	-53.934534
16385.742188	-54.243251
16388.671875	-54.487541
16391.601562	-54.081224
16394.531250	-54.759739
16397.460938	-54.090382
16400.390625	-55.308750
16403.320312	-56.334294
16406.250000	-54.565129
16409.179688	-54.182193
16412.109375	-54.944117
16415.039062	-54.292965
16417.968750	-54.389524
16420.898438	-54.070648
16423.828125	-53.778574
16426.757812	-54.003671
16429.687500	-53.331227
16432.617188	-54.745481
16435.546875	-54.935104
16438.476562	-54.369377
16441.406250	-53.486569
16444.335938	-53.588561
16447.265625	-54.268781
16450.195312	-54.285258
16453.125000	-53.544440
16456.054688	-52.955611
16458.984375	-53.786876
16461.914062	-55.054034
16464.843750	-54.030021
16467.773438	-54.189390
16470.703125	-53.871616
16473.632812	-54.415690
16476.562500	-54.342601
16479.492188	-55.051649
16482.421875	-55.420897
16485.351562	-54.933401
16488.281250	-54.560388
16491.210938	-54.180024
16494.140625	-53.848306
16497.070312	-54.326120
16500.000000	-54.792279
16502.929688	-54.493736
16505.859375	-54.041761
16508.789062	-54.050249
16511.718750	-54.776322
16514.648438	-54.714932
16517.578125	-54.591117
16520.507812	-54.843356
16523.437500	-53.723875
16526.367188	-54.140484
16529.296875	-54.272302
16532.226562	-53.879310
16535.156250	-54.501785
16538.085938	-55.447504
16541.015625	-53.795776
16543.945312	-54.354615
16546.875000	-56.902936
16549.804688	-54.891625
16552.734375	-54.276451
16555.664062	-54.647995
16558.593750	-55.664785
16561.523438	-54.953522
16564.453125	-53.767721
16567.382812	-54.695684
16570.312500	-55.105089
16573.242188	-52.971422
16576.171875	-53.191886
16579.101562	-53.763228
16582.031250	-54.211910
16584.960938	-54.238010
16587.890625	-54.323996
16590.820312	-54.750927
16593.750000	-54.596736
16596.679688	-54.639129
16599.609375	-54.272706
16602.539062	-54.247814
16605.468750	-53.639378
16608.398438	-53.959930
16611.328125	-54.390748
16614.257812	-54.652857
16617.187500	-54.899382
16620.117188	-53.851910
16623.046875	-53.036472
16625.976562	-54.104599
16628.906250	-54.953438
16631.835938	-55.246929
16634.765625	-54.568694
16637.695312	-54.880016
16640.625000	-54.270838
16643.554688	-54.641052
16646.484375	-53.796855
16649.414062	-53.654914
16652.343750	-54.501621
16655.273438	-55.628153
16658.203125	-55.401270
16661.132812	-54.317247
16664.062500	-54.102848
16666.992188	-54.189814
16669.921875	-53.381386
16672.851562	-54.355221
16675.781250	-54.218234
16678.710938	-56.641512
16681.640625	-55.495346
16684.570312	-54.601859
16687.500000	-55.194848
16690.429688	-54.336394
16693.359375	-53.976601
16696.289062	-54.419180
16699.218750	-54.196598
16702.148438	-54.812668
16705.078125	-53.413057
16708.007812	-53.651576
16710.937500	-54.202143
16713.867188	-54.299974
16716.796875	-54.435805
16719.726562	-54.312827
16722.656250	-54.818917
16725.585938	-55.774880
16728.515625	-54.637590
16731.445312	-54.684548
16734.375000	-54.717082
16737.304688	-52.979727
16740.234375	-53.370203
16743.164062	-54.208725
16746.093750	-54.179129
16749.023438	-54.923114
16751.953125	-54.351931
16754.882812	-54.806330
16757.812500	-54.199154
16760.742188	-53.735007
16763.671875	-54.586516
16766.601562	-55.492133
16769.531250	-53.401857
16772.460938	-53.327886
16775.390625	-53.754992
16778.320312	-55.026875
16781.250000	-55.511938
16784.179688	-55.401859
16787.109375	-54.994807
16790.039062	-54.264842
16792.968750	-53.892294
16795.898438	-54.794872
16798.828125	-54.690805
16801.757812	-55.824520
16804.687500	-55.977610
16807.617188	-55.613434
16810.546875	-55.251582
16813.476562	-54.700458
16816.406250	-54.250255
16819.335938	-54.181552
16822.265625	-54.899922
16825.195312	-54.017443
16828.125000	-53.496421
16831.054688	-54.640197
16833.984375	-54.711340
16836.914062	-54.777086
16839.843750	-54.817354
16842.773438	-55.660402
16845.703125	-54.639873
16848.632812	-54.636095
16851.562500	-54.873987
16854.492188	-54.079680
16857.421875	-54.125832
16860.351562	-54.190241
16863.281250	-53.909939
16866.210938	-54.229352
16869.140625	-55.186179
16872.070312	-54.744697
16875.000000	-54.080891
16877.929688	-54.839462
16880.859375	-53.815646
16883.789062	-54.421854
16886.718750	-54.669063
16889.648438	-53.439868
16892.578125	-54.602220
16895.507812	-55.543783
16898.437500	-54.752697
16901.367188	-54.036191
16904.296875	-53.166239
16907.226562	-53.844701
16910.156250	-53.208688
16913.085938	-54.160692
16916.015625	-54.463547
16918.945312	-54.416898
16921.875000	-54.201363
16924.804688	-53.647827
16927.734375	-54.572790
16930.664062	-55.167782
16933.593750	-54.960172
16936.523438	-54.291620
16939.453125	-55.349158
16942.382812	-54.548150
16945.312500	-53.053477
16948.242188	-52.796790
16951.171875	-54.666868
16954.101562	-54.422790
16957.031250	-55.356611
16959.960938	-54.937923
16962.890625	-55.206828
16965.820312	-54.680124
16968.750000	-55.160733
16971.679688	-53.946299
16974.609375	-53.620721
16977.539062	-53.119619
16980.468750	-53.136850
16983.398438	-54.837514
16986.328125	-55.168404
16989.257812	-55.004705
16992.187500	-54.896949
16995.117188	-55.698219
16998.046875	-55.405243
17000.976562	-54.463101
17003.906250	-54.320461
17006.835938	-54.774624
17009.765625	-54.971239
17012.695312	-54.747518
17015.625000	-54.124698
17018.554688	-54.295749
17021.484375	-54.059052
17024.414062	-54.477151
17027.343750	-54.770364
17030.273438	-54.954826
17033.203125	-54.065703
17036.132812	-53.267555
17039.062500	-53.786928
17041.992188	-54.475488
17044.921875	-54.224109
17047.851562	-54.923439
17050.781250	-54.947577
17053.710938	-54.647240
17056.640625	-53.857943
17059.570312	-54.084283
17062.500000	-54.886235
17065.429688	-54.612149
17068.359375	-53.736922
17071.289062	-53.916321
17074.218750	-54.581208
17077.148438	-54.818314
17080.078125	-55.678158
17083.007812	-54.647245
17085.937500	-54.417630
17088.867188	-55.426274
17091.796875	-54.640219
17094.726562	-53.939441
17097.656250	-54.369024
17100.585938	-54.817669
17103.515625	-54.888433
17106.445312	-54.664800
17109.375000	-54.043538
17112.304688	-54.087723
17115.234375	-54.879477
17118.164062	-54.841886
17121.093750	-54.482134
17124.023438	-53.540095
17126.953125	-54.355429
17129.882812	-54.571928
17132.812500	-53.895455
17135.742188	-54.499032
17138.671875	-54.783873
17141.601562	-54.783072
17144.531250	-55.589597
17147.460938	-54.554593
17150.390625	-54.153228
17153.320312	-54.094357
17156.250000	-54.333270
17159.179688	-55.365613
17162.109375	-54.843647
17165.039062	-53.874199
17167.968750	-54.189572
17170.898438	-54.673533
17173.828125	-54.713799
17176.757812	-54.391112
17179.687500	-54.022478
17182.617188	-53.909009
17185.546875	-54.368095
17188.476562	-54.739859
17191.406250	-54.061211
17194.335938	-53.752572
17197.265625	-54.833837
17200.195312	-55.101708
17203.125000	-54.190007
17206.054688	-54.297336
17208.984375	-54.819232
17211.914062	-55.340040
17214.843750	-54.231434
17217.773438	-53.988718
17220.703125	-54.596201
17223.632812	-55.361416
17226.562500	-54.877746
17229.492188	-55.559150
17232.421875	-56.355738
17235.351562	-56.182752
17238.281250	-56.416801
17241.210938	-55.426220
17244.140625	-54.581814
17247.070312	-53.892348
17250.000000	-54.189692
17252.929688	-54.061745
17255.859375	-54.308546
17258.789062	-54.424292
17261.718750	-53.788196
17264.648438	-54.217135
17267.578125	-54.450086
17270.507812	-55.161547
17273.437500	-54.176466
17276.367188	-54.286309
17279.296875	-53.846460
17282.226562	-54.697453
17285.156250	-55.027381
17288.085938	-54.123421
17291.015625	-54.779577
17293.945312	-54.589035
17296.875000	-53.753694
17299.804688	-54.557859
17302.734375	-54.714461
17305.664062	-54.965589
17308.593750	-54.564938
17311.523438	-53.259049
17314.453125	-54.078432
17317.382812	-53.382890
17320.312500	-53.925109
17323.242188	-54.555765
17326.171875	-54.140480
17329.101562	-54.022112
17332.031250	-54.918515
17334.960938	-55.206973
17337.890625	-54.943002
17340.820312	-54.243297
17343.750000	-54.195138
17346.679688	-53.123689
17349.609375	-53.874091
17352.539062	-54.540690
17355.468750	-55.084375
17358.398438	-55.123226
17361.328125	-55.634243
17364.257812	-54.730674
17367.187500	-53.305967
17370.117188	-53.524850
17373.046875	-54.686220
17375.976562	-53.969050
17378.906250	-54.504994
17381.835938	-54.374503
17384.765625	-55.569497
17387.695312	-54.524767
17390.625000	-55.394435
17393.554688	-55.923685
17396.484375	-55.297617
17399.414062	-54.604557
17402.343750	-54.585966
17405.273438	-54.871552
17408.203125	-54.590438
17411.132812	-54.644459
17414.062500	-54.788866
17416.992188	-54.151519
17419.921875	-54.849001
17422.851562	-55.742955
17425.781250	-55.424419
17428.710938	-54.826256
17431.640625	-54.808172
17434.570312	-53.354870
17437.500000	-53.894648
17440.429688	-54.548525
17443.359375	-54.206175
17446.289062	-54.169505
17449.218750	-54.047816
17452.148438	-54.232975
17455.078125	-54.627069
17458.007812	-54.395670
17460.937500	-54.619102
17463.867188	-55.008404
17466.796875	-54.607575
17469.726562	-54.073266
17472.656250	-53.590420
17475.585938	-54.155844
17478.515625	-54.819597
17481.445312	-54.939993
17484.375000	-53.090465
17487.304688	-53.648080
17490.234375	-54.780107
17493.164062	-54.342977
17496.093750	-53.565448
17499.023438	-54.241165
17501.953125	-55.356068
17504.882812	-55.240791
17507.812500	-54.559338
17510.742188	-55.435468
17513.671875	-54.049585
17516.601562	-54.161377
17519.531250	-53.895297
17522.460938	-54.286278
17525.390625	-53.914114
17528.320312	-53.914218
17531.250000	-53.463464
17534.179688	-54.926476
17537.109375	-56.355833
17540.039062	-54.735857
17542.968750	-54.662745
17545.898438	-54.561595
17548.828125	-55.518477
17551.757812	-55.505798
17554.687500	-55.694006
17557.617188	-55.700575
17560.546875	-54.387872
17563.476562	-53.777644
17566.406250	-54.629893
17569.335938	-55.523380
17572.265625	-56.435701
17575.195312	-54.947196
17578.125000	-54.988558
17581.054688	-53.948351
17583.984375	-52.846275
17586.914062	-53.271854
17589.843750	-54.630692
17592.773438	-54.929584
17595.703125	-54.317034
17598.632812	-54.362731
17601.562500	-53.808591
17604.492188	-53.352606
17607.421875	-54.242707
17610.351562	-54.700290
17613.281250	-54.067324
17616.210938	-54.273825
17619.140625	-55.387476
17622.070312	-55.021336
17625.000000	-53.704580
17627.929688	-54.389299
17630.859375	-54.535114
17633.789062	-54.800863
17636.718750	-54.556326
17639.648438	-55.148319
17642.578125	-54.939250
17645.507812	-55.518464
17648.437500	-54.865985
17651.367188	-54.311913
17654.296875	-53.956113
17657.226562	-53.352900
17660.156250	-54.520498
17663.085938	-55.337889
17666.015625	-55.421661
17668.945312	-55.327902
17671.875000	-54.651360
17674.804688	-55.152616
17677.734375	-54.269611
17680.664062	-53.789984
17683.593750	-53.527661
17686.523438	-54.108893
17689.453125	-54.241410
17692.382812	-55.554375
17695.312500	-55.950917
17698.242188	-55.181529
17701.171875	-54.804897
17704.101562	-54.481230
17707.031250	-54.093294
17709.960938	-54.823463
17712.890625	-56.162078
17715.820312	-56.241528
17718.750000	-55.414250
17721.679688	-54.593866
17724.609375	-54.098586
17727.539062	-53.334627
17730.468750	-53.780434
17733.398438	-54.530705
17736.328125	-54.876090
17739.257812	-54.857530
17742.187500	-54.716668
17745.117188	-54.677951
17748.046875	-54.723176
17750.976562	-55.028524
17753.906250	-54.476115
17756.835938	-54.345837
17759.765625	-54.292442
17762.695312	-55.298962
17765.625000	-54.586176
17768.554688	-54.185492
17771.484375	-54.251678
17774.414062	-54.920931
17777.343750	-54.517593
17780.273438	-54.416756
17783.203125	-54.191148
17786.132812	-55.104698
17789.062500	-55.552640
17791.992188	-55.479359
17794.921875	-56.056304
17797.851562	-56.231548
17800.781250	-54.937113
17803.710938	-53.757464
17806.640625	-54.062333
17809.570312	-54.327768
17812.500000	-54.571226
17815.429688	-54.291146
17818.359375	-53.882899
17821.289062	-55.159304
17824.218750	-55.576589
17827.148438	-54.917797
17830.078125	-55.216916
17833.007812	-55.961354
17835.937500	-54.969912
17838.867188	-54.581430
17841.796875	-55.882033
17844.726562	-55.549816
17847.656250	-54.910550
17850.585938	-55.319299
17853.515625	-55.053694
17856.445312	-54.303495
17859.375000	-54.000817
17862.304688	-53.966608
17865.234375	-55.726766
17868.164062	-55.656890
17871.093750	-55.121431
17874.023438	-54.786845
17876.953125	-54.843553
17879.882812	-54.033716
17882.812500	-54.011275
17885.742188	-53.904978
17888.671875	-53.884000
17891.601562	-53.707178
17894.531250	-54.328676
17897.460938	-54.943982
17900.390625	-54.542003
17903.320312	-54.541487
17906.250000	-54.659636
17909.179688	-53.748091
17912.109375	-54.530635
17915.039062	-55.076510
17917.968750	-53.620736
17920.898438	-53.769881
17923.828125	-54.380352
17926.757812	-54.449215
17929.687500	-55.040170
17932.617188	-54.639811
17935.546875	-55.120938
17938.476562	-54.386343
17941.406250	-53.309307
17944.335938	-53.440317
17947.265625	-53.417649
17950.195312	-54.201437
17953.125000	-53.575092
17956.054688	-53.357559
17958.984375	-54.447433
17961.914062	-53.953714
17964.843750	-53.377971
17967.773438	-54.569082
17970.703125	-54.407030
17973.632812	-54.621321
17976.562500	-54.606537
17979.492188	-55.260686
17982.421875	-54.464334
17985.351562	-53.841109
17988.281250	-53.863375
17991.210938	-54.546028
17994.140625	-53.968413
17997.070312	-55.126194
18000.000000	-55.608367
18002.929688	-54.320168
18005.859375	-54.010165
18008.789062	-54.611602
18011.718750	-54.262452
18014.648438	-54.483839
18017.578125	-54.131255
18020.507812	-54.359822
18023.437500	-55.371650
18026.367188	-54.829138
18029.296875	-54.311674
18032.226562	-54.933816
18035.156250	-55.536432
18038.085938	-54.524867
18041.015625	-54.258329
18043.945312	-54.792299
18046.875000	-53.543839
18049.804688	-53.841303
18052.734375	-54.228060
18055.664062	-53.602699
18058.593750	-54.358832
18061.523438	-54.147623
18064.453125	-54.430302
18067.382812	-53.803935
18070.312500	-53.356253
18073.242188	-53.984302
18076.171875	-54.563755
18079.101562	-55.037967
18082.031250	-55.008065
18084.960938	-54.551708
18087.890625	-53.653914
18090.820312	-53.976937
18093.750000	-53.847621
18096.679688	-53.541835
18099.609375	-54.318818
18102.539062	-53.322325
18105.468750	-52.563345
18108.398438	-53.773205
18111.328125	-53.847516
18114.257812	-54.546716
18117.187500	-53.815016
18120.117188	-53.473770
18123.046875	-54.073294
18125.976562	-54.299629
18128.906250	-53.882212
18131.835938	-54.061850
18134.765625	-53.726215
18137.695312	-54.239718
18140.625000	-54.661477
18143.554688	-54.869643
18146.484375	-54.680057
18149.414062	-53.859323
18152.343750	-54.573973
18155.273438	-55.005209
18158.203125	-54.043039
18161.132812	-54.603553
18164.062500	-54.943869
18166.992188	-55.137241
18169.921875	-55.341960
18172.851562	-54.916134
18175.781250	-54.208160
18178.710938	-54.081650
18181.640625	-54.156135
18184.570312	-54.386054
18187.500000	-54.628665
18190.429688	-54.704450
18193.359375	-54.479300
18196.289062	-54.666052
18199.218750	-53.504944
18202.148438	-54.010564
18205.078125	-56.152083
18208.007812	-55.204521
18210.937500	-54.583636
18213.867188	-55.184945
18216.796875	-54.630185
18219.726562	-55.356232
18222.656250	-55.906071
18225.585938	-54.713985
18228.515625	-54.416296
18231.445312	-53.788087
18234.375000	-54.071425
18237.304688	-54.552252
18240.234375	-54.695481
18243.164062	-53.825054
18246.093750	-54.279290
18249.023438	-55.358476
18251.953125	-54.705679
18254.882812	-55.879508
18257.812500	-54.788915
18260.742188	-53.228816
18263.671875	-53.421062
18266.601562	-54.895392
18269.531250	-54.813004
18272.460938	-54.574006
18275.390625	-54.529881
18278.320312	-54.327338
18281.250000	-54.825773
18284.179688	-54.430280
18287.109375	-54.274498
18290.039062	-54.589855
18292.968750	-53.943216
18295.898438	-53.679764
18298.828125	-54.676150
18301.757812	-54.072185
18304.687500	-54.409806
18307.617188	-54.249869
18310.546875	-55.073255
18313.476562	-55.137241
18316.406250	-54.556807
18319.335938	-53.828443
18322.265625	-54.168647
18325.195312	-54.242487
18328.125000	-54.155016
18331.054688	-54.164758
18333.984375	-54.010798
18336.914062	-54.044174
18339.843750	-54.298021
18342.773438	-54.461323
18345.703125	-55.010606
18348.632812	-55.481882
18351.562500	-55.140255
18354.492188	-54.747882
18357.421875	-54.504500
18360.351562	-54.785773
18363.281250	-54.562127
18366.210938	-54.078372
18369.140625	-54.720283
18372.070312	-54.379496
18375.000000	-55.068531
18377.929688	-54.492474
18380.859375	-54.432548
18383.789062	-55.043585
18386.718750	-53.735769
18389.648438	-54.215227
18392.578125	-55.221974
18395.507812	-54.501643
18398.437500	-54.218035
18401.367188	-53.623267
18404.296875	-54.115292
18407.226562	-54.570753
18410.156250	-54.760217
18413.085938	-54.201056
18416.015625	-54.831165
18418.945312	-56.043608
18421.875000	-55.250968
18424.804688	-55.569575
18427.734375	-55.186357
18430.664062	-54.253317
18433.593750	-54.917977
18436.523438	-55.428312
18439.453125	-55.215114
18442.382812	-53.864109
18445.312500	-53.816398
18448.242188	-54.646718
18451.171875	-55.410458
18454.101562	-54.495252
18457.031250	-54.927989
18459.960938	-54.629939
18462.890625	-53.251910
18465.820312	-53.602410
18468.750000	-55.118154
18471.679688	-54.203403
18474.609375	-54.309975
18477.539062	-53.499138
18480.468750	-54.445659
18483.398438	-55.496401
18486.328125	-54.719748
18489.257812	-54.901353
18492.187500	-55.090480
18495.117188	-54.540685
18498.046875	-55.337818
18500.976562	-55.236878
18503.906250	-54.222876
18506.835938	-54.046894
18509.765625	-53.982639
18512.695312	-55.239584
18515.625000	-54.984050
18518.554688	-54.539424
18521.484375	-54.565822
18524.414062	-54.986714
18527.343750	-54.759000
18530.273438	-54.155962
18533.203125	-53.863041
18536.132812	-54.530608
18539.062500	-54.378753
18541.992188	-55.262956
18544.921875	-54.690441
18547.851562	-54.879650
18550.781250	-53.631022
18553.710938	-53.291340
18556.640625	-53.645330
18559.570312	-53.506445
18562.500000	-54.020225
18565.429688	-54.459965
18568.359375	-54.071068
18571.289062	-53.357477
18574.218750	-53.778702
18577.148438	-53.795033
18580.078125	-54.621370
18583.007812	-54.313842
18585.937500	-54.438928
18588.867188	-53.737737
18591.796875	-54.422943
18594.726562	-53.610306
18597.656250	-54.168382
18600.585938	-54.719002
18603.515625	-54.894830
18606.445312	-54.634939
18609.375000	-54.012705
18612.304688	-53.460387
18615.234375	-53.413426
18618.164062	-54.928374
18621.093750	-54.085687
18624.023438	-53.014993
18626.953125	-54.198910
18629.882812	-54.700786
18632.812500	-54.411649
18635.742188	-54.277699
18638.671875	-53.950318
18641.601562	-53.169187
18644.531250	-53.009503
18647.460938	-54.158056
18650.390625	-53.753438
18653.320312	-53.639752
18656.250000	-54.428712
18659.179688	-55.360343
18662.109375	-54.728039
18665.039062	-53.436784
18667.968750	-53.952755
18670.898438	-54.934431
18673.828125	-55.030090
18676.757812	-54.099805
18679.687500	-54.534453
18682.617188	-54.162367
18685.546875	-53.478300
18688.476562	-55.143644
18691.406250	-54.195388
18694.335938	-53.646359
18697.265625	-53.997300
18700.195312	-54.000283
18703.125000	-54.942337
18706.054688	-54.436165
18708.984375	-54.303596
18711.914062	-53.254652
18714.843750	-53.943849
18717.773438	-54.144083
18720.703125	-54.229095
18723.632812	-53.957536
18726.562500	-55.193837
18729.492188	-54.854119
18732.421875	-54.258669
18735.351562	-53.741342
18738.281250	-53.692414
18741.210938	-53.905997
18744.140625	-54.692795
18747.070312	-54.522749
18750.000000	-54.413389
18752.929688	-54.234787
18755.859375	-54.249305
18758.789062	-54.410233
18761.718750	-53.591687
18764.648438	-53.866355
18767.578125	-54.342771
18770.507812	-54.714641
18773.437500	-54.177821
18776.367188	-54.239032
18779.296875	-54.421920
18782.226562	-54.235784
18785.156250	-55.107410
18788.085938	-54.736745
18791.015625	-53.512883
18793.945312	-54.685982
18796.875000	-55.107031
18799.804688	-54.563012
18802.734375	-54.335635
18805.664062	-54.829518
18808.593750	-54.920644
18811.523438	-54.908267
18814.453125	-54.417361
18817.382812	-53.319010
18820.312500	-53.915641
18823.242188	-54.496147
18826.171875	-55.476648
18829.101562	-54.045799
18832.031250	-54.655216
18834.960938	-53.679752
18837.890625	-52.986978
18840.820312	-54.416494
18843.750000	-54.393695
18846.679688	-54.873346
18849.609375	-53.835028
18852.539062	-53.186860
18855.468750	-54.805765
18858.398438	-54.354742
18861.328125	-53.717121
18864.257812	-54.592648
18867.187500	-53.403110
18870.117188	-53.361917
18873.046875	-54.401642
18875.976562	-54.362211
18878.906250	-54.386060
18881.835938	-54.923071
18884.765625	-55.474402
18887.695312	-54.873711
18890.625000	-53.832607
18893.554688	-54.253801
18896.484375	-54.724095
18899.414062	-54.568108
18902.343750	-53.285344
18905.273438	-54.141922
18908.203125	-54.693335
18911.132812	-54.281347
18914.062500	-53.805116
18916.992188	-54.372449
18919.921875	-55.354146
18922.851562	-54.899889
18925.781250	-54.194093
18928.710938	-54.225731
18931.640625	-55.071564
18934.570312	-54.680200
18937.500000	-54.997983
18940.429688	-54.180649
18943.359375	-54.039340
18946.289062	-53.425636
18949.218750	-54.071345
18952.148438	-54.483096
18955.078125	-54.382198
18958.007812	-54.140835
18960.937500	-54.221406
18963.867188	-54.378278
18966.796875	-55.389234
18969.726562	-54.881943
18972.656250	-54.083817
18975.585938	-54.460195
18978.515625	-53.336136
18981.445312	-53.745890
18984.375000	-53.439201
18987.304688	-53.763092
18990.234375	-53.819788
18993.164062	-53.312645
18996.093750	-53.810223
18999.023438	-55.147887
19001.953125	-54.747478
19004.882812	-54.744669
19007.812500	-54.522881
19010.742188	-53.061858
19013.671875	-53.201644
19016.601562	-53.608410
19019.531250	-54.035286
19022.460938	-53.894966
19025.390625	-53.886194
19028.320312	-54.465759
19031.250000	-54.281534
19034.179688	-53.763401
19037.109375	-54.182496
19040.039062	-53.731592
19042.968750	-53.495519
19045.898438	-53.561849
19048.828125	-53.067234
19051.757812	-54.175053
19054.687500	-54.160365
19057.617188	-53.801613
19060.546875	-52.976962
19063.476562	-53.776915
19066.406250	-54.568886
19069.335938	-54.214159
19072.265625	-54.360300
19075.195312	-54.099485
19078.125000	-53.139871
19081.054688	-53.440431
19083.984375	-54.753772
19086.914062	-54.631776
19089.843750	-54.015439
19092.773438	-53.611817
19095.703125	-53.785995
19098.632812	-53.840987
19101.562500	-54.537637
19104.492188	-54.767379
19107.421875	-55.046318
19110.351562	-54.954194
19113.281250	-55.108350
19116.210938	-54.821796
19119.140625	-54.273849
19122.070312	-54.033551
19125.000000	-53.567127
19127.929688	-53.817349
19130.859375	-53.632010
19133.789062	-53.333421
19136.718750	-54.086991
19139.648438	-53.931479
19142.578125	-54.121469
19145.507812	-54.715332
19148.437500	-53.818735
19151.367188	-55.755187
19154.296875	-54.546774
19157.226562	-53.459983
19160.156250	-53.794457
19163.085938	-55.183887
19166.015625	-54.851305
19168.945312	-53.614075
19171.875000	-53.503993
19174.804688	-53.751709
19177.734375	-54.031802
19180.664062	-54.892266
19183.593750	-55.229021
19186.523438	-57.051280
19189.453125	-55.137154
19192.382812	-54.276859
19195.312500	-54.892181
19198.242188	-54.423579
19201.171875	-53.748164
19204.101562	-54.487373
19207.031250	-54.999439
19209.960938	-54.506112
19212.890625	-54.847870
19215.820312	-54.302005
19218.750000	-53.809507
19221.679688	-54.329735
19224.609375	-54.288614
19227.539062	-54.744310
19230.468750	-55.498260
19233.398438	-54.611417
19236.328125	-54.233489
19239.257812	-54.666514
19242.187500	-54.660808
19245.117188	-54.210777
19248.046875	-54.210762
19250.976562	-54.175656
19253.906250	-55.201327
19256.835938	-54.854979
19259.765625	-54.729589
19262.695312	-55.538216
19265.625000	-54.341859
19268.554688	-53.902515
19271.484375	-54.024724
19274.414062	-54.122828
19277.343750	-54.482369
19280.273438	-54.037223
19283.203125	-53.460835
19286.132812	-54.072431
19289.062500	-53.917769
19291.992188	-53.944549
19294.921875	-54.463322
19297.851562	-53.725047
19300.781250	-53.349903
19303.710938	-55.507565
19306.640625	-54.603869
19309.570312	-55.346576
19312.500000	-55.571718
19315.429688	-54.410169
19318.359375	-54.164760
19321.289062	-53.702257
19324.218750	-54.621262
19327.148438	-55.661144
19330.078125	-55.476913
19333.007812	-54.411977
19335.937500	-54.099645
19338.867188	-55.263067
19341.796875	-55.185921
19344.726562	-54.218572
19347.656250	-54.140325
19350.585938	-55.032050
19353.515625	-54.839335
19356.445312	-54.990045
19359.375000	-54.820161
19362.304688	-53.945998
19365.234375	-54.457338
19368.164062	-54.216543
19371.093750	-54.463137
19374.023438	-54.253311
19376.953125	-53.510109
19379.882812	-53.755244
19382.812500	-53.816745
19385.742188	-54.269313
19388.671875	-54.421136
19391.601562	-54.190670
19394.531250	-53.647181
19397.460938	-54.522976
19400.390625	-54.372461
19403.320312	-54.225097
19406.250000	-53.686214
19409.179688	-53.666446
19412.109375	-53.044774
19415.039062	-53.359014
19417.968750	-53.103620
19420.898438	-53.556626
19423.828125	-53.886992
19426.757812	-53.910457
19429.687500	-54.444520
19432.617188	-54.044527
19435.546875	-54.296869
19438.476562	-55.086904
19441.406250	-54.652773
19444.335938	-54.853243
19447.265625	-55.083259
19450.195312	-54.148058
19453.125000	-54.334482
19456.054688	-53.743830
19458.984375	-53.812190
19461.914062	-54.625037
19464.843750	-54.482200
19467.773438	-55.104717
19470.703125	-54.943447
19473.632812	-54.948224
19476.562500	-55.405643
19479.492188	-53.707569
19482.421875	-54.348727
19485.351562	-54.673333
19488.281250	-54.908922
19491.210938	-55.180460
19494.140625	-53.738606
19497.070312	-54.245963
19500.000000	-54.431624
19502.929688	-55.634233
19505.859375	-55.484183
19508.789062	-54.516642
19511.718750	-54.281718
19514.648438	-54.698261
19517.578125	-54.799515
19520.507812	-55.214776
19523.437500	-55.026592
19526.367188	-54.780801
19529.296875	-54.592206
19532.226562	-55.457372
19535.156250	-54.651811
19538.085938	-55.463123
19541.015625	-55.388024
19543.945312	-55.878230
19546.875000	-53.915343
19549.804688	-53.497200
19552.734375	-54.728984
19555.664062	-55.131916
19558.593750	-53.991633
19561.523438	-54.510492
19564.453125	-55.181574
19567.382812	-55.011703
19570.312500	-54.833995
19573.242188	-55.816160
19576.171875	-54.371128
19579.101562	-54.181147
19582.031250	-54.871331
19584.960938	-54.748186
19587.890625	-54.220632
19590.820312	-54.464190
19593.750000	-54.314881
19596.679688	-54.309119
19599.609375	-54.472008
19602.539062	-54.682023
19605.468750	-55.237091
19608.398438	-53.933630
19611.328125	-54.453242
19614.257812	-55.093845
19617.187500	-54.177041
19620.117188	-54.427396
19623.046875	-54.084002
19625.976562	-54.074924
19628.906250	-56.049301
19631.835938	-55.195436
19634.765625	-54.430093
19637.695312	-54.652459
19640.625000	-54.015290
19643.554688	-54.074822
19646.484375	-54.358651
19649.414062	-54.455645
19652.343750	-54.707610
19655.273438	-55.067127
19658.203125	-55.204486
19661.132812	-54.888102
19664.062500	-54.852711
19666.992188	-55.113629
19669.921875	-54.783473
19672.851562	-53.832248
19675.781250	-53.356149
19678.710938	-54.385401
19681.640625	-55.187218
19684.570312	-54.645384
19687.500000	-54.607219
19690.429688	-54.676490
19693.359375	-55.186331
19696.289062	-55.741268
19699.218750	-53.942819
19702.148438	-53.753733
19705.078125	-53.600959
19708.007812	-54.473789
19710.937500	-53.855878
19713.867188	-54.579338
19716.796875	-55.596049
19719.726562	-54.822328
19722.656250	-53.640011
19725.585938	-53.775328
19728.515625	-53.724473
19731.445312	-53.984029
19734.375000	-54.775359
19737.304688	-54.627059
19740.234375	-54.330138
19743.164062	-55.228731
19746.093750	-54.750507
19749.023438	-54.810304
19751.953125	-54.649979
19754.882812	-53.971156
19757.812500	-54.725712
19760.742188	-55.833290
19763.671875	-55.381299
19766.601562	-54.395260
19769.531250	-53.298136
19772.460938	-53.893054
19775.390625	-54.185097
19778.320312	-54.556313
19781.250000	-53.736783
19784.179688	-55.447173
19787.109375	-54.636608
19790.039062	-53.865913
19792.968750	-54.014915
19795.898438	-54.401028
19798.828125	-54.143150
19801.757812	-54.412391
19804.687500	-55.300340
19807.617188	-54.668932
19810.546875	-53.780341
19813.476562	-53.758676
19816.406250	-54.592845
19819.335938	-54.445012
19822.265625	-54.369199
19825.195312	-55.489865
19828.125000	-54.591092
19831.054688	-54.935090
19833.984375	-56.498879
19836.914062	-54.937065
19839.843750	-54.818226
19842.773438	-55.694028
19845.703125	-55.575153
19848.632812	-56.048322
19851.562500	-54.942136
19854.492188	-53.727659
19857.421875	-54.593623
19860.351562	-54.516992
19863.281250	-53.987122
19866.210938	-53.978320
19869.140625	-54.632347
19872.070312	-54.855992
19875.000000	-54.701088
19877.929688	-55.240820
19880.859375	-55.322947
19883.789062	-55.644938
19886.718750	-54.708618
19889.648438	-54.525736
19892.578125	-54.823645
19895.507812	-55.885718
19898.437500	-54.269508
19901.367188	-54.184597
19904.296875	-54.066598
19907.226562	-55.429649
19910.156250	-55.055259
19913.085938	-54.612754
19916.015625	-55.054712
19918.945312	-54.805844
19921.875000	-54.776374
19924.804688	-54.102024
19927.734375	-53.866213
19930.664062	-54.145247
19933.593750	-54.411444
19936.523438	-53.543425
19939.453125	-54.296681
19942.382812	-54.078603
19945.312500	-53.780104
19948.242188	-54.300731
19951.171875	-53.798008
19954.101562	-54.198538
19957.031250	-53.915671
19959.960938	-53.456112
19962.890625	-53.662195
19965.820312	-54.705273
19968.750000	-55.604174
19971.679688	-55.429134
19974.609375	-54.927881
19977.539062	-55.144148
19980.468750	-55.018040
19983.398438	-54.791556
19986.328125	-55.897417
19989.257812	-55.928655
19992.187500	-54.481116
19995.117188	-54.144013
19998.046875	-54.595355
20000.976562	-54.614032
20003.906250	-55.362338
20006.835938	-56.055545
20009.765625	-55.012796
20012.695312	-55.461802
20015.625000	-55.812615
20018.554688	-54.657965
20021.484375	-54.462694
20024.414062	-54.348834
20027.343750	-54.652042
20030.273438	-54.114469
20033.203125	-52.827753
20036.132812	-53.725333
20039.062500	-54.414306
20041.992188	-55.534773
20044.921875	-54.592881
20047.851562	-54.133112
20050.781250	-54.593649
20053.710938	-54.731112
20056.640625	-54.302538
20059.570312	-54.658187
20062.500000	-53.742044
20065.429688	-53.726413
20068.359375	-53.091165
20071.289062	-53.378471
20074.218750	-53.229452
20077.148438	-53.971054
20080.078125	-54.718397
20083.007812	-55.342644
20085.937500	-54.709882
20088.867188	-55.028805
20091.796875	-54.379135
20094.726562	-54.486048
20097.656250	-53.774930
20100.585938	-55.065931
20103.515625	-55.519108
20106.445312	-55.890605
20109.375000	-55.044882
20112.304688	-55.299613
20115.234375	-54.947601
20118.164062	-54.480583
20121.093750	-54.673437
20124.023438	-54.182944
20126.953125	-54.530190
20129.882812	-54.543394
20132.812500	-54.122162
20135.742188	-54.533248
20138.671875	-53.529969
20141.601562	-53.863796
20144.531250	-53.442477
20147.460938	-54.941373
20150.390625	-55.008594
20153.320312	-54.704289
20156.250000	-53.281318
20159.179688	-52.194510
20162.109375	-50.673276
20165.039062	-51.707002
20167.968750	-53.281757
20170.898438	-54.254326
20173.828125	-54.338885
20176.757812	-54.191036
20179.687500	-54.671770
20182.617188	-55.618534
20185.546875	-54.367744
20188.476562	-54.004911
20191.406250	-54.302298
20194.335938	-54.891483
20197.265625	-54.865387
20200.195312	-54.471955
20203.125000	-55.079185
20206.054688	-55.860168
20208.984375	-55.184624
20211.914062	-55.325395
20214.843750	-55.049109
20217.773438	-55.297184
20220.703125	-54.675710
20223.632812	-54.975001
20226.562500	-55.143028
20229.492188	-54.863134
20232.421875	-55.458234
20235.351562	-55.065977
20238.281250	-55.578807
20241.210938	-54.929932
20244.140625	-54.705491
20247.070312	-54.754258
20250.000000	-55.713091
20252.929688	-55.534121
20255.859375	-54.313331
20258.789062	-53.375063
20261.718750	-54.419465
20264.648438	-54.619599
20267.578125	-54.303884
20270.507812	-55.394635
20273.437500	-54.051067
20276.367188	-54.270863
20279.296875	-54.820082
20282.226562	-54.070849
20285.156250	-54.676939
20288.085938	-55.098810
20291.015625	-54.085169
20293.945312	-53.378060
20296.875000	-53.834888
20299.804688	-54.699060
20302.734375	-54.722027
20305.664062	-54.919228
20308.593750	-54.568934
20311.523438	-55.108120
20314.453125	-55.423756
20317.382812	-54.939961
20320.312500	-55.067089
20323.242188	-55.497631
20326.171875	-54.963896
20329.101562	-54.398348
20332.031250	-54.554340
20334.960938	-54.437856
20337.890625	-54.731431
20340.820312	-55.702467
20343.750000	-55.189895
20346.679688	-54.738652
20349.609375	-55.281372
20352.539062	-54.827505
20355.468750	-53.528900
20358.398438	-53.334456
20361.328125	-53.869505
20364.257812	-55.443269
20367.187500	-55.230494
20370.117188	-53.942529
20373.046875	-54.044132
20375.976562	-55.056795
20378.906250	-54.424876
20381.835938	-55.044968
20384.765625	-54.373478
20387.695312	-54.745214
20390.625000	-54.453134
20393.554688	-53.772831
20396.484375	-54.567043
20399.414062	-54.783517
20402.343750	-54.655158
20405.273438	-55.049790
20408.203125	-54.196491
20411.132812	-54.665524
20414.062500	-54.820388
20416.992188	-54.025067
20419.921875	-53.651189
20422.851562	-54.095849
20425.781250	-54.800320
20428.710938	-55.150303
20431.640625	-54.775974
20434.570312	-55.936276
20437.500000	-56.051959
20440.429688	-54.213688
20443.359375	-53.924375
20446.289062	-53.932420
20449.218750	-54.147376
20452.148438	-54.803390
20455.078125	-54.741788
20458.007812	-54.542652
20460.937500	-55.300453
20463.867188	-55.029000
20466.796875	-55.335729
20469.726562	-55.228273
20472.656250	-54.733429
20475.585938	-55.070844
20478.515625	-54.573026
20481.445312	-54.861356
20484.375000	-55.022804
20487.304688	-54.715802
20490.234375	-54.944470
20493.164062	-54.290802
20496.093750	-54.185949
20499.023438	-54.054186
20501.953125	-53.592384
20504.882812	-53.655741
20507.812500	-53.256239
20510.742188	-53.876516
20513.671875	-54.198762
20516.601562	-54.594773
20519.531250	-54.826588
20522.460938	-55.859765
20525.390625	-54.416301
20528.320312	-53.137820
20531.250000	-53.375305
20534.179688	-55.326107
20537.109375	-54.805731
20540.039062	-54.497675
20542.968750	-54.295969
20545.898438	-55.064511
20548.828125	-55.353937
20551.757812	-54.554976
20554.687500	-55.545729
20557.617188	-55.851386
20560.546875	-55.191777
20563.476562	-54.815914
20566.406250	-54.377128
20569.335938	-55.489559
20572.265625	-54.303962
20575.195312	-54.028026
20578.125000	-54.313597
20581.054688	-53.291742
20583.984375	-53.215086
20586.914062	-54.401904
20589.843750	-55.430749
20592.773438	-55.793265
20595.703125	-54.280023
20598.632812	-55.081542
20601.562500	-54.169984
20604.492188	-54.550504
20607.421875	-54.830759
20610.351562	-54.659453
20613.281250	-54.470613
20616.210938	-55.549514
20619.140625	-54.753993
20622.070312	-54.536941
20625.000000	-54.135417
20627.929688	-54.905619
20630.859375	-54.499758
20633.789062	-54.235580
20636.718750	-54.658539
20639.648438	-54.573822
20642.578125	-55.324602
20645.507812	-55.772811
20648.437500	-54.431148
20651.367188	-53.533380
20654.296875	-53.775649
20657.226562	-53.296085
20660.156250	-54.456761
20663.085938	-54.637591
20666.015625	-54.551608
20668.945312	-54.546407
20671.875000	-54.815908
20674.804688	-55.415160
20677.734375	-55.176890
20680.664062	-54.632729
20683.593750	-55.062612
20686.523438	-54.712477
20689.453125	-54.968590
20692.382812	-55.531818
20695.312500	-56.058242
20698.242188	-54.310147
20701.171875	-54.308940
20704.101562	-55.801025
20707.031250	-54.526477
20709.960938	-53.957547
20712.890625	-54.279542
20715.820312	-54.961278
20718.750000	-55.810508
20721.679688	-55.275619
20724.609375	-55.769649
20727.539062	-54.260623
20730.468750	-54.300167
20733.398438	-54.779104
20736.328125	-54.671638
20739.257812	-54.694692
20742.187500	-54.921945
20745.117188	-54.918251
20748.046875	-54.430316
20750.976562	-54.081862
20753.906250	-55.189752
20756.835938	-55.342814
20759.765625	-54.519473
20762.695312	-53.995328
20765.625000	-55.184267
20768.554688	-54.466598
20771.484375	-54.624291
20774.414062	-55.891762
20777.343750	-55.325922
20780.273438	-55.166026
20783.203125	-54.442660
20786.132812	-53.519237
20789.062500	-55.137670
20791.992188	-55.069145
20794.921875	-55.168601
20797.851562	-54.751730
20800.781250	-55.034831
20803.710938	-56.393467
20806.640625	-55.570320
20809.570312	-54.359391
20812.500000	-54.879371
20815.429688	-55.514050
20818.359375	-55.283410
20821.289062	-55.036700
20824.218750	-55.354839
20827.148438	-54.725006
20830.078125	-54.369930
20833.007812	-54.034474
20835.937500	-54.732168
20838.867188	-54.238557
20841.796875	-55.086364
20844.726562	-54.418319
20847.656250	-54.942256
20850.585938	-54.507803
20853.515625	-54.133676
20856.445312	-54.886462
20859.375000	-54.115700
20862.304688	-53.730588
20865.234375	-54.246707
20868.164062	-54.562240
20871.093750	-54.877083
20874.023438	-55.658427
20876.953125	-55.335398
20879.882812	-55.592274
20882.812500	-55.200774
20885.742188	-54.385989
20888.671875	-54.576675
20891.601562	-55.505851
20894.531250	-55.331156
20897.460938	-54.855031
20900.390625	-54.475808
20903.320312	-54.160022
20906.250000	-53.855218
20909.179688	-53.613165
20912.109375	-54.312081
20915.039062	-55.177241
20917.968750	-55.628246
20920.898438	-55.736066
20923.828125	-55.042384
20926.757812	-54.483749
20929.687500	-54.166963
20932.617188	-54.716441
20935.546875	-54.378018
20938.476562	-54.856162
20941.406250	-54.608958
20944.335938	-54.680385
20947.265625	-55.188537
20950.195312	-55.557277
20953.125000	-54.622800
20956.054688	-55.319462
20958.984375	-55.201214
20961.914062	-55.091734
20964.843750	-55.830586
20967.773438	-54.154881
20970.703125	-53.934392
20973.632812	-53.936843
20976.562500	-54.184927
20979.492188	-55.546839
20982.421875	-55.859609
20985.351562	-55.161903
20988.281250	-54.551051
20991.210938	-54.333283
20994.140625	-54.212026
20997.070312	-54.232939
21000.000000	-53.705298
21002.929688	-53.962479
21005.859375	-53.479975
21008.789062	-53.732096
21011.718750	-54.877119
21014.648438	-55.093132
21017.578125	-55.383071
21020.507812	-54.800230
21023.437500	-54.878173
21026.367188	-55.133394
21029.296875	-55.482990
21032.226562	-55.686813
21035.156250	-55.533694
21038.085938	-55.140685
21041.015625	-55.292149
21043.945312	-54.484153
21046.875000	-55.071954
21049.804688	-54.622245
21052.734375	-53.995456
21055.664062	-54.844769
21058.593750	-54.880197
21061.523438	-54.222026
21064.453125	-54.404135
21067.382812	-55.085776
21070.312500	-54.843233
21073.242188	-55.435529
21076.171875	-55.642039
21079.101562	-54.434043
21082.031250	-54.706082
21084.960938	-54.992885
21087.890625	-55.385177
21090.820312	-54.112260
21093.750000	-54.100158
21096.679688	-54.359808
21099.609375	-54.901364
21102.539062	-53.976962
21105.468750	-54.131084
21108.398438	-55.242997
21111.328125	-55.168657
21114.257812	-54.805879
21117.187500	-54.563490
21120.117188	-55.006819
21123.046875	-55.207326
21125.976562	-54.764294
21128.906250	-54.493777
21131.835938	-53.412632
21134.765625	-54.389375
21137.695312	-54.688584
21140.625000	-55.400245
21143.554688	-54.584557
21146.484375	-54.811647
21149.414062	-55.443105
21152.343750	-54.944652
21155.273438	-54.849004
21158.203125	-53.930117
21161.132812	-54.308831
21164.062500	-54.072643
21166.992188	-54.515373
21169.921875	-55.001405
21172.851562	-55.104638
21175.781250	-55.018207
21178.710938	-54.577993
21181.640625	-54.732330
21184.570312	-55.234357
21187.500000	-54.874812
21190.429688	-55.015090
21193.359375	-55.112681
21196.289062	-54.387331
21199.218750	-54.092217
21202.148438	-54.405519
21205.078125	-55.090978
21208.007812	-56.317466
21210.937500	-56.061234
21213.867188	-55.659332
21216.796875	-55.863606
21219.726562	-55.199513
21222.656250	-54.659254
21225.585938	-54.194777
21228.515625	-53.873023
21231.445312	-54.530990
21234.375000	-54.455386
21237.304688	-55.370402
21240.234375	-55.656767
21243.164062	-54.860397
21246.093750	-54.599493
21249.023438	-55.816314
21251.953125	-54.038020
21254.882812	-54.394223
21257.812500	-53.861957
21260.742188	-54.733818
21263.671875	-54.919492
21266.601562	-55.412323
21269.531250	-55.388387
21272.460938	-54.932511
21275.390625	-54.634529
21278.320312	-55.214174
21281.250000	-55.411475
21284.179688	-56.401752
21287.109375	-56.103681
21290.039062	-55.009785
21292.968750	-53.952187
21295.898438	-54.509910
21298.828125	-55.766266
21301.757812	-55.382588
21304.687500	-54.215970
21307.617188	-54.129782
21310.546875	-53.498893
21313.476562	-54.721292
21316.406250	-55.467876
21319.335938	-54.245175
21322.265625	-53.575553
21325.195312	-54.127559
21328.125000	-54.780161
21331.054688	-54.705977
21333.984375	-54.767377
21336.914062	-54.428163
21339.843750	-53.099033
21342.773438	-53.540438
21345.703125	-54.215815
21348.632812	-54.057052
21351.562500	-54.428877
21354.492188	-54.566007
21357.421875	-54.891458
21360.351562	-55.801632
21363.281250	-55.853958
21366.210938	-54.797868
21369.140625	-53.893179
21372.070312	-54.339280
21375.000000	-55.239878
21377.929688	-54.860844
21380.859375	-54.152769
21383.789062	-54.688025
21386.718750	-55.335224
21389.648438	-54.300389
21392.578125	-54.080945
21395.507812	-55.458547
21398.437500	-55.004005
21401.367188	-54.806283
21404.296875	-54.787061
21407.226562	-54.732106
21410.156250	-55.585969
21413.085938	-54.384674
21416.015625	-55.089330
21418.945312	-54.191568
21421.875000	-53.800763
21424.804688	-54.312672
21427.734375	-54.235331
21430.664062	-54.823485
21433.593750	-54.479058
21436.523438	-53.731245
21439.453125	-53.876908
21442.382812	-54.916227
21445.312500	-54.720815
21448.242188	-55.199369
21451.171875	-55.517609
21454.101562	-54.863749
21457.031250	-54.197651
21459.960938	-54.903945
21462.890625	-55.007214
21465.820312	-54.446398
21468.750000	-53.909074
21471.679688	-53.467293
21474.609375	-54.322733
21477.539062	-55.036618
21480.468750	-54.872870
21483.398438	-55.537791
21486.328125	-55.008609
21489.257812	-54.624637
21492.187500	-55.588345
21495.117188	-55.283350
21498.046875	-55.462253
21500.976562	-55.746800
21503.906250	-54.984162
21506.835938	-53.823001
21509.765625	-53.847713
21512.695312	-54.721579
21515.625000	-54.715162
21518.554688	-55.477351
21521.484375	-54.872758
21524.414062	-54.635504
21527.343750	-54.629807
21530.273438	-54.777960
21533.203125	-54.100010
21536.132812	-53.560534
21539.062500	-54.047738
21541.992188	-54.037894
21544.921875	-53.935804
21547.851562	-54.748051
21550.781250	-55.012503
21553.710938	-55.084713
21556.640625	-54.472312
21559.570312	-54.948996
21562.500000	-54.406688
21565.429688	-54.176822
21568.359375	-54.774921
21571.289062	-54.774626
21574.218750	-54.919269
21577.148438	-54.644530
21580.078125	-53.507539
21583.007812	-53.774743
21585.937500	-54.405660
21588.867188	-54.188747
21591.796875	-53.590446
21594.726562	-53.973787
21597.656250	-54.630026
21600.585938	-54.600723
21603.515625	-55.533840
21606.445312	-54.808893
21609.375000	-55.142477
21612.304688	-55.129878
21615.234375	-54.476539
21618.164062	-53.684904
21621.093750	-53.768070
21624.023438	-53.758047
21626.953125	-53.861888
21629.882812	-53.595156
21632.812500	-54.554047
21635.742188	-54.795795
21638.671875	-54.671992
21641.601562	-53.116794
21644.531250	-53.755269
21647.460938	-54.102147
21650.390625	-54.163252
21653.320312	-54.045163
21656.250000	-53.296829
21659.179688	-53.958652
21662.109375	-54.298368
21665.039062	-54.146106
21667.968750	-53.898458
21670.898438	-55.126597
21673.828125	-54.209510
21676.757812	-54.060486
21679.687500	-54.672140
21682.617188	-54.780591
21685.546875	-55.746564
21688.476562	-54.862709
21691.406250	-53.994462
21694.335938	-54.053110
21697.265625	-55.331801
21700.195312	-55.118358
21703.125000	-55.132244
21706.054688	-54.310333
21708.984375	-54.993253
21711.914062	-55.436299
21714.843750	-54.125779
21717.773438	-54.518255
21720.703125	-53.651863
21723.632812	-54.905819
21726.562500	-55.206120
21729.492188	-54.472101
21732.421875	-54.500351
21735.351562	-55.076361
21738.281250	-55.180481
21741.210938	-55.692590
21744.140625	-55.729790
21747.070312	-54.836064
21750.000000	-53.858399
21752.929688	-53.676765
21755.859375	-54.287427
21758.789062	-55.106567
21761.718750	-54.168620
21764.648438	-54.159033
21767.578125	-53.764888
21770.507812	-54.348215
21773.437500	-54.199475
21776.367188	-54.674732
21779.296875	-55.803957
21782.226562	-55.478178
21785.156250	-55.193729
21788.085938	-55.230210
21791.015625	-54.901299
21793.945312	-54.134337
21796.875000	-54.727117
21799.804688	-55.682220
21802.734375	-54.237253
21805.664062	-53.775994
21808.593750	-55.029188
21811.523438	-55.167589
21814.453125	-55.180863
21817.382812	-55.104724
21820.312500	-55.483656
21823.242188	-55.004321
21826.171875	-54.989216
21829.101562	-54.755750
21832.031250	-54.979996
21834.960938	-55.258395
21837.890625	-55.031990
21840.820312	-54.675631
21843.750000	-54.611431
21846.679688	-54.936861
21849.609375	-54.958153
21852.539062	-55.058777
21855.468750	-53.991729
21858.398438	-54.417543
21861.328125	-54.353586
21864.257812	-53.972484
21867.187500	-54.308509
21870.117188	-54.315496
21873.046875	-54.096138
21875.976562	-54.208850
21878.906250	-55.991675
21881.835938	-55.478787
21884.765625	-54.863508
21887.695312	-54.295295
21890.625000	-54.795087
21893.554688	-54.097604
21896.484375	-54.176410
21899.414062	-54.912825
21902.343750	-54.959293
21905.273438	-54.029835
21908.203125	-53.583565
21911.132812	-53.880311
21914.062500	-54.447113
21916.992188	-55.329836
21919.921875	-56.195502
21922.851562	-56.040090
21925.781250	-53.968243
21928.710938	-54.193243
21931.640625	-54.892012
21934.570312	-55.294410
21937.500000	-55.756455
21940.429688	-56.129624
21943.359375	-54.781811
21946.289062	-54.394835
21949.218750	-54.255552
21952.148438	-54.950404
21955.078125	-54.614795
21958.007812	-54.532560
21960.937500	-55.135443
21963.867188	-55.427926
21966.796875	-54.539670
21969.726562	-54.027383
21972.656250	-54.981730
21975.585938	-54.434140
21978.515625	-54.443909
21981.445312	-54.557584
21984.375000	-54.525951
21987.304688	-54.130365
21990.234375	-55.175932
21993.164062	-55.281036
21996.093750	-54.582303
21999.023438	-53.852041
22001.953125	-54.226672
22004.882812	-54.951208
22007.812500	-54.467322
22010.742188	-53.329442
22013.671875	-54.235036
22016.601562	-54.980816
22019.531250	-53.731166
22022.460938	-53.838837
22025.390625	-54.615884
22028.320312	-53.669194
22031.250000	-53.125910
22034.179688	-53.395416
22037.109375	-53.542534
22040.039062	-53.196101
22042.968750	-54.906031
22045.898438	-55.168816
22048.828125	-54.930186
22051.757812	-55.736782
22054.687500	-55.862462
22057.617188	-55.026938
22060.546875	-53.024904
22063.476562	-52.729132
22066.406250	-54.590247
22069.335938	-54.793769
22072.265625	-54.851065
22075.195312	-55.461938
22078.125000	-54.718753
22081.054688	-54.678503
22083.984375	-54.425617
22086.914062	-53.947725
22089.843750	-54.104070
22092.773438	-54.271379
22095.703125	-55.046714
22098.632812	-55.666405
22101.562500	-54.976755
22104.492188	-54.479661
22107.421875	-53.493316
22110.351562	-54.006358
22113.281250	-55.587838
22116.210938	-55.228695
22119.140625	-55.600020
22122.070312	-54.993740
22125.000000	-54.453571
22127.929688	-54.589473
22130.859375	-54.971007
22133.789062	-55.040241
22136.718750	-53.825335
22139.648438	-53.837857
22142.578125	-54.856967
22145.507812	-54.839269
22148.437500	-54.587541
22151.367188	-54.668212
22154.296875	-54.172533
22157.226562	-54.803583
22160.156250	-54.676158
22163.085938	-54.410630
22166.015625	-55.470341
22168.945312	-54.977973
22171.875000	-54.521157
22174.804688	-54.667763
22177.734375	-54.793740
22180.664062	-54.877478
22183.593750	-56.132921
22186.523438	-54.905682
22189.453125	-53.831772
22192.382812	-54.679010
22195.312500	-54.334904
22198.242188	-54.744200
22201.171875	-55.129075
22204.101562	-54.511119
22207.031250	-55.112492
22209.960938	-55.089159
22212.890625	-55.019864
22215.820312	-55.217429
22218.750000	-55.103696
22221.679688	-55.621368
22224.609375	-55.035493
22227.539062	-54.343559
22230.468750	-54.381194
22233.398438	-53.909638
22236.328125	-53.183259
22239.257812	-54.377891
22242.187500	-54.488790
22245.117188	-54.926650
22248.046875	-55.600642
22250.976562	-55.211694
22253.906250	-54.202875
22256.835938	-54.423671
22259.765625	-54.469282
22262.695312	-53.804683
22265.625000	-53.861554
22268.554688	-54.113527
22271.484375	-54.789628
22274.414062	-55.572069
22277.343750	-55.241865
22280.273438	-55.262280
22283.203125	-54.287872
22286.132812	-55.171699
22289.062500	-54.862898
22291.992188	-54.912567
22294.921875	-55.657461
22297.851562	-54.970768
22300.781250	-54.461166
22303.710938	-54.671819
22306.640625	-55.001132
22309.570312	-54.524609
22312.500000	-54.151973
22315.429688	-54.333927
22318.359375	-54.881033
22321.289062	-55.365173
22324.218750	-55.198621
22327.148438	-55.592281
22330.078125	-55.214320
22333.007812	-54.223392
22335.937500	-54.478277
22338.867188	-54.756959
22341.796875	-54.807839
22344.726562	-54.721179
22347.656250	-53.539074
22350.585938	-53.812421
22353.515625	-55.161335
22356.445312	-55.118582
22359.375000	-53.826935
22362.304688	-54.413282
22365.234375	-54.224538
22368.164062	-54.033031
22371.093750	-54.988869
22374.023438	-54.212015
22376.953125	-53.827529
22379.882812	-54.095995
22382.812500	-53.953314
22385.742188	-54.423874
22388.671875	-54.671510
22391.601562	-54.496515
22394.531250	-54.044704
22397.460938	-53.691075
22400.390625	-53.929966
22403.320312	-54.900372
22406.250000	-55.091780
22409.179688	-54.570825
22412.109375	-54.045548
22415.039062	-55.132465
22417.968750	-55.246499
22420.898438	-54.702576
22423.828125	-54.283832
22426.757812	-54.184025
22429.687500	-54.687584
22432.617188	-56.048761
22435.546875	-55.410054
22438.476562	-56.091672
22441.406250	-54.143088
22444.335938	-54.449366
22447.265625	-55.134230
22450.195312	-54.375378
22453.125000	-54.124127
22456.054688	-54.301017
22458.984375	-53.945029
22461.914062	-53.896598
22464.843750	-55.136997
22467.773438	-54.822822
22470.703125	-53.653069
22473.632812	-54.135757
22476.562500	-54.664043
22479.492188	-55.178592
22482.421875	-55.146262
22485.351562	-55.099623
22488.281250	-54.208730
22491.210938	-53.791444
22494.140625	-54.155005
22497.070312	-54.885726
22500.000000	-54.495167
22502.929688	-54.709699
22505.859375	-55.494840
22508.789062	-55.137040
22511.718750	-55.063835
22514.648438	-55.049690
22517.578125	-55.120739
22520.507812	-55.154866
22523.437500	-54.871744
22526.367188	-53.381070
22529.296875	-53.902389
22532.226562	-54.209538
22535.156250	-54.279160
22538.085938	-54.395444
22541.015625	-54.632563
22543.945312	-55.388531
22546.875000	-54.372134
22549.804688	-54.353714
22552.734375	-53.891207
22555.664062	-53.582925
22558.593750	-53.945100
22561.523438	-53.791565
22564.453125	-53.536884
22567.382812	-54.046288
22570.312500	-53.280805
22573.242188	-54.096004
22576.171875	-54.336621
22579.101562	-55.909452
22582.031250	-55.577078
22584.960938	-54.403762
22587.890625	-54.200452
22590.820312	-54.078426
22593.750000	-54.665691
22596.679688	-55.115925
22599.609375	-54.986132
22602.539062	-54.828633
22605.468750	-55.033823
22608.398438	-55.542794
22611.328125	-54.729743
22614.257812	-54.424713
22617.187500	-54.773203
22620.117188	-54.833737
22623.046875	-54.484013
22625.976562	-54.713156
22628.906250	-54.977787
22631.835938	-54.882897
22634.765625	-55.405932
22637.695312	-55.482602
22640.625000	-54.655100
22643.554688	-54.732186
22646.484375	-54.955966
22649.414062	-53.665104
22652.343750	-54.032870
22655.273438	-53.915997
22658.203125	-53.321458
22661.132812	-53.501257
22664.062500	-53.558918
22666.992188	-53.722665
22669.921875	-54.203123
22672.851562	-54.353271
22675.781250	-54.175313
22678.710938	-54.339843
22681.640625	-54.193576
22684.570312	-54.879515
22687.500000	-55.223754
22690.429688	-54.866277
22693.359375	-55.183213
22696.289062	-54.965739
22699.218750	-55.232241
22702.148438	-56.105191
22705.078125	-54.497997
22708.007812	-53.588874
22710.937500	-54.753284
22713.867188	-54.624977
22716.796875	-54.168419
22719.726562	-54.836626
22722.656250	-56.084347
22725.585938	-54.628723
22728.515625	-55.737943
22731.445312	-56.945728
22734.375000	-55.957545
22737.304688	-54.429983
22740.234375	-53.711808
22743.164062	-53.961625
22746.093750	-54.333151
22749.023438	-54.919547
22751.953125	-54.259572
22754.882812	-55.656962
22757.812500	-54.392540
22760.742188	-53.657077
22763.671875	-54.682540
22766.601562	-55.558397
22769.531250	-55.219657
22772.460938	-54.996929
22775.390625	-54.907198
22778.320312	-54.593585
22781.250000	-54.933655
22784.179688	-54.359209
22787.109375	-53.966388
22790.039062	-53.627225
22792.968750	-54.013061
22795.898438	-54.420027
22798.828125	-54.562314
22801.757812	-54.851614
22804.687500	-53.847719
22807.617188	-54.186587
22810.546875	-54.649284
22813.476562	-54.106202
22816.406250	-53.478740
22819.335938	-54.597354
22822.265625	-55.350688
22825.195312	-54.483254
22828.125000	-54.389004
22831.054688	-54.255195
22833.984375	-55.213743
22836.914062	-55.790810
22839.843750	-55.779490
22842.773438	-55.322659
22845.703125	-55.140030
22848.632812	-54.912866
22851.562500	-55.177971
22854.492188	-55.114764
22857.421875	-54.464747
22860.351562	-54.329291
22863.281250	-54.427298
22866.210938	-55.774118
22869.140625	-55.713810
22872.070312	-55.053642
22875.000000	-54.802503
22877.929688	-55.849747
22880.859375	-54.840571
22883.789062	-54.187087
22886.718750	-54.571195
22889.648438	-54.773577
22892.578125	-55.714826
22895.507812	-54.714003
22898.437500	-54.691460
22901.367188	-53.788797
22904.296875	-53.884099
22907.226562	-54.290802
22910.156250	-54.527784
22913.085938	-54.703195
22916.015625	-54.496528
22918.945312	-54.990450
22921.875000	-54.623228
22924.804688	-53.877057
22927.734375	-54.147563
22930.664062	-54.401672
22933.593750	-54.554721
22936.523438	-54.441807
22939.453125	-54.260232
22942.382812	-54.206978
22945.312500	-53.896472
22948.242188	-54.798007
22951.171875	-54.504898
22954.101562	-54.930340
22957.031250	-54.735882
22959.960938	-54.184802
22962.890625	-54.111151
22965.820312	-54.323652
22968.750000	-55.854542
22971.679688	-54.683783
22974.609375	-54.532432
22977.539062	-55.009124
22980.468750	-54.534163
22983.398438	-54.629613
22986.328125	-54.710324
22989.257812	-54.052814
22992.187500	-54.609781
22995.117188	-55.856390
22998.046875	-55.268166
23000.976562	-54.934320
23003.906250	-54.310896
23006.835938	-54.959009
23009.765625	-55.085201
23012.695312	-54.882701
23015.625000	-54.455174
23018.554688	-55.562085
23021.484375	-54.911590
23024.414062	-55.039678
23027.343750	-53.502522
23030.273438	-52.957227
23033.203125	-53.677669
23036.132812	-54.035319
23039.062500	-54.841659
23041.992188	-55.454877
23044.921875	-55.570261
23047.851562	-55.113160
23050.781250	-55.941985
23053.710938	-54.322194
23056.640625	-54.457621
23059.570312	-55.406146
23062.500000	-55.501897
23065.429688	-54.591177
23068.359375	-54.099776
23071.289062	-54.137428
23074.218750	-53.295961
23077.148438	-53.863030
23080.078125	-55.292019
23083.007812	-55.179395
23085.937500	-55.213030
23088.867188	-54.001946
23091.796875	-54.258996
23094.726562	-54.359146
23097.656250	-53.684726
23100.585938	-53.630664
23103.515625	-53.515832
23106.445312	-53.677841
23109.375000	-53.798789
23112.304688	-53.646706
23115.234375	-54.515486
23118.164062	-55.755509
23121.093750	-54.771507
23124.023438	-54.395902
23126.953125	-54.569166
23129.882812	-54.651876
23132.812500	-55.342260
23135.742188	-54.990584
23138.671875	-54.049244
23141.601562	-54.021770
23144.531250	-53.553857
23147.460938	-55.055119
23150.390625	-54.883448
23153.320312	-54.323911
23156.250000	-55.318539
23159.179688	-54.168017
23162.109375	-54.436536
23165.039062	-54.585573
23167.968750	-54.115776
23170.898438	-54.969269
23173.828125	-54.944678
23176.757812	-55.412536
23179.687500	-55.064249
23182.617188	-53.800499
23185.546875	-54.901395
23188.476562	-54.869543
23191.406250	-54.987226
23194.335938	-55.049595
23197.265625	-55.130297
23200.195312	-55.304837
23203.125000	-55.435351
23206.054688	-54.724911
23208.984375	-54.650999
23211.914062	-55.978708
23214.843750	-55.455767
23217.773438	-54.583163
23220.703125	-55.050421
23223.632812	-55.185974
23226.562500	-54.710331
23229.492188	-53.983246
23232.421875	-53.907688
23235.351562	-54.390490
23238.281250	-54.385892
23241.210938	-54.596407
23244.140625	-55.199322
23247.070312	-55.626425
23250.000000	-54.511306
23252.929688	-54.287151
23255.859375	-54.473024
23258.789062	-54.478691
23261.718750	-56.227967
23264.648438	-55.436759
23267.578125	-55.936197
23270.507812	-54.577230
23273.437500	-53.242794
23276.367188	-53.638921
23279.296875	-53.866179
23282.226562	-55.582133
23285.156250	-56.037999
23288.085938	-54.964033
23291.015625	-53.599965
23293.945312	-53.807430
23296.875000	-54.614387
23299.804688	-54.551005
23302.734375	-54.219097
23305.664062	-53.840559
23308.593750	-54.518781
23311.523438	-54.555461
23314.453125	-54.831852
23317.382812	-54.459164
23320.312500	-56.870846
23323.242188	-56.403346
23326.171875	-54.722439
23329.101562	-53.802416
23332.031250	-54.098798
23334.960938	-54.007630
23337.890625	-54.984222
23340.820312	-55.429296
23343.750000	-55.266359
23346.679688	-55.429077
23349.609375	-54.593408
23352.539062	-53.516654
23355.468750	-54.282767
23358.398438	-54.576622
23361.328125	-53.739977
23364.257812	-54.171660
23367.187500	-54.958716
23370.117188	-55.434421
23373.046875	-54.036518
23375.976562	-54.074235
23378.906250	-54.261497
23381.835938	-54.107598
23384.765625	-54.418490
23387.695312	-54.836646
23390.625000	-54.329931
23393.554688	-54.167833
23396.484375	-55.376301
23399.414062	-55.482439
23402.343750	-54.332992
23405.273438	-54.167591
23408.203125	-54.461205
23411.132812	-54.312053
23414.062500	-54.595128
23416.992188	-55.192521
23419.921875	-55.242543
23422.851562	-54.321504
23425.781250	-54.521896
23428.710938	-54.515372
23431.640625	-55.140349
23434.570312	-54.736347
23437.500000	-55.260871
23440.429688	-54.974438
23443.359375	-54.769504
23446.289062	-55.406203
23449.218750	-55.627162
23452.148438	-55.886955
23455.078125	-56.257681
23458.007812	-55.169066
23460.937500	-54.931047
23463.867188	-54.791296
23466.796875	-54.127613
23469.726562	-54.667606
23472.656250	-54.385577
23475.585938	-54.510477
23478.515625	-54.648614
23481.445312	-54.498954
23484.375000	-54.532397
23487.304688	-53.780066
23490.234375	-54.065897
23493.164062	-55.207582
23496.093750	-54.538654
23499.023438	-53.696503
23501.953125	-53.754216
23504.882812	-54.578744
23507.812500	-55.172261
23510.742188	-54.044337
23513.671875	-54.516304
23516.601562	-53.960918
23519.531250	-54.046683
23522.460938	-54.453108
23525.390625	-54.902128
23528.320312	-55.845181
23531.250000	-55.986814
23534.179688	-55.262594
23537.109375	-54.609298
23540.039062	-54.786835
23542.968750	-54.542073
23545.898438	-54.092246
23548.828125	-54.034762
23551.757812	-54.156114
23554.687500	-54.834432
23557.617188	-55.648921
23560.546875	-55.948376
23563.476562	-54.593380
23566.406250	-54.574407
23569.335938	-54.296118
23572.265625	-54.378507
23575.195312	-53.965174
23578.125000	-54.210630
23581.054688	-55.223395
23583.984375	-54.602153
23586.914062	-55.152898
23589.843750	-55.057835
23592.773438	-55.298860
23595.703125	-54.303103
23598.632812	-54.375204
23601.562500	-55.659637
23604.492188	-55.757591
23607.421875	-54.914406
23610.351562	-54.418836
23613.281250	-54.638446
23616.210938	-54.132456
23619.140625	-53.958902
23622.070312	-54.619014
23625.000000	-54.243554
23627.929688	-55.305892
23630.859375	-55.032747
23633.789062	-55.190304
23636.718750	-53.778487
23639.648438	-53.911139
23642.578125	-53.900651
23645.507812	-53.690383
23648.437500	-54.192443
23651.367188	-55.060194
23654.296875	-54.913715
23657.226562	-56.650003
23660.156250	-54.704268
23663.085938	-53.870768
23666.015625	-54.646826
23668.945312	-53.898485
23671.875000	-53.188603
23674.804688	-53.928668
23677.734375	-54.737013
23680.664062	-54.823671
23683.593750	-54.032514
23686.523438	-54.210707
23689.453125	-53.425128
23692.382812	-53.147522
23695.312500	-53.567012
23698.242188	-54.120985
23701.171875	-54.078890
23704.101562	-54.602932
23707.031250	-54.999659
23709.960938	-54.266763
23712.890625	-53.933715
23715.820312	-55.569809
23718.750000	-55.172824
23721.679688	-54.186138
23724.609375	-54.712439
23727.539062	-55.066853
23730.468750	-54.115353
23733.398438	-54.252807
23736.328125	-55.040838
23739.257812	-54.139212
23742.187500	-53.541573
23745.117188	-54.716241
23748.046875	-54.943800
23750.976562	-54.857098
23753.906250	-54.541027
23756.835938	-54.359297
23759.765625	-54.947327
23762.695312	-54.071780
23765.625000	-54.373361
23768.554688	-55.228281
23771.484375	-55.111277
23774.414062	-55.172136
23777.343750	-55.041434
23780.273438	-55.358687
23783.203125	-54.775283
23786.132812	-53.625806
23789.062500	-53.982120
23791.992188	-53.690833
23794.921875	-54.197859
23797.851562	-54.611936
23800.781250	-54.640629
23803.710938	-54.089805
23806.640625	-54.753064
23809.570312	-55.072094
23812.500000	-54.456760
23815.429688	-54.073877
23818.359375	-54.737030
23821.289062	-55.130966
23824.218750	-54.500209
23827.148438	-54.623007
23830.078125	-55.025484
23833.007812	-54.466643
23835.937500	-54.066428
23838.867188	-54.430854
23841.796875	-54.203336
23844.726562	-55.044732
23847.656250	-55.039550
23850.585938	-55.422390
23853.515625	-54.606182
23856.445312	-54.267499
23859.375000	-54.622000
23862.304688	-55.086404
23865.234375	-54.046742
23868.164062	-54.480871
23871.093750	-54.679465
23874.023438	-54.387703
23876.953125	-53.425247
23879.882812	-53.911874
23882.812500	-55.202139
23885.742188	-55.199700
23888.671875	-54.686264
23891.601562	-53.967027
23894.531250	-54.803429
23897.460938	-54.229921
23900.390625	-55.226540
23903.320312	-54.934469
23906.250000	-54.780116
23909.179688	-54.690492
23912.109375	-54.757810
23915.039062	-54.173332
23917.968750	-54.682138
23920.898438	-54.645767
23923.828125	-55.496777
23926.757812	-56.321903
23929.687500	-55.284629
23932.617188	-55.185376
23935.546875	-55.985074
23938.476562	-56.159148
23941.406250	-54.701055
23944.335938	-54.340161
23947.265625	-55.230674
23950.195312	-55.059504
23953.125000	-54.468460
23956.054688	-54.499041
23958.984375	-55.046653
23961.914062	-55.066325
23964.843750	-53.864659
23967.773438	-54.954111
23970.703125	-54.834826
23973.632812	-55.052598
23976.562500	-54.903465
23979.492188	-54.356080
23982.421875	-55.263053
23985.351562	-55.515074
23988.281250	-55.429280
23991.210938	-55.417576
23994.140625	-54.567835
23997.070312	-54.893891
24000.000000	-55.091155
24002.929688	-54.741125
24005.859375	-54.647864
24008.789062	-55.158905
24011.718750	-54.546016
24014.648438	-55.097463
24017.578125	-55.130580
24020.507812	-54.665460
24023.437500	-53.564160
24026.367188	-54.668263
24029.296875	-54.751749
24032.226562	-54.564365
24035.156250	-54.894914
24038.085938	-54.532021
24041.015625	-55.402384
24043.945312	-55.720912
24046.875000	-55.257297
24049.804688	-53.985712
24052.734375	-53.698601
24055.664062	-54.570324
24058.593750	-53.985259
24061.523438	-54.013390
24064.453125	-54.206797
24067.382812	-54.382321
24070.312500	-54.511417
24073.242188	-54.536789
24076.171875	-55.237450
24079.101562	-55.269412
24082.031250	-55.463191
24084.960938	-55.088142
24087.890625	-54.937121
24090.820312	-54.595909
24093.750000	-54.960769
24096.679688	-55.033233
24099.609375	-54.741780
24102.539062	-54.916406
24105.468750	-55.133227
24108.398438	-54.173651
24111.328125	-53.578811
24114.257812	-54.712309
24117.187500	-54.969556
24120.117188	-54.488776
24123.046875	-54.676410
24125.976562	-55.155303
24128.906250	-55.723559
24131.835938	-54.212082
24134.765625	-53.646687
24137.695312	-53.247920
24140.625000	-53.983425
24143.554688	-54.321889
24146.484375	-55.408106
24149.414062	-54.279776
24152.343750	-54.864427
24155.273438	-55.777547
24158.203125	-55.133199
24161.132812	-55.675958
24164.062500	-55.443000
24166.992188	-54.520752
24169.921875	-55.067847
24172.851562	-54.633543
24175.781250	-54.191412
24178.710938	-54.411864
24181.640625	-53.927352
24184.570312	-53.530677
24187.500000	-54.413271
24190.429688	-55.427926
24193.359375	-55.266990
24196.289062	-54.790530
24199.218750	-54.618882
24202.148438	-54.096399
24205.078125	-54.880081
24208.007812	-54.914160
24210.937500	-54.598010
24213.867188	-54.506185
24216.796875	-55.520726
24219.726562	-55.068815
24222.656250	-54.972851
24225.585938	-55.244807
24228.515625	-54.914385
24231.445312	-55.371520
24234.375000	-54.820819
24237.304688	-54.234991
24240.234375	-54.449465
24243.164062	-54.635043
24246.093750	-54.714919
24249.023438	-54.630815
24251.953125	-55.079725
24254.882812	-54.420577
24257.812500	-54.020907
24260.742188	-53.287105
24263.671875	-54.166814
24266.601562	-55.877046
24269.531250	-55.016221
24272.460938	-54.727410
24275.390625	-55.276958
24278.320312	-55.388381
24281.250000	-54.687670
24284.179688	-54.245780
24287.109375	-55.096830
24290.039062	-54.901280
24292.968750	-55.115431
24295.898438	-55.072345
24298.828125	-54.293422
24301.757812	-53.186860
24304.687500	-53.026560
24307.617188	-54.984699
24310.546875	-54.878427
24313.476562	-54.290848
24316.406250	-54.948771
24319.335938	-54.766549
24322.265625	-55.088737
24325.195312	-55.201204
24328.125000	-54.776448
24331.054688	-54.580271
24333.984375	-53.909180
24336.914062	-53.481894
24339.843750	-54.595709
24342.773438	-54.232503
24345.703125	-54.017327
24348.632812	-54.434386
24351.562500	-54.736712
24354.492188	-54.495558
24357.421875	-55.158560
24360.351562	-55.014840
24363.281250	-54.646538
24366.210938	-54.086158
24369.140625	-54.250728
24372.070312	-54.779499
24375.000000	-54.705952
24377.929688	-54.599421
24380.859375	-54.385261
24383.789062	-55.377127
24386.718750	-54.978416
24389.648438	-54.224725
24392.578125	-54.900284
24395.507812	-54.379691
24398.437500	-54.571932
24401.367188	-54.881915
24404.296875	-54.264162
24407.226562	-54.277765
24410.156250	-54.804269
24413.085938	-53.914932
24416.015625	-54.749166
24418.945312	-54.856910
24421.875000	-54.822343
24424.804688	-54.536628
24427.734375	-55.921156
24430.664062	-55.246733
24433.593750	-54.559471
24436.523438	-54.618126
24439.453125	-55.132710
24442.382812	-55.660487
24445.312500	-54.595035
24448.242188	-53.790307
24451.171875	-54.501276
24454.101562	-55.260594
24457.031250	-54.807778
24459.960938	-55.577395
24462.890625	-55.551000
24465.820312	-55.748056
24468.750000	-54.574526
24471.679688	-55.074422
24474.609375	-54.424264
24477.539062	-55.298861
24480.468750	-54.401369
24483.398438	-54.403669
24486.328125	-54.964266
24489.257812	-54.754131
24492.187500	-54.543389
24495.117188	-54.659335
24498.046875	-54.684283
24500.976562	-54.157463
24503.906250	-54.837371
24506.835938	-54.642627
24509.765625	-54.935592
24512.695312	-54.435035
24515.625000	-54.867597
24518.554688	-55.013413
24521.484375	-54.558675
24524.414062	-55.245507
24527.343750	-55.306254
24530.273438	-55.293982
24533.203125	-55.040778
24536.132812	-55.274678
24539.062500	-55.592034
24541.992188	-55.532383
24544.921875	-54.643481
24547.851562	-53.847482
24550.781250	-53.527442
24553.710938	-55.067153
24556.640625	-55.717711
24559.570312	-54.633368
24562.500000	-54.004208
24565.429688	-54.952617
24568.359375	-54.017636
24571.289062	-53.699654
24574.218750	-53.498710
24577.148438	-53.798549
24580.078125	-53.983731
24583.007812	-54.484462
24585.937500	-54.407114
24588.867188	-55.081309
24591.796875	-54.921379
24594.726562	-55.362457
24597.656250	-55.003491
24600.585938	-53.866520
24603.515625	-53.739283
24606.445312	-54.377486
24609.375000	-54.251986
24612.304688	-55.170469
24615.234375	-54.605846
24618.164062	-54.927924
24621.093750	-54.608776
24624.023438	-53.733411
24626.953125	-54.590679
24629.882812	-54.507921
24632.812500	-54.128669
24635.742188	-53.988130
24638.671875	-55.414174
24641.601562	-55.769951
24644.531250	-54.164478
24647.460938	-54.112419
24650.390625	-54.021170
24653.320312	-54.097920
24656.250000	-54.482798
24659.179688	-54.381009
24662.109375	-54.612359
24665.039062	-55.629923
24667.968750	-54.203482
24670.898438	-54.638699
24673.828125	-54.963059
24676.757812	-55.666770
24679.687500	-54.730471
24682.617188	-55.003017
24685.546875	-55.179023
24688.476562	-55.477410
24691.406250	-57.249663
24694.335938	-55.926445
24697.265625	-54.391129
24700.195312	-54.029271
24703.125000	-53.979876
24706.054688	-54.951343
24708.984375	-55.148569
24711.914062	-55.158632
24714.843750	-55.368255
24717.773438	-54.667875
24720.703125	-54.123715
24723.632812	-54.240233
24726.562500	-54.317909
24729.492188	-54.395689
24732.421875	-54.833284
24735.351562	-55.530992
24738.281250	-54.577634
24741.210938	-54.198236
24744.140625	-55.025529
24747.070312	-55.694057
24750.000000	-55.942023
24752.929688	-54.623233
24755.859375	-53.973252
24758.789062	-53.854540
24761.718750	-55.136227
24764.648438	-54.359034
24767.578125	-54.251831
24770.507812	-54.523409
24773.437500	-55.074934
24776.367188	-54.473087
24779.296875	-53.661067
24782.226562	-53.710252
24785.156250	-53.051467
24788.085938	-54.294008
24791.015625	-54.107927
24793.945312	-53.822034
24796.875000	-55.495491
24799.804688	-55.231828
24802.734375	-55.035428
24805.664062	-54.193436
24808.593750	-55.468749
24811.523438	-56.197405
24814.453125	-55.767268
24817.382812	-55.595957
24820.312500	-54.923722
24823.242188	-54.231203
24826.171875	-54.052549
24829.101562	-54.186468
24832.031250	-55.091212
24834.960938	-53.926311
24837.890625	-53.974084
24840.820312	-54.552931
24843.750000	-54.275052
24846.679688	-54.494271
24849.609375	-55.544213
24852.539062	-55.089036
24855.468750	-54.374855
24858.398438	-54.461437
24861.328125	-55.121164
24864.257812	-55.539340
24867.187500	-56.081572
24870.117188	-54.935059
24873.046875	-54.970437
24875.976562	-54.369941
24878.906250	-54.878297
24881.835938	-55.051611
24884.765625	-54.485446
24887.695312	-55.773504
24890.625000	-55.508180
24893.554688	-54.899941
24896.484375	-54.518890
24899.414062	-54.388713
24902.343750	-53.829422
24905.273438	-54.920239
24908.203125	-55.253993
24911.132812	-54.534815
24914.062500	-55.608509
24916.992188	-54.441339
24919.921875	-54.315459
24922.851562	-54.562764
24925.781250	-55.152560
24928.710938	-55.997445
24931.640625	-55.189699
24934.570312	-55.506008
24937.500000	-54.691178
24940.429688	-54.891403
24943.359375	-54.970885
24946.289062	-54.494678
24949.218750	-53.935620
24952.148438	-54.643369
24955.078125	-54.775888
24958.007812	-55.266736
24960.937500	-55.525106
24963.867188	-55.305698
24966.796875	-54.580645
24969.726562	-54.771486
24972.656250	-55.708520
24975.585938	-54.309203
24978.515625	-54.447158
24981.445312	-54.358882
24984.375000	-54.041108
24987.304688	-54.885247
24990.234375	-55.264811
24993.164062	-54.320276
24996.093750	-53.349905
24999.023438	-54.080279
25001.953125	-55.348164
25004.882812	-54.981924
25007.812500	-54.324407
25010.742188	-53.918200
25013.671875	-53.520693
25016.601562	-53.353310
25019.531250	-53.077017
25022.460938	-53.602181
25025.390625	-53.799737
25028.320312	-53.975387
25031.250000	-54.595497
25034.179688	-54.229690
25037.109375	-53.787337
25040.039062	-54.688659
25042.968750	-55.495911
25045.898438	-55.184725
25048.828125	-54.832683
25051.757812	-54.764002
25054.687500	-54.358436
25057.617188	-54.210870
25060.546875	-55.085484
25063.476562	-54.706849
25066.406250	-54.252411
25069.335938	-54.903783
25072.265625	-55.329405
25075.195312	-56.065842
25078.125000	-55.429421
25081.054688	-53.451118
25083.984375	-54.093038
25086.914062	-54.073085
25089.843750	-54.256933
25092.773438	-54.403275
25095.703125	-54.951572
25098.632812	-56.255789
25101.562500	-54.292475
25104.492188	-54.200133
25107.421875	-54.906853
25110.351562	-54.393337
25113.281250	-54.008349
25116.210938	-54.619550
25119.140625	-55.760584
25122.070312	-55.530072
25125.000000	-54.775955
25127.929688	-54.513504
25130.859375	-54.365843
25133.789062	-54.636093
25136.718750	-53.589093
25139.648438	-54.178531
25142.578125	-54.336474
25145.507812	-53.821982
25148.437500	-53.862560
25151.367188	-55.058304
25154.296875	-54.616180
25157.226562	-55.090571
25160.156250	-54.675597
25163.085938	-54.023457
25166.015625	-53.878064
25168.945312	-54.124190
25171.875000	-54.815992
25174.804688	-54.958744
25177.734375	-54.577582
25180.664062	-55.180342
25183.593750	-55.629050
25186.523438	-54.021954
25189.453125	-53.683040
25192.382812	-54.358150
25195.312500	-53.483168
25198.242188	-53.367030
25201.171875	-54.786710
25204.101562	-55.128604
25207.031250	-55.525038
25209.960938	-54.491263
25212.890625	-54.776423
25215.820312	-54.682650
25218.750000	-55.197885
25221.679688	-54.192756
25224.609375	-55.214677
25227.539062	-55.947619
25230.468750	-54.702766
25233.398438	-55.675407
25236.328125	-54.732167
25239.257812	-54.493845
25242.187500	-55.260505
25245.117188	-54.466890
25248.046875	-54.014089
25250.976562	-54.109107
25253.906250	-54.850264
25256.835938	-55.108768
25259.765625	-55.888520
25262.695312	-56.550577
25265.625000	-55.042074
25268.554688	-54.183494
25271.484375	-54.579290
25274.414062	-54.778803
25277.343750	-54.261007
25280.273438	-54.725501
25283.203125	-54.177965
25286.132812	-54.524833
25289.062500	-55.179431
25291.992188	-54.859867
25294.921875	-55.022757
25297.851562	-54.452648
25300.781250	-54.673579
25303.710938	-54.767036
25306.640625	-53.839731
25309.570312	-53.825321
25312.500000	-54.178044
25315.429688	-54.625180
25318.359375	-54.962785
25321.289062	-54.978290
25324.218750	-55.628546
25327.148438	-54.598547
25330.078125	-54.489219
25333.007812	-54.612305
25335.937500	-55.231694
25338.867188	-54.189643
25341.796875	-53.970606
25344.726562	-53.629623
25347.656250	-54.952455
25350.585938	-55.148554
25353.515625	-56.097746
25356.445312	-56.362704
25359.375000	-55.232408
25362.304688	-54.975425
25365.234375	-55.423026
25368.164062	-54.906681
25371.093750	-54.206123
25374.023438	-55.184137
25376.953125	-55.766061
25379.882812	-54.986952
25382.812500	-55.361895
25385.742188	-54.218571
25388.671875	-54.380844
25391.601562	-56.062902
25394.531250	-54.947388
25397.460938	-54.461555
25400.390625	-54.606687
25403.320312	-56.205425
25406.250000	-55.718668
25409.179688	-54.258694
25412.109375	-53.722839
25415.039062	-53.779595
25417.968750	-53.752683
25420.898438	-54.900706
25423.828125	-55.491114
25426.757812	-54.386651
25429.687500	-54.782779
25432.617188	-55.096585
25435.546875	-54.842299
25438.476562	-53.891153
25441.406250	-54.326500
25444.335938	-55.206598
25447.265625	-55.263701
25450.195312	-54.568256
25453.125000	-54.294864
25456.054688	-55.174972
25458.984375	-55.617838
25461.914062	-55.699259
25464.843750	-54.178933
25467.773438	-54.331794
25470.703125	-55.142945
25473.632812	-55.338041
25476.562500	-54.335518
25479.492188	-55.454283
25482.421875	-54.682432
25485.351562	-54.077583
25488.281250	-54.199659
25491.210938	-54.532717
25494.140625	-54.010393
25497.070312	-53.892600
25500.000000	-53.710918
25502.929688	-55.196459
25505.859375	-55.262066
25508.789062	-53.596699
25511.718750	-53.319369
25514.648438	-53.838770
25517.578125	-54.035236
25520.507812	-54.699979
25523.437500	-54.009951
25526.367188	-54.498512
25529.296875	-53.775054
25532.226562	-54.324759
25535.156250	-54.878556
25538.085938	-54.153320
25541.015625	-54.608787
25543.945312	-55.660315
25546.875000	-55.234908
25549.804688	-54.581083
25552.734375	-54.831616
25555.664062	-54.312296
25558.593750	-55.214973
25561.523438	-55.710202
25564.453125	-54.153829
25567.382812	-53.287381
25570.312500	-54.344458
25573.242188	-54.634972
25576.171875	-55.036086
25579.101562	-54.803460
25582.031250	-55.430796
25584.960938	-55.898021
25587.890625	-54.636282
25590.820312	-54.987172
25593.750000	-54.154709
25596.679688	-53.411823
25599.609375	-53.168855
25602.539062	-53.821188
25605.468750	-54.824144
25608.398438	-54.716553
25611.328125	-53.723648
25614.257812	-53.250408
25617.187500	-53.437500
25620.117188	-54.982238
25623.046875	-54.626563
25625.976562	-54.445225
25628.906250	-54.464375
25631.835938	-54.990132
25634.765625	-54.056979
25637.695312	-53.839631
25640.625000	-55.555412
25643.554688	-55.491462
25646.484375	-56.117308
25649.414062	-55.099080
25652.343750	-55.384094
25655.273438	-55.580462
25658.203125	-54.814079
25661.132812	-54.632368
25664.062500	-55.161954
25666.992188	-56.410658
25669.921875	-55.247198
25672.851562	-54.467376
25675.781250	-54.487913
25678.710938	-54.058993
25681.640625	-54.868710
25684.570312	-55.540315
25687.500000	-55.519326
25690.429688	-54.534672
25693.359375	-54.888225
25696.289062	-55.003006
25699.218750	-55.131304
25702.148438	-55.727095
25705.078125	-55.383315
25708.007812	-54.260516
25710.937500	-53.739406
25713.867188	-52.733993
25716.796875	-52.985450
25719.726562	-54.472054
25722.656250	-54.353085
25725.585938	-53.934039
25728.515625	-54.076735
25731.445312	-54.555744
25734.375000	-55.182888
25737.304688	-54.142083
25740.234375	-53.190012
25743.164062	-53.795002
25746.093750	-54.573796
25749.023438	-54.952627
25751.953125	-55.576268
25754.882812	-54.946080
25757.812500	-55.337358
25760.742188	-55.188664
25763.671875	-55.040240
25766.601562	-54.361017
25769.531250	-54.256140
25772.460938	-54.061170
25775.390625	-54.103367
25778.320312	-54.227945
25781.250000	-54.980199
25784.179688	-54.811239
25787.109375	-53.512881
25790.039062	-53.254019
25792.968750	-53.827602
25795.898438	-54.770083
25798.828125	-55.840220
25801.757812	-55.684956
25804.687500	-55.744617
25807.617188	-55.189366
25810.546875	-54.593558
25813.476562	-54.242750
25816.406250	-53.822554
25819.335938	-53.397430
25822.265625	-55.150736
25825.195312	-55.350484
25828.125000	-53.688031
25831.054688	-53.512598
25833.984375	-53.326612
25836.914062	-53.831154
25839.843750	-54.960070
25842.773438	-54.493484
25845.703125	-54.747642
25848.632812	-54.746194
25851.562500	-54.151548
25854.492188	-53.941889
25857.421875	-55.302274
25860.351562	-54.212029
25863.281250	-53.931112
25866.210938	-54.229517
25869.140625	-54.451541
25872.070312	-54.621873
25875.000000	-55.156143
25877.929688	-54.292427
25880.859375	-54.746137
25883.789062	-55.445487
25886.718750	-54.888792
25889.648438	-54.511056
25892.578125	-55.073761
25895.507812	-55.057913
25898.437500	-55.288308
25901.367188	-55.285460
25904.296875	-54.349097
25907.226562	-54.226762
25910.156250	-54.826458
25913.085938	-55.098306
25916.015625	-55.702820
25918.945312	-54.794594
25921.875000	-54.436109
25924.804688	-54.556611
25927.734375	-54.358411
25930.664062	-53.735749
25933.593750	-53.872525
25936.523438	-55.056791
25939.453125	-55.099099
25942.382812	-55.392944
25945.312500	-55.524655
25948.242188	-55.321774
25951.171875	-53.759809
25954.101562	-54.073789
25957.031250	-54.340271
25959.960938	-53.859133
25962.890625	-53.828822
25965.820312	-54.908084
25968.750000	-55.118057
25971.679688	-55.102422
25974.609375	-54.939825
25977.539062	-54.181521
25980.468750	-54.158761
25983.398438	-55.009838
25986.328125	-55.015722
25989.257812	-55.433315
25992.187500	-55.226052
25995.117188	-55.002230
25998.046875	-54.302929
26000.976562	-54.588704
26003.906250	-54.229331
26006.835938	-53.843533
26009.765625	-54.836693
26012.695312	-54.429823
26015.625000	-54.732017
26018.554688	-54.076846
26021.484375	-55.135359
26024.414062	-54.667539
26027.343750	-54.931858
26030.273438	-54.356685
26033.203125	-54.101436
26036.132812	-55.292367
26039.062500	-55.910818
26041.992188	-55.421064
26044.921875	-54.891015
26047.851562	-55.312765
26050.781250	-54.554442
26053.710938	-54.109755
26056.640625	-54.703786
26059.570312	-54.640984
26062.500000	-54.857522
26065.429688	-55.738517
26068.359375	-55.382841
26071.289062	-54.495898
26074.218750	-53.510199
26077.148438	-53.572049
26080.078125	-53.697844
26083.007812	-54.257649
26085.937500	-54.526972
26088.867188	-54.928942
26091.796875	-53.700015
26094.726562	-54.329518
26097.656250	-54.344458
26100.585938	-53.841974
26103.515625	-53.750310
26106.445312	-53.360371
26109.375000	-53.373206
26112.304688	-54.772593
26115.234375	-55.033527
26118.164062	-54.500932
26121.093750	-54.965568
26124.023438	-54.043494
26126.953125	-54.085128
26129.882812	-55.116578
26132.812500	-55.838513
26135.742188	-55.214695
26138.671875	-54.357459
26141.601562	-54.202192
26144.531250	-54.817821
26147.460938	-54.337508
26150.390625	-54.384352
26153.320312	-54.344268
26156.250000	-54.368881
26159.179688	-54.603837
26162.109375	-55.297821
26165.039062	-55.448046
26167.968750	-55.663304
26170.898438	-54.660638
26173.828125	-54.849102
26176.757812	-55.581965
26179.687500	-55.999365
26182.617188	-55.068586
26185.546875	-54.173580
26188.476562	-54.146303
26191.406250	-54.452501
26194.335938	-54.972943
26197.265625	-55.635239
26200.195312	-55.949052
26203.125000	-55.473431
26206.054688	-54.925931
26208.984375	-54.848796
26211.914062	-54.151365
26214.843750	-54.629440
26217.773438	-55.921052
26220.703125	-54.842596
26223.632812	-55.148553
26226.562500	-55.139057
26229.492188	-55.597940
26232.421875	-55.679534
26235.351562	-54.998464
26238.281250	-56.028635
26241.210938	-55.983185
26244.140625	-55.474271
26247.070312	-54.270325
26250.000000	-54.605454
26252.929688	-55.770061
26255.859375	-55.680163
26258.789062	-54.238098
26261.718750	-53.582903
26264.648438	-54.943630
26267.578125	-55.079264
26270.507812	-54.462292
26273.437500	-54.427284
26276.367188	-54.491725
26279.296875	-54.957930
26282.226562	-53.987762
26285.156250	-54.237727
26288.085938	-54.360063
26291.015625	-54.505078
26293.945312	-54.301244
26296.875000	-54.608190
26299.804688	-54.669074
26302.734375	-54.302500
26305.664062	-55.890293
26308.593750	-55.600133
26311.523438	-55.258513
26314.453125	-55.478007
26317.382812	-55.269162
26320.312500	-54.828896
26323.242188	-53.542576
26326.171875	-53.877344
26329.101562	-54.260021
26332.031250	-54.902347
26334.960938	-55.120277
26337.890625	-55.652342
26340.820312	-55.657565
26343.750000	-53.888075
26346.679688	-54.736897
26349.609375	-54.299025
26352.539062	-54.057020
26355.468750	-54.062350
26358.398438	-54.413315
26361.328125	-54.232045
26364.257812	-54.127245
26367.187500	-55.494395
26370.117188	-54.959853
26373.046875	-54.268283
26375.976562	-54.684809
26378.906250	-54.895937
26381.835938	-55.721002
26384.765625	-55.667620
26387.695312	-55.229758
26390.625000	-55.257271
26393.554688	-57.343801
26396.484375	-55.183396
26399.414062	-54.452086
26402.343750	-54.509629
26405.273438	-55.203121
26408.203125	-54.938309
26411.132812	-54.365395
26414.062500	-53.874074
26416.992188	-54.204967
26419.921875	-54.744062
26422.851562	-55.078134
26425.781250	-54.569784
26428.710938	-53.648195
26431.640625	-54.101785
26434.570312	-54.841551
26437.500000	-54.715828
26440.429688	-54.801702
26443.359375	-54.609543
26446.289062	-53.552541
26449.218750	-53.518412
26452.148438	-54.091060
26455.078125	-54.440260
26458.007812	-54.557168
26460.937500	-54.976319
26463.867188	-54.757011
26466.796875	-53.797703
26469.726562	-54.403695
26472.656250	-55.638574
26475.585938	-56.112016
26478.515625	-55.489234
26481.445312	-54.585454
26484.375000	-54.088073
26487.304688	-54.079706
26490.234375	-54.164140
26493.164062	-54.273033
26496.093750	-54.030862
26499.023438	-54.014236
26501.953125	-54.705004
26504.882812	-53.477420
26507.812500	-53.840330
26510.742188	-54.599226
26513.671875	-54.356300
26516.601562	-54.805384
26519.531250	-55.335516
26522.460938	-55.298404
26525.390625	-55.048599
26528.320312	-55.108827
26531.250000	-54.161683
26534.179688	-54.483554
26537.109375	-54.128590
26540.039062	-53.603333
26542.968750	-53.870368
26545.898438	-55.052077
26548.828125	-54.996168
26551.757812	-55.426510
26554.687500	-54.329056
26557.617188	-53.951668
26560.546875	-54.863091
26563.476562	-54.444521
26566.406250	-54.307734
26569.335938	-55.066619
26572.265625	-55.462285
26575.195312	-54.047331
26578.125000	-54.032364
26581.054688	-54.177303
26583.984375	-55.153084
26586.914062	-55.792828
26589.843750	-54.513636
26592.773438	-54.341350
26595.703125	-54.477983
26598.632812	-54.913260
26601.562500	-55.954288
26604.492188	-55.041441
26607.421875	-55.110813
26610.351562	-54.826275
26613.281250	-55.499776
26616.210938	-55.423412
26619.140625	-54.682272
26622.070312	-54.352202
26625.000000	-55.301510
26627.929688	-55.232668
26630.859375	-55.019044
26633.789062	-55.190421
26636.718750	-54.009458
26639.648438	-53.539307
26642.578125	-54.731906
26645.507812	-56.068124
26648.437500	-55.868554
26651.367188	-54.147372
26654.296875	-53.638671
26657.226562	-54.258967
26660.156250	-53.748491
26663.085938	-53.606166
26666.015625	-54.612964
26668.945312	-55.319795
26671.875000	-55.544872
26674.804688	-55.226578
26677.734375	-56.157640
26680.664062	-54.220899
26683.593750	-53.968241
26686.523438	-54.533082
26689.453125	-54.096422
26692.382812	-53.769798
26695.312500	-55.241874
26698.242188	-55.396875
26701.171875	-54.611307
26704.101562	-54.619855
26707.031250	-55.101978
26709.960938	-54.331168
26712.890625	-54.978086
26715.820312	-54.908037
26718.750000	-54.646997
26721.679688	-54.348717
26724.609375	-54.560046
26727.539062	-55.088437
26730.468750	-55.483405
26733.398438	-54.929303
26736.328125	-54.760548
26739.257812	-54.220040
26742.187500	-55.863001
26745.117188	-54.482401
26748.046875	-54.364044
26750.976562	-54.592795
26753.906250	-54.215958
26756.835938	-53.941664
26759.765625	-54.349601
26762.695312	-55.153103
26765.625000	-54.356306
26768.554688	-53.936308
26771.484375	-54.901926
26774.414062	-54.719395
26777.343750	-55.159146
26780.273438	-54.335826
26783.203125	-54.034135
26786.132812	-54.545987
26789.062500	-55.072480
26791.992188	-55.173861
26794.921875	-55.030369
26797.851562	-55.229134
26800.781250	-55.712350
26803.710938	-54.704664
26806.640625	-53.996279
26809.570312	-54.661671
26812.500000	-54.750254
26815.429688	-55.123956
26818.359375	-55.426475
26821.289062	-54.495421
26824.218750	-54.015756
26827.148438	-54.894585
26830.078125	-55.433961
26833.007812	-56.382472
26835.937500	-56.095295
26838.867188	-56.181077
26841.796875	-54.999045
26844.726562	-55.307425
26847.656250	-54.824204
26850.585938	-54.398482
26853.515625	-55.015528
26856.445312	-55.446974
26859.375000	-54.533252
26862.304688	-55.114154
26865.234375	-55.575361
26868.164062	-54.747857
26871.093750	-53.842638
26874.023438	-54.310095
26876.953125	-54.908411
26879.882812	-54.837453
26882.812500	-55.580940
26885.742188	-55.254307
26888.671875	-54.361472
26891.601562	-54.603072
26894.531250	-54.688641
26897.460938	-54.814736
26900.390625	-55.970491
26903.320312	-54.805661
26906.250000	-54.237395
26909.179688	-55.116700
26912.109375	-54.502521
26915.039062	-53.672174
26917.968750	-53.984308
26920.898438	-54.580229
26923.828125	-54.476090
26926.757812	-54.107767
26929.687500	-54.308569
26932.617188	-54.560938
26935.546875	-55.975111
26938.476562	-55.620477
26941.406250	-56.340828
26944.335938	-55.188401
26947.265625	-54.737934
26950.195312	-53.423256
26953.125000	-54.367481
26956.054688	-54.318366
26958.984375	-54.779440
26961.914062	-54.468600
26964.843750	-54.295697
26967.773438	-54.745585
26970.703125	-54.441017
26973.632812	-54.101765
26976.562500	-54.386926
26979.492188	-54.547122
26982.421875	-54.479980
26985.351562	-55.606127
26988.281250	-54.159374
26991.210938	-54.651586
26994.140625	-55.580295
26997.070312	-54.666290
27000.000000	-54.616341
27002.929688	-55.346772
27005.859375	-54.598909
27008.789062	-55.375372
27011.718750	-54.711766
27014.648438	-54.420929
27017.578125	-53.706499
27020.507812	-54.644378
27023.437500	-55.589238
27026.367188	-54.724704
27029.296875	-55.112500
27032.226562	-55.147406
27035.156250	-54.767711
27038.085938	-54.796986
27041.015625	-54.359189
27043.945312	-55.032293
27046.875000	-55.302629
27049.804688	-54.769259
27052.734375	-53.841355
27055.664062	-54.640922
27058.593750	-55.052940
27061.523438	-54.704302
27064.453125	-54.449093
27067.382812	-54.931629
27070.312500	-54.782547
27073.242188	-54.726066
27076.171875	-55.213885
27079.101562	-54.493993
27082.031250	-54.104488
27084.960938	-54.652205
27087.890625	-54.044069
27090.820312	-53.597856
27093.750000	-54.061907
27096.679688	-54.985013
27099.609375	-55.475143
27102.539062	-54.682058
27105.468750	-54.206602
27108.398438	-54.899857
27111.328125	-54.989305
27114.257812	-54.887127
27117.187500	-54.249032
27120.117188	-54.149337
27123.046875	-54.600272
27125.976562	-54.132369
27128.906250	-54.452304
27131.835938	-54.248167
27134.765625	-54.889069
27137.695312	-55.623903
27140.625000	-54.871138
27143.554688	-54.755803
27146.484375	-54.727617
27149.414062	-54.729220
27152.343750	-54.389872
27155.273438	-54.649365
27158.203125	-55.536648
27161.132812	-54.238243
27164.062500	-54.220303
27166.992188	-55.097547
27169.921875	-53.903467
27172.851562	-54.369584
27175.781250	-54.539829
27178.710938	-53.651139
27181.640625	-53.795038
27184.570312	-53.864180
27187.500000	-54.107460
27190.429688	-54.216277
27193.359375	-53.958999
27196.289062	-53.989275
27199.218750	-53.935253
27202.148438	-53.714079
27205.078125	-53.698080
27208.007812	-54.043604
27210.937500	-53.901797
27213.867188	-54.789074
27216.796875	-55.297667
27219.726562	-55.752012
27222.656250	-54.315872
27225.585938	-54.818136
27228.515625	-54.559596
27231.445312	-54.922360
27234.375000	-55.070212
27237.304688	-54.959620
27240.234375	-53.913089
27243.164062	-54.182999
27246.093750	-54.291827
27249.023438	-53.729518
27251.953125	-54.701726
27254.882812	-55.288730
27257.812500	-54.750657
27260.742188	-55.145389
27263.671875	-54.372485
27266.601562	-53.762993
27269.531250	-54.109725
27272.460938	-54.777220
27275.390625	-54.128616
27278.320312	-53.974759
27281.250000	-54.782238
27284.179688	-54.353783
27287.109375	-54.847786
27290.039062	-55.498344
27292.968750	-54.286311
27295.898438	-54.040136
27298.828125	-53.885577
27301.757812	-53.929002
27304.687500	-54.362220
27307.617188	-55.025227
27310.546875	-54.113715
27313.476562	-53.868883
27316.406250	-54.586037
27319.335938	-54.934839
27322.265625	-54.526056
27325.195312	-55.369306
27328.125000	-55.180350
27331.054688	-55.705099
27333.984375	-55.464072
27336.914062	-54.668099
27339.843750	-54.239293
27342.773438	-54.420362
27345.703125	-54.491223
27348.632812	-54.973004
27351.562500	-54.942123
27354.492188	-54.819905
27357.421875	-55.545397
27360.351562	-55.551728
27363.281250	-55.458722
27366.210938	-55.364277
27369.140625	-54.343683
27372.070312	-54.856536
27375.000000	-55.290673
27377.929688	-53.471751
27380.859375	-53.958399
27383.789062	-55.274081
27386.718750	-55.046044
27389.648438	-54.983984
27392.578125	-54.160166
27395.507812	-54.989633
27398.437500	-54.052452
27401.367188	-54.871587
27404.296875	-56.193931
27407.226562	-55.384866
27410.156250	-54.062487
27413.085938	-55.148174
27416.015625	-55.009516
27418.945312	-54.967240
27421.875000	-55.113885
27424.804688	-55.137636
27427.734375	-54.489679
27430.664062	-55.116013
27433.593750	-55.112334
27436.523438	-54.678473
27439.453125	-54.391260
27442.382812	-54.471532
27445.312500	-54.272063
27448.242188	-55.605640
27451.171875	-55.157772
27454.101562	-55.234021
27457.031250	-55.753397
27459.960938	-54.730755
27462.890625	-54.417319
27465.820312	-54.910031
27468.750000	-54.323915
27471.679688	-54.601181
27474.609375	-55.541211
27477.539062	-55.842217
27480.468750	-55.162651
27483.398438	-55.112313
27486.328125	-55.351196
27489.257812	-55.861190
27492.187500	-54.464556
27495.117188	-54.182490
27498.046875	-54.315469
27500.976562	-54.469273
27503.906250	-55.522684
27506.835938	-54.694040
27509.765625	-56.012563
27512.695312	-54.454188
27515.625000	-54.150488
27518.554688	-54.052150
27521.484375	-54.906415
27524.414062	-55.301804
27527.343750	-54.620423
27530.273438	-54.256682
27533.203125	-55.420484
27536.132812	-54.134309
27539.062500	-55.507589
27541.992188	-55.537067
27544.921875	-54.131855
27547.851562	-53.816866
27550.781250	-53.743311
27553.710938	-55.984483
27556.640625	-55.305861
27559.570312	-55.160787
27562.500000	-54.617002
27565.429688	-55.670500
27568.359375	-55.519806
27571.289062	-55.278687
27574.218750	-54.942107
27577.148438	-55.203716
27580.078125	-55.072068
27583.007812	-54.203726
27585.937500	-54.032427
27588.867188	-54.837039
27591.796875	-55.385460
27594.726562	-55.626576
27597.656250	-55.189000
27600.585938	-55.190442
27603.515625	-54.643497
27606.445312	-55.032198
27609.375000	-54.658130
27612.304688	-54.495025
27615.234375	-55.119195
27618.164062	-55.417033
27621.093750	-54.478700
27624.023438	-54.868275
27626.953125	-54.707683
27629.882812	-54.417077
27632.812500	-54.869694
27635.742188	-55.375274
27638.671875	-54.754719
27641.601562	-54.337684
27644.531250	-54.515994
27647.460938	-54.381002
27650.390625	-53.597961
27653.320312	-55.140377
27656.250000	-54.753601
27659.179688	-54.954808
27662.109375	-54.760579
27665.039062	-55.647829
27667.968750	-56.219891
27670.898438	-55.297956
27673.828125	-54.640872
27676.757812	-55.134714
27679.687500	-54.362576
27682.617188	-54.145374
27685.546875	-53.963945
27688.476562	-54.907242
27691.406250	-55.254105
27694.335938	-54.905218
27697.265625	-54.241502
27700.195312	-54.720249
27703.125000	-53.985616
27706.054688	-53.885636
27708.984375	-55.512214
27711.914062	-55.154216
27714.843750	-54.447002
27717.773438	-54.993758
27720.703125	-55.219023
27723.632812	-55.722483
27726.562500	-54.812308
27729.492188	-54.177924
27732.421875	-54.968589
27735.351562	-55.273912
27738.281250	-54.848177
27741.210938	-54.286230
27744.140625	-54.534022
27747.070312	-53.991225
27750.000000	-53.908400
27752.929688	-54.725950
27755.859375	-55.276440
27758.789062	-54.048087
27761.718750	-55.391159
27764.648438	-55.019799
27767.578125	-54.774508
27770.507812	-54.289748
27773.437500	-53.978319
27776.367188	-54.361362
27779.296875	-54.185197
27782.226562	-55.009863
27785.156250	-54.443481
27788.085938	-53.455556
27791.015625	-53.536803
27793.945312	-54.349571
27796.875000	-55.493547
27799.804688	-55.195852
27802.734375	-54.729652
27805.664062	-55.062418
27808.593750	-54.508038
27811.523438	-53.625905
27814.453125	-54.931646
27817.382812	-54.387916
27820.312500	-54.247209
27823.242188	-54.758641
27826.171875	-54.646324
27829.101562	-53.750735
27832.031250	-54.470347
27834.960938	-53.933843
27837.890625	-54.067220
27840.820312	-55.982140
27843.750000	-55.466510
27846.679688	-54.244753
27849.609375	-54.399177
27852.539062	-54.309877
27855.468750	-54.096220
27858.398438	-54.374857
27861.328125	-55.167941
27864.257812	-54.885825
27867.187500	-54.556311
27870.117188	-55.128040
27873.046875	-54.537770
27875.976562	-54.217142
27878.906250	-54.147965
27881.835938	-55.076980
27884.765625	-54.818231
27887.695312	-54.228948
27890.625000	-54.893336
27893.554688	-55.364937
27896.484375	-55.169391
27899.414062	-55.882015
27902.343750	-56.789963
27905.273438	-55.473616
27908.203125	-54.442093
27911.132812	-54.801571
27914.062500	-53.649285
27916.992188	-53.836637
27919.921875	-54.127374
27922.851562	-55.594878
27925.781250	-55.423388
27928.710938	-55.189624
27931.640625	-54.653682
27934.570312	-53.751617
27937.500000	-54.528048
27940.429688	-54.305064
27943.359375	-55.032265
27946.289062	-55.051093
27949.218750	-55.080840
27952.148438	-54.691780
27955.078125	-55.183245
27958.007812	-55.013870
27960.937500	-55.806992
27963.867188	-54.103856
27966.796875	-53.545913
27969.726562	-54.307932
27972.656250	-54.141351
27975.585938	-54.762486
27978.515625	-54.570275
27981.445312	-55.433986
27984.375000	-55.571150
27987.304688	-54.094796
27990.234375	-53.488493
27993.164062	-53.938483
27996.093750	-54.603599
27999.023438	-54.252467
28001.953125	-54.839959
28004.882812	-55.049059
28007.812500	-54.672277
28010.742188	-54.490075
28013.671875	-54.748225
28016.601562	-55.392012
28019.531250	-55.473365
28022.460938	-55.028007
28025.390625	-55.393535
28028.320312	-55.134768
28031.250000	-55.617477
28034.179688	-55.514253
28037.109375	-54.195491
28040.039062	-53.943574
28042.968750	-54.804163
28045.898438	-55.766202
28048.828125	-54.819632
28051.757812	-54.471430
28054.687500	-54.758343
28057.617188	-54.579742
28060.546875	-54.986122
28063.476562	-54.682635
28066.406250	-54.504814
28069.335938	-54.379420
28072.265625	-55.402259
28075.195312	-55.653057
28078.125000	-54.937644
28081.054688	-53.934702
28083.984375	-53.724625
28086.914062	-53.958935
28089.843750	-54.066746
28092.773438	-54.609874
28095.703125	-54.676161
28098.632812	-54.663416
28101.562500	-53.876268
28104.492188	-54.052854
28107.421875	-55.837680
28110.351562	-54.605768
28113.281250	-54.750187
28116.210938	-54.558426
28119.140625	-54.089904
28122.070312	-54.414238
28125.000000	-54.920201
28127.929688	-54.345825
28130.859375	-54.177399
28133.789062	-53.959908
28136.718750	-54.575294
28139.648438	-56.041890
28142.578125	-55.338135
28145.507812	-55.292265
28148.437500	-54.705189
28151.367188	-53.699564
28154.296875	-54.290050
28157.226562	-54.694805
28160.156250	-54.088279
28163.085938	-53.636632
28166.015625	-54.934296
28168.945312	-54.495819
28171.875000	-55.376581
28174.804688	-55.289169
28177.734375	-55.540167
28180.664062	-55.256903
28183.593750	-54.981397
28186.523438	-54.497145
28189.453125	-54.125753
28192.382812	-54.489954
28195.312500	-55.054675
28198.242188	-55.744999
28201.171875	-55.071243
28204.101562	-54.512846
28207.031250	-54.394019
28209.960938	-54.435064
28212.890625	-54.451193
28215.820312	-54.393224
28218.750000	-54.290713
28221.679688	-53.315374
28224.609375	-53.722660
28227.539062	-54.671476
28230.468750	-55.259495
28233.398438	-55.382287
28236.328125	-54.407183
28239.257812	-53.316291
28242.187500	-53.491929
28245.117188	-53.600607
28248.046875	-55.191169
28250.976562	-55.207415
28253.906250	-55.712369
28256.835938	-55.138331
28259.765625	-54.978165
28262.695312	-54.421263
28265.625000	-53.371042
28268.554688	-53.502286
28271.484375	-54.963387
28274.414062	-53.730025
28277.343750	-53.921066
28280.273438	-54.547890
28283.203125	-55.149139
28286.132812	-55.613393
28289.062500	-55.034571
28291.992188	-55.213991
28294.921875	-55.149552
28297.851562	-55.080286
28300.781250	-54.850181
28303.710938	-54.476355
28306.640625	-55.505395
28309.570312	-56.341851
28312.500000	-55.079994
28315.429688	-53.877415
28318.359375	-54.779540
28321.289062	-54.486686
28324.218750	-54.759198
28327.148438	-54.079528
28330.078125	-53.990889
28333.007812	-54.869312
28335.937500	-54.280608
28338.867188	-54.478707
28341.796875	-54.589033
28344.726562	-54.869529
28347.656250	-54.922280
28350.585938	-54.968982
28353.515625	-54.106513
28356.445312	-53.641044
28359.375000	-54.327360
28362.304688	-54.979133
28365.234375	-54.535112
28368.164062	-54.428509
28371.093750	-55.571593
28374.023438	-54.069991
28376.953125	-54.377560
28379.882812	-55.405194
28382.812500	-55.449326
28385.742188	-55.127389
28388.671875	-54.641586
28391.601562	-55.389181
28394.531250	-54.703708
28397.460938	-54.025342
28400.390625	-54.594041
28403.320312	-55.894953
28406.250000	-56.210022
28409.179688	-55.391070
28412.109375	-55.689023
28415.039062	-56.662525
28417.968750	-55.098857
28420.898438	-54.084478
28423.828125	-54.255690
28426.757812	-54.415573
28429.687500	-54.389215
28432.617188	-54.987035
28435.546875	-56.252735
28438.476562	-54.411956
28441.406250	-54.221932
28444.335938	-53.605581
28447.265625	-54.265041
28450.195312	-56.052771
28453.125000	-54.817049
28456.054688	-54.769339
28458.984375	-54.714250
28461.914062	-54.387065
28464.843750	-54.393826
28467.773438	-55.591336
28470.703125	-55.598329
28473.632812	-54.086013
28476.562500	-53.654359
28479.492188	-54.034786
28482.421875	-53.726711
28485.351562	-54.334181
28488.281250	-54.057228
28491.210938	-53.925908
28494.140625	-54.697208
28497.070312	-54.841216
28500.000000	-54.150961
28502.929688	-53.815292
28505.859375	-55.976370
28508.789062	-54.991655
28511.718750	-54.629489
28514.648438	-55.063329
28517.578125	-54.880639
28520.507812	-54.115853
28523.437500	-54.749030
28526.367188	-54.056233
28529.296875	-54.303629
28532.226562	-54.686312
28535.156250	-55.089909
28538.085938	-55.101967
28541.015625	-55.002622
28543.945312	-54.209586
28546.875000	-54.917924
28549.804688	-55.677255
28552.734375	-54.234006
28555.664062	-54.214089
28558.593750	-55.005979
28561.523438	-56.238904
28564.453125	-55.573545
28567.382812	-55.057004
28570.312500	-53.784465
28573.242188	-53.094063
28576.171875	-54.034814
28579.101562	-53.801694
28582.031250	-53.322317
28584.960938	-54.316423
28587.890625	-53.842340
28590.820312	-53.661990
28593.750000	-53.941900
28596.679688	-54.813975
28599.609375	-56.487476
28602.539062	-55.227284
28605.468750	-54.676920
28608.398438	-54.628147
28611.328125	-55.249609
28614.257812	-55.138681
28617.187500	-53.578573
28620.117188	-54.466217
28623.046875	-54.898861
28625.976562	-53.930411
28628.906250	-54.339025
28631.835938	-54.577968
28634.765625	-54.807749
28637.695312	-55.375577
28640.625000	-54.952812
28643.554688	-54.545068
28646.484375	-54.758544
28649.414062	-54.951157
28652.343750	-55.298463
28655.273438	-54.386387
28658.203125	-54.118390
28661.132812	-54.780863
28664.062500	-54.839488
28666.992188	-54.685550
28669.921875	-55.432823
28672.851562	-55.855936
28675.781250	-54.301366
28678.710938	-54.002292
28681.640625	-54.746468
28684.570312	-54.874073
28687.500000	-54.924832
28690.429688	-54.313553
28693.359375	-54.695690
28696.289062	-54.744417
28699.218750	-54.135515
28702.148438	-54.207934
28705.078125	-54.968477
28708.007812	-54.772310
28710.937500	-54.809228
28713.867188	-55.852829
28716.796875	-56.311865
28719.726562	-55.191115
28722.656250	-54.360909
28725.585938	-55.002857
28728.515625	-54.512567
28731.445312	-55.097956
28734.375000	-54.986187
28737.304688	-54.973928
28740.234375	-54.777923
28743.164062	-54.779562
28746.093750	-55.212272
28749.023438	-55.107464
28751.953125	-54.550442
28754.882812	-54.333685
28757.812500	-54.865849
28760.742188	-54.914278
28763.671875	-54.038113
28766.601562	-54.531066
28769.531250	-55.132761
28772.460938	-54.849695
28775.390625	-54.546054
28778.320312	-54.871618
28781.250000	-55.660855
28784.179688	-55.040242
28787.109375	-54.327452
28790.039062	-54.069869
28792.968750	-53.687308
28795.898438	-54.527309
28798.828125	-54.588078
28801.757812	-54.495495
28804.687500	-53.495528
28807.617188	-54.022393
28810.546875	-53.973691
28813.476562	-54.614736
28816.406250	-55.958875
28819.335938	-54.102589
28822.265625	-54.545396
28825.195312	-54.891047
28828.125000	-54.999230
28831.054688	-55.582491
28833.984375	-55.757029
28836.914062	-54.650971
28839.843750	-54.403891
28842.773438	-55.325067
28845.703125	-55.282674
28848.632812	-54.661639
28851.562500	-55.043497
28854.492188	-54.416910
28857.421875	-54.651449
28860.351562	-55.287142
28863.281250	-55.620846
28866.210938	-54.691485
28869.140625	-54.210909
28872.070312	-55.493232
28875.000000	-55.155422
28877.929688	-54.590782
28880.859375	-53.754569
28883.789062	-53.733797
28886.718750	-53.909843
28889.648438	-55.730880
28892.578125	-55.207695
28895.507812	-54.840346
28898.437500	-54.811149
28901.367188	-54.905999
28904.296875	-53.827397
28907.226562	-53.868250
28910.156250	-54.180140
28913.085938	-54.515489
28916.015625	-54.069094
28918.945312	-54.445234
28921.875000	-54.067549
28924.804688	-54.663325
28927.734375	-54.923646
28930.664062	-53.611637
28933.593750	-53.757163
28936.523438	-53.976139
28939.453125	-54.606620
28942.382812	-53.969614
28945.312500	-54.021230
28948.242188	-54.124900
28951.171875	-54.503997
28954.101562	-54.886359
28957.031250	-55.415587
28959.960938	-56.132495
28962.890625	-55.516697
28965.820312	-54.300765
28968.750000	-53.826992
28971.679688	-54.847845
28974.609375	-54.671593
28977.539062	-54.364547
28980.468750	-54.265956
28983.398438	-53.937114
28986.328125	-54.188778
28989.257812	-55.124488
28992.187500	-54.288831
28995.117188	-54.873568
28998.046875	-54.869283
29000.976562	-55.695283
29003.906250	-55.681717
29006.835938	-54.474419
29009.765625	-53.497415
29012.695312	-54.083775
29015.625000	-55.809400
29018.554688	-55.806531
29021.484375	-55.365159
29024.414062	-55.102175
29027.343750	-54.932265
29030.273438	-54.496621
29033.203125	-54.335571
29036.132812	-54.802908
29039.062500	-54.932993
29041.992188	-55.959829
29044.921875	-55.238180
29047.851562	-54.135406
29050.781250	-53.531707
29053.710938	-54.611420
29056.640625	-54.636198
29059.570312	-55.081808
29062.500000	-55.622213
29065.429688	-54.424636
29068.359375	-54.709699
29071.289062	-54.696881
29074.218750	-53.902637
29077.148438	-54.223064
29080.078125	-53.955588
29083.007812	-54.245564
29085.937500	-55.195579
29088.867188	-55.188633
29091.796875	-54.204577
29094.726562	-53.387791
29097.656250	-53.820799
29100.585938	-54.697765
29103.515625	-55.156604
29106.445312	-55.477125
29109.375000	-54.592084
29112.304688	-53.669981
29115.234375	-53.799195
29118.164062	-53.788374
29121.093750	-53.766954
29124.023438	-54.724311
29126.953125	-55.810884
29129.882812	-55.435659
29132.812500	-54.807738
29135.742188	-55.629533
29138.671875	-56.652332
29141.601562	-54.495498
29144.531250	-54.832112
29147.460938	-55.311617
29150.390625	-54.590481
29153.320312	-54.757798
29156.250000	-54.817632
29159.179688	-55.396992
29162.109375	-54.365662
29165.039062	-55.294786
29167.968750	-56.180178
29170.898438	-54.918934
29173.828125	-54.680546
29176.757812	-54.731077
29179.687500	-54.143542
29182.617188	-54.449916
29185.546875	-55.868207
29188.476562	-55.719926
29191.406250	-54.717438
29194.335938	-53.483541
29197.265625	-54.272945
29200.195312	-55.092046
29203.125000	-54.942075
29206.054688	-55.172388
29208.984375	-56.276402
29211.914062	-55.310202
29214.843750	-55.335592
29217.773438	-54.645524
29220.703125	-53.684019
29223.632812	-53.787493
29226.562500	-55.074303
29229.492188	-55.489992
29232.421875	-55.006888
29235.351562	-55.234701
29238.281250	-55.553700
29241.210938	-53.802753
29244.140625	-54.195874
29247.070312	-54.690393
29250.000000	-54.496507
29252.929688	-54.042611
29255.859375	-55.037018
29258.789062	-54.403513
29261.718750	-54.149496
29264.648438	-54.456804
29267.578125	-55.348197
29270.507812	-55.233304
29273.437500	-55.135513
29276.367188	-54.837268
29279.296875	-54.867924
29282.226562	-54.188717
29285.156250	-55.052120
29288.085938	-55.009623
29291.015625	-54.972496
29293.945312	-55.123822
29296.875000	-53.615435
29299.804688	-54.533021
29302.734375	-54.799335
29305.664062	-54.097406
29308.593750	-54.377528
29311.523438	-54.602022
29314.453125	-54.940087
29317.382812	-54.813895
29320.312500	-53.637398
29323.242188	-54.099565
29326.171875	-53.993092
29329.101562	-54.097762
29332.031250	-54.693142
29334.960938	-54.611556
29337.890625	-55.141612
29340.820312	-55.128148
29343.750000	-54.422882
29346.679688	-54.297780
29349.609375	-54.429560
29352.539062	-54.073556
29355.468750	-53.621323
29358.398438	-55.304670
29361.328125	-55.752373
29364.257812	-55.332025
29367.187500	-54.432395
29370.117188	-54.465396
29373.046875	-54.640813
29375.976562	-54.291982
29378.906250	-55.053875
29381.835938	-54.933390
29384.765625	-54.678020
29387.695312	-55.610649
29390.625000	-55.101829
29393.554688	-55.172400
29396.484375	-55.441664
29399.414062	-54.654189
29402.343750	-54.208188
29405.273438	-54.349198
29408.203125	-55.093303
29411.132812	-55.386401
29414.062500	-54.780796
29416.992188	-53.687530
29419.921875	-54.538759
29422.851562	-55.230120
29425.781250	-54.104790
29428.710938	-53.921245
29431.640625	-53.590758
29434.570312	-54.527380
29437.500000	-54.427357
29440.429688	-54.345635
29443.359375	-54.631210
29446.289062	-54.983786
29449.218750	-54.811409
29452.148438	-55.243441
29455.078125	-55.397725
29458.007812	-55.115629
29460.937500	-54.527569
29463.867188	-55.040628
29466.796875	-55.096769
29469.726562	-54.325960
29472.656250	-55.720666
29475.585938	-55.721179
29478.515625	-54.929632
29481.445312	-54.626174
29484.375000	-54.522071
29487.304688	-55.449173
29490.234375	-55.791653
29493.164062	-54.767483
29496.093750	-55.034622
29499.023438	-55.935262
29501.953125	-55.438770
29504.882812	-55.459723
29507.812500	-55.588099
29510.742188	-54.641769
29513.671875	-54.246764
29516.601562	-55.184753
29519.531250	-55.215537
29522.460938	-55.540463
29525.390625	-55.431607
29528.320312	-55.458960
29531.250000	-53.156843
29534.179688	-53.368756
29537.109375	-54.548018
29540.039062	-54.314898
29542.968750	-54.467955
29545.898438	-54.839090
29548.828125	-54.620551
29551.757812	-54.274766
29554.687500	-55.057469
29557.617188	-54.443980
29560.546875	-54.210782
29563.476562	-55.113930
29566.406250	-55.784926
29569.335938	-55.056446
29572.265625	-54.078369
29575.195312	-53.883668
29578.125000	-54.141214
29581.054688	-54.366179
29583.984375	-54.003112
29586.914062	-54.269985
29589.843750	-54.908815
29592.773438	-54.487503
29595.703125	-55.498231
29598.632812	-55.682840
29601.562500	-55.024167
29604.492188	-54.750026
29607.421875	-54.091594
29610.351562	-54.422605
29613.281250	-55.364850
29616.210938	-55.250733
29619.140625	-54.443162
29622.070312	-54.544001
29625.000000	-55.405300
29627.929688	-54.209505
29630.859375	-53.976286
29633.789062	-55.633428
29636.718750	-54.860950
29639.648438	-54.627960
29642.578125	-54.338603
29645.507812	-54.914777
29648.437500	-54.918411
29651.367188	-55.520819
29654.296875	-55.325553
29657.226562	-55.232018
29660.156250	-55.910996
29663.085938	-55.226051
29666.015625	-54.291185
29668.945312	-53.577658
29671.875000	-54.260634
29674.804688	-54.328668
29677.734375	-53.748870
29680.664062	-55.217066
29683.593750	-55.019629
29686.523438	-54.723976
29689.453125	-54.883609
29692.382812	-54.232855
29695.312500	-54.777494
29698.242188	-55.068648
29701.171875	-54.645788
29704.101562	-54.357703
29707.031250	-53.978401
29709.960938	-54.425541
29712.890625	-54.721226
29715.820312	-54.504104
29718.750000	-54.036828
29721.679688	-54.430746
29724.609375	-53.104237
29727.539062	-53.642969
29730.468750	-54.136817
29733.398438	-53.854712
29736.328125	-54.335362
29739.257812	-55.270746
29742.187500	-55.816036
29745.117188	-56.322588
29748.046875	-54.623609
29750.976562	-53.944380
29753.906250	-54.734328
29756.835938	-54.503048
29759.765625	-55.173554
29762.695312	-56.068049
29765.625000	-55.609134
29768.554688	-56.145118
29771.484375	-54.584849
29774.414062	-54.689370
29777.343750	-54.302814
29780.273438	-54.068741
29783.203125	-55.157283
29786.132812	-57.032183
29789.062500	-56.178577
29791.992188	-54.666707
29794.921875	-54.910786
29797.851562	-55.402347
29800.781250	-54.400439
29803.710938	-53.917528
29806.640625	-54.408676
29809.570312	-54.634278
29812.500000	-53.822167
29815.429688	-54.522188
29818.359375	-54.710920
29821.289062	-54.217504
29824.218750	-54.470544
29827.148438	-54.235420
29830.078125	-55.429315
29833.007812	-55.155976
29835.937500	-55.481679
29838.867188	-55.608824
29841.796875	-54.717928
29844.726562	-53.954757
29847.656250	-53.577106
29850.585938	-53.784073
29853.515625	-53.507562
29856.445312	-54.913117
29859.375000	-55.844216
29862.304688	-55.310273
29865.234375	-54.775156
29868.164062	-54.515799
29871.093750	-53.969328
29874.023438	-54.182866
29876.953125	-55.100985
29879.882812	-55.461304
29882.812500	-54.645880
29885.742188	-55.013748
29888.671875	-54.177352
29891.601562	-54.333926
29894.531250	-55.658120
29897.460938	-56.144326
29900.390625	-54.452832
29903.320312	-53.711752
29906.250000	-54.627056
29909.179688	-53.868892
29912.109375	-54.720256
29915.039062	-54.910995
29917.968750	-55.098776
29920.898438	-55.638739
29923.828125	-54.986696
29926.757812	-54.070652
29929.687500	-53.909289
29932.617188	-54.174212
29935.546875	-54.642245
29938.476562	-56.004627
29941.406250	-56.113481
29944.335938	-54.559546
29947.265625	-54.535095
29950.195312	-55.394369
29953.125000	-53.940224
29956.054688	-54.615812
29958.984375	-54.961506
29961.914062	-54.711696
29964.843750	-54.484321
29967.773438	-54.737941
29970.703125	-55.662521
29973.632812	-55.506033
29976.562500	-54.230735
29979.492188	-53.788155
29982.421875	-53.686607
29985.351562	-54.508595
29988.281250	-56.036349
29991.210938	-55.030493
29994.140625	-54.522147
29997.070312	-54.363286
30000.000000	-54.145563
30002.929688	-54.999163
30005.859375	-54.596442
30008.789062	-54.742285
30011.718750	-54.762615
30014.648438	-54.716888
30017.578125	-55.670040
30020.507812	-54.632015
30023.437500	-55.493574
30026.367188	-55.532516
30029.296875	-55.845602
30032.226562	-54.841978
30035.156250	-54.020610
30038.085938	-54.069181
30041.015625	-54.965157
30043.945312	-54.527027
30046.875000	-54.889609
30049.804688	-55.416463
30052.734375	-56.080449
30055.664062	-54.718176
30058.593750	-54.269641
30061.523438	-56.035369
30064.453125	-55.699538
30067.382812	-54.837275
30070.312500	-55.376752
30073.242188	-54.973111
30076.171875	-55.504501
30079.101562	-55.796122
30082.031250	-54.887382
30084.960938	-54.946686
30087.890625	-54.277511
30090.820312	-54.624542
30093.750000	-55.253243
30096.679688	-55.201884
30099.609375	-54.410702
30102.539062	-53.794185
30105.468750	-54.701851
30108.398438	-55.219869
30111.328125	-55.984027
30114.257812	-55.487150
30117.187500	-54.558290
30120.117188	-55.128763
30123.046875	-55.022023
30125.976562	-55.216784
30128.906250	-55.404782
30131.835938	-55.449363
30134.765625	-54.357634
30137.695312	-54.973924
30140.625000	-54.949758
30143.554688	-55.574891
30146.484375	-54.960552
30149.414062	-54.413376
30152.343750	-53.399769
30155.273438	-54.193938
30158.203125	-55.414158
30161.132812	-55.168270
30164.062500	-56.510856
30166.992188	-54.890398
30169.921875	-54.295626
30172.851562	-54.809758
30175.781250	-55.491367
30178.710938	-54.617381
30181.640625	-54.157367
30184.570312	-55.515283
30187.500000	-54.640529
30190.429688	-53.407814
30193.359375	-54.158206
30196.289062	-54.944350
30199.218750	-55.102248
30202.148438	-54.904510
30205.078125	-54.948776
30208.007812	-53.752008
30210.937500	-54.656145
30213.867188	-54.479930
30216.796875	-54.401384
30219.726562	-54.165956
30222.656250	-54.391981
30225.585938	-55.288321
30228.515625	-54.410082
30231.445312	-53.195707
30234.375000	-53.278010
30237.304688	-52.622964
30240.234375	-51.645510
30243.164062	-54.359092
30246.093750	-54.314806
30249.023438	-54.833067
30251.953125	-54.874280
30254.882812	-55.835722
30257.812500	-55.168635
30260.742188	-54.242753
30263.671875	-55.104480
30266.601562	-55.879537
30269.531250	-54.741795
30272.460938	-54.434692
30275.390625	-54.628420
30278.320312	-55.705695
30281.250000	-55.892941
30284.179688	-54.641939
30287.109375	-54.755685
30290.039062	-55.287357
30292.968750	-55.152441
30295.898438	-55.717659
30298.828125	-55.419046
30301.757812	-55.316659
30304.687500	-54.676106
30307.617188	-54.262081
30310.546875	-55.126422
30313.476562	-55.413709
30316.406250	-54.736820
30319.335938	-53.634890
30322.265625	-53.871528
30325.195312	-54.547176
30328.125000	-55.244098
30331.054688	-55.211551
30333.984375	-55.089752
30336.914062	-55.600616
30339.843750	-55.479037
30342.773438	-53.823191
30345.703125	-54.828321
30348.632812	-54.700494
30351.562500	-55.237761
30354.492188	-54.371020
30357.421875	-54.981471
30360.351562	-55.180700
30363.281250	-54.129472
30366.210938	-54.361387
30369.140625	-55.555728
30372.070312	-56.682509
30375.000000	-55.485839
30377.929688	-54.562627
30380.859375	-54.380137
30383.789062	-55.340758
30386.718750	-56.170070
30389.648438	-55.009770
30392.578125	-54.313881
30395.507812	-55.017131
30398.437500	-56.208882
30401.367188	-55.631772
30404.296875	-54.918863
30407.226562	-54.773478
30410.156250	-55.803308
30413.085938	-55.131819
30416.015625	-54.624267
30418.945312	-55.160055
30421.875000	-55.087839
30424.804688	-54.699389
30427.734375	-54.329741
30430.664062	-55.113616
30433.593750	-55.854667
30436.523438	-55.524275
30439.453125	-54.706526
30442.382812	-54.338818
30445.312500	-54.622798
30448.242188	-54.695419
30451.171875	-55.312220
30454.101562	-54.580963
30457.031250	-54.271877
30459.960938	-54.503607
30462.890625	-53.778031
30465.820312	-53.859139
30468.750000	-54.262885
30471.679688	-54.862605
30474.609375	-55.970732
30477.539062	-55.447006
30480.468750	-54.222572
30483.398438	-54.482237
30486.328125	-55.630441
30489.257812	-55.052113
30492.187500	-54.998599
30495.117188	-55.227156
30498.046875	-56.042169
30500.976562	-55.567755
30503.906250	-55.047461
30506.835938	-54.790992
30509.765625	-54.751476
30512.695312	-54.235706
30515.625000	-54.650178
30518.554688	-54.878256
30521.484375	-54.416530
30524.414062	-54.565302
30527.343750	-54.769561
30530.273438	-55.263119
30533.203125	-55.305928
30536.132812	-54.015091
30539.062500	-54.260743
30541.992188	-54.614156
30544.921875	-55.480216
30547.851562	-55.728829
30550.781250	-56.162071
30553.710938	-55.407293
30556.640625	-55.014621
30559.570312	-54.859224
30562.500000	-54.465260
30565.429688	-54.233188
30568.359375	-55.038506
30571.289062	-54.516587
30574.218750	-54.050376
30577.148438	-54.849655
30580.078125	-54.185374
30583.007812	-55.616632
30585.937500	-55.963505
30588.867188	-54.805682
30591.796875	-54.427131
30594.726562	-55.217095
30597.656250	-55.360715
30600.585938	-54.224570
30603.515625	-53.921615
30606.445312	-54.137892
30609.375000	-53.899973
30612.304688	-53.952352
30615.234375	-54.495876
30618.164062	-53.823649
30621.093750	-54.951790
30624.023438	-55.073040
30626.953125	-55.107456
30629.882812	-54.899420
30632.812500	-54.667626
30635.742188	-54.823192
30638.671875	-54.849928
30641.601562	-54.776906
30644.531250	-54.107616
30647.460938	-54.865532
30650.390625	-54.617370
30653.320312	-53.534224
30656.250000	-53.562927
30659.179688	-54.418414
30662.109375	-54.179696
30665.039062	-54.489688
30667.968750	-55.108307
30670.898438	-54.277600
30673.828125	-55.212919
30676.757812	-56.206627
30679.687500	-56.037254
30682.617188	-55.472031
30685.546875	-54.622833
30688.476562	-54.083908
30691.406250	-54.745579
30694.335938	-54.409986
30697.265625	-54.551170
30700.195312	-54.637783
30703.125000	-53.869930
30706.054688	-54.071392
30708.984375	-54.450377
30711.914062	-54.693507
30714.843750	-55.919132
30717.773438	-54.898543
30720.703125	-54.701416
30723.632812	-55.021307
30726.562500	-54.995279
30729.492188	-54.710872
30732.421875	-53.853752
30735.351562	-54.006354
30738.281250	-54.151624
30741.210938	-53.566475
30744.140625	-54.491861
30747.070312	-55.718393
30750.000000	-54.946115
30752.929688	-54.589006
30755.859375	-55.247654
30758.789062	-55.280185
30761.718750	-54.841115
30764.648438	-55.956622
30767.578125	-56.858164
30770.507812	-56.033423
30773.437500	-54.871106
30776.367188	-54.325599
30779.296875	-53.956434
30782.226562	-55.380482
30785.156250	-54.101663
30788.085938	-53.702707
30791.015625	-54.009201
30793.945312	-54.565035
30796.875000	-54.677330
30799.804688	-55.324818
30802.734375	-55.150388
30805.664062	-54.862831
30808.593750	-54.668991
30811.523438	-54.154401
30814.453125	-54.551621
30817.382812	-55.651603
30820.312500	-54.898853
30823.242188	-54.417494
30826.171875	-53.830801
30829.101562	-54.440482
30832.031250	-54.441252
30834.960938	-54.404945
30837.890625	-55.053558
30840.820312	-55.070618
30843.750000	-54.531981
30846.679688	-55.098818
30849.609375	-54.980575
30852.539062	-54.088892
30855.468750	-55.347822
30858.398438	-55.922684
30861.328125	-54.327723
30864.257812	-53.749839
30867.187500	-54.220813
30870.117188	-55.045402
30873.046875	-54.125607
30875.976562	-54.662804
30878.906250	-55.180112
30881.835938	-54.626701
30884.765625	-55.003028
30887.695312	-54.214641
30890.625000	-53.784312
30893.554688	-54.266781
30896.484375	-54.636959
30899.414062	-54.681542
30902.343750	-54.698730
30905.273438	-54.909103
30908.203125	-54.777662
30911.132812	-54.288866
30914.062500	-53.467393
30916.992188	-53.692037
30919.921875	-54.484699
30922.851562	-54.771952
30925.781250	-55.487286
30928.710938	-54.429485
30931.640625	-54.344996
30934.570312	-55.676506
30937.500000	-55.020764
30940.429688	-54.772286
30943.359375	-55.249708
30946.289062	-55.039880
30949.218750	-54.600735
30952.148438	-53.769178
30955.078125	-54.235488
30958.007812	-54.470099
30960.937500	-54.640253
30963.867188	-54.200007
30966.796875	-54.852877
30969.726562	-55.393339
30972.656250	-54.891027
30975.585938	-55.968717
30978.515625	-55.792211
30981.445312	-55.336980
30984.375000	-55.028420
30987.304688	-56.096737
30990.234375	-55.143047
30993.164062	-55.377193
30996.093750	-55.469441
30999.023438	-55.469335
31001.953125	-54.250170
31004.882812	-54.167120
31007.812500	-54.364291
31010.742188	-55.070752
31013.671875	-55.556072
31016.601562	-55.038380
31019.531250	-55.689108
31022.460938	-54.215408
31025.390625	-54.369487
31028.320312	-55.547237
31031.250000	-55.486909
31034.179688	-54.803952
31037.109375	-55.244763
31040.039062	-55.752666
31042.968750	-55.547553
31045.898438	-55.304979
31048.828125	-55.313139
31051.757812	-54.451422
31054.687500	-54.052916
31057.617188	-53.526795
31060.546875	-53.560114
31063.476562	-54.750352
31066.406250	-55.245244
31069.335938	-55.138665
31072.265625	-54.510131
31075.195312	-54.148791
31078.125000	-53.712482
31081.054688	-54.696542
31083.984375	-55.026954
31086.914062	-54.251569
31089.843750	-55.774858
31092.773438	-55.840662
31095.703125	-55.625797
31098.632812	-55.247076
31101.562500	-53.753922
31104.492188	-53.936104
31107.421875	-54.303841
31110.351562	-54.057747
31113.281250	-54.218410
31116.210938	-53.986685
31119.140625	-53.584313
31122.070312	-54.198368
31125.000000	-53.798020
31127.929688	-54.092674
31130.859375	-55.235533
31133.789062	-55.051922
31136.718750	-55.652783
31139.648438	-55.647900
31142.578125	-55.255407
31145.507812	-55.712253
31148.437500	-54.863035
31151.367188	-54.391301
31154.296875	-55.198011
31157.226562	-54.750272
31160.156250	-54.850603
31163.085938	-54.327642
31166.015625	-53.709799
31168.945312	-54.485035
31171.875000	-55.592527
31174.804688	-54.983358
31177.734375	-54.974275
31180.664062	-55.786911
31183.593750	-54.963632
31186.523438	-54.635224
31189.453125	-55.252723
31192.382812	-54.752277
31195.312500	-54.526020
31198.242188	-54.463316
31201.171875	-55.312310
31204.101562	-54.410648
31207.031250	-54.362212
31209.960938	-55.555662
31212.890625	-55.314049
31215.820312	-54.531686
31218.750000	-54.166140
31221.679688	-54.792341
31224.609375	-55.062591
31227.539062	-55.086972
31230.468750	-54.873928
31233.398438	-54.614918
31236.328125	-54.514615
31239.257812	-55.160338
31242.187500	-53.963334
31245.117188	-53.986715
31248.046875	-54.458698
31250.976562	-55.245423
31253.906250	-54.667360
31256.835938	-53.870580
31259.765625	-55.194040
31262.695312	-56.302155
31265.625000	-55.259975
31268.554688	-54.129451
31271.484375	-54.877460
31274.414062	-55.662916
31277.343750	-55.461545
31280.273438	-55.104846
31283.203125	-55.026630
31286.132812	-54.695243
31289.062500	-55.206105
31291.992188	-54.653577
31294.921875	-54.833475
31297.851562	-55.185188
31300.781250	-54.987685
31303.710938	-54.742734
31306.640625	-54.814547
31309.570312	-54.836730
31312.500000	-54.687081
31315.429688	-54.790503
31318.359375	-54.532082
31321.289062	-54.381862
31324.218750	-53.952610
31327.148438	-54.527223
31330.078125	-55.017044
31333.007812	-54.452213
31335.937500	-54.535904
31338.867188	-55.078084
31341.796875	-53.572370
31344.726562	-53.252129
31347.656250	-53.669682
31350.585938	-54.087695
31353.515625	-54.295093
31356.445312	-53.592145
31359.375000	-54.103395
31362.304688	-54.151901
31365.234375	-54.854477
31368.164062	-54.532576
31371.093750	-53.482169
31374.023438	-54.146720
31376.953125	-54.732491
31379.882812	-54.779790
31382.812500	-55.604967
31385.742188	-54.186056
31388.671875	-53.631878
31391.601562	-54.763241
31394.531250	-54.517440
31397.460938	-55.034823
31400.390625	-55.245155
31403.320312	-55.223408
31406.250000	-55.069849
31409.179688	-55.989761
31412.109375	-55.662866
31415.039062	-55.776445
31417.968750	-54.560536
31420.898438	-53.375960
31423.828125	-54.521273
31426.757812	-55.241699
31429.687500	-54.942921
31432.617188	-55.663334
31435.546875	-55.291967
31438.476562	-55.558795
31441.406250	-55.479569
31444.335938	-54.799418
31447.265625	-54.571487
31450.195312	-53.647607
31453.125000	-54.766826
31456.054688	-55.394758
31458.984375	-54.029588
31461.914062	-55.097409
31464.843750	-54.399477
31467.773438	-54.547768
31470.703125	-55.453909
31473.632812	-56.034468
31476.562500	-55.468985
31479.492188	-53.871517
31482.421875	-53.824256
31485.351562	-54.543965
31488.281250	-55.772880
31491.210938	-55.531480
31494.140625	-54.231611
31497.070312	-53.620436
31500.000000	-54.399441
31502.929688	-54.488202
31505.859375	-55.151359
31508.789062	-55.555484
31511.718750	-55.017739
31514.648438	-55.160868
31517.578125	-54.240731
31520.507812	-54.621386
31523.437500	-55.486551
31526.367188	-55.486835
31529.296875	-55.352291
31532.226562	-55.493826
31535.156250	-54.625268
31538.085938	-54.650151
31541.015625	-55.186316
31543.945312	-54.665480
31546.875000	-55.270295
31549.804688	-55.071312
31552.734375	-55.886918
31555.664062	-55.672164
31558.593750	-54.339838
31561.523438	-54.226652
31564.453125	-55.390571
31567.382812	-54.933108
31570.312500	-54.213956
31573.242188	-54.263600
31576.171875	-55.269338
31579.101562	-54.614898
31582.031250	-56.127635
31584.960938	-55.041449
31587.890625	-53.834717
31590.820312	-53.997848
31593.750000	-54.011876
31596.679688	-53.415589
31599.609375	-54.513177
31602.539062	-55.514278
31605.468750	-55.072376
31608.398438	-55.518520
31611.328125	-54.905952
31614.257812	-54.661659
31617.187500	-55.111865
31620.117188	-55.052655
31623.046875	-53.979814
31625.976562	-54.425541
31628.906250	-54.263091
31631.835938	-55.050534
31634.765625	-55.171531
31637.695312	-54.670720
31640.625000	-55.016133
31643.554688	-54.612621
31646.484375	-54.172247
31649.414062	-55.010324
31652.343750	-54.414797
31655.273438	-53.902194
31658.203125	-54.032838
31661.132812	-54.095358
31664.062500	-54.128954
31666.992188	-55.270387
31669.921875	-54.318769
31672.851562	-53.211275
31675.781250	-54.583258
31678.710938	-54.888509
31681.640625	-54.472907
31684.570312	-55.403974
31687.500000	-54.394918
31690.429688	-53.996333
31693.359375	-54.049111
31696.289062	-54.414533
31699.218750	-55.518072
31702.148438	-55.242339
31705.078125	-53.951716
31708.007812	-54.517491
31710.937500	-54.967542
31713.867188	-54.832137
31716.796875	-53.531237
31719.726562	-55.075078
31722.656250	-54.712303
31725.585938	-54.140730
31728.515625	-55.817292
31731.445312	-55.484946
31734.375000	-55.212529
31737.304688	-55.400730
31740.234375	-55.778744
31743.164062	-55.630415
31746.093750	-55.460408
31749.023438	-55.257545
31751.953125	-54.298795
31754.882812	-55.259449
31757.812500	-55.117590
31760.742188	-55.201940
31763.671875	-55.228249
31766.601562	-54.723056
31769.531250	-55.049866
31772.460938	-54.887767
31775.390625	-54.234900
31778.320312	-53.570112
31781.250000	-54.513145
31784.179688	-54.274131
31787.109375	-54.513736
31790.039062	-54.002184
31792.968750	-53.821548
31795.898438	-53.944360
31798.828125	-54.653842
31801.757812	-55.171517
31804.687500	-54.457972
31807.617188	-54.940866
31810.546875	-55.368052
31813.476562	-55.323890
31816.406250	-55.935334
31819.335938	-55.790455
31822.265625	-55.168846
31825.195312	-55.573209
31828.125000	-55.316994
31831.054688	-54.537184
31833.984375	-54.938574
31836.914062	-55.928128
31839.843750	-55.474541
31842.773438	-55.431322
31845.703125	-54.797030
31848.632812	-54.680701
31851.562500	-55.134223
31854.492188	-54.724625
31857.421875	-53.518061
31860.351562	-54.234023
31863.281250	-54.767570
31866.210938	-53.889291
31869.140625	-55.345722
31872.070312	-55.690373
31875.000000	-55.649810
31877.929688	-55.873414
31880.859375	-55.133690
31883.789062	-54.063658
31886.718750	-54.725916
31889.648438	-54.960126
31892.578125	-55.391676
31895.507812	-54.796655
31898.437500	-54.253647
31901.367188	-54.776350
31904.296875	-54.854412
31907.226562	-55.779793
31910.156250	-55.992991
31913.085938	-54.117914
31916.015625	-54.153039
31918.945312	-55.274176
31921.875000	-55.528511
31924.804688	-54.792255
31927.734375	-54.308760
31930.664062	-55.190484
31933.593750	-55.208433
31936.523438	-55.180882
31939.453125	-55.292123
31942.382812	-54.414053
31945.312500	-54.706161
31948.242188	-54.474124
31951.171875	-53.665855
31954.101562	-54.000021
31957.031250	-54.438942
31959.960938	-55.318415
31962.890625	-55.356277
31965.820312	-54.362809
31968.750000	-54.359689
31971.679688	-54.084032
31974.609375	-54.704933
31977.539062	-56.090298
31980.468750	-55.606023
31983.398438	-54.769414
31986.328125	-55.024166
31989.257812	-55.184475
31992.187500	-55.842427
31995.117188	-55.310173
31998.046875	-54.310275
32000.976562	-54.753111
32003.906250	-55.056532
32006.835938	-55.562993
32009.765625	-54.557955
32012.695312	-55.470559
32015.625000	-55.793705
32018.554688	-54.978750
32021.484375	-54.829660
32024.414062	-55.287339
32027.343750	-54.918400
32030.273438	-55.529006
32033.203125	-54.216685
32036.132812	-54.479455
32039.062500	-55.701384
32041.992188	-54.918140
32044.921875	-54.609228
32047.851562	-54.840726
32050.781250	-54.533295
32053.710938	-54.828116
32056.640625	-54.318899
32059.570312	-54.660295
32062.500000	-54.419060
32065.429688	-54.707294
32068.359375	-54.851742
32071.289062	-54.900452
32074.218750	-55.272993
32077.148438	-54.958043
32080.078125	-54.165970
32083.007812	-55.419566
32085.937500	-55.862797
32088.867188	-55.420492
32091.796875	-54.455522
32094.726562	-55.450810
32097.656250	-55.782596
32100.585938	-55.550225
32103.515625	-54.236915
32106.445312	-54.359918
32109.375000	-55.457040
32112.304688	-55.138347
32115.234375	-55.266204
32118.164062	-54.410543
32121.093750	-53.953868
32124.023438	-54.256363
32126.953125	-54.188421
32129.882812	-55.117938
32132.812500	-54.425628
32135.742188	-54.293345
32138.671875	-54.747510
32141.601562	-55.011913
32144.531250	-54.398224
32147.460938	-54.889807
32150.390625	-54.375821
32153.320312	-54.445422
32156.250000	-55.689522
32159.179688	-56.270942
32162.109375	-56.178555
32165.039062	-55.927507
32167.968750	-55.358220
32170.898438	-55.407825
32173.828125	-54.573971
32176.757812	-55.176817
32179.687500	-54.932044
32182.617188	-54.178428
32185.546875	-55.177029
32188.476562	-53.930420
32191.406250	-54.130691
32194.335938	-54.874567
32197.265625	-53.782171
32200.195312	-53.818132
32203.125000	-54.225047
32206.054688	-54.272469
32208.984375	-55.509360
32211.914062	-54.885362
32214.843750	-55.487132
32217.773438	-55.634809
32220.703125	-56.001998
32223.632812	-55.081142
32226.562500	-54.645673
32229.492188	-54.122863
32232.421875	-53.864193
32235.351562	-54.134891
32238.281250	-53.234832
32241.210938	-53.827513
32244.140625	-54.177140
32247.070312	-54.771088
32250.000000	-55.181881
32252.929688	-54.757227
32255.859375	-55.051805
32258.789062	-55.646248
32261.718750	-54.749682
32264.648438	-55.260535
32267.578125	-54.514869
32270.507812	-55.480587
32273.437500	-56.835560
32276.367188	-55.239146
32279.296875	-54.869664
32282.226562	-55.216021
32285.156250	-55.351589
32288.085938	-55.966432
32291.015625	-55.277382
32293.945312	-55.750560
32296.875000	-55.723409
32299.804688	-55.338913
32302.734375	-54.962012
32305.664062	-55.624282
32308.593750	-54.458855
32311.523438	-53.856605
32314.453125	-53.615060
32317.382812	-53.077518
32320.312500	-54.500843
32323.242188	-55.181926
32326.171875	-54.675866
32329.101562	-55.552329
32332.031250	-55.681797
32334.960938	-54.288184
32337.890625	-54.034598
32340.820312	-54.917333
32343.750000	-55.039974
32346.679688	-54.528079
32349.609375	-54.524287
32352.539062	-54.094110
32355.468750	-56.098488
32358.398438	-55.964953
32361.328125	-55.690223
32364.257812	-54.886401
32367.187500	-54.939378
32370.117188	-54.454199
32373.046875	-54.658481
32375.976562	-55.390689
32378.906250	-55.362492
32381.835938	-54.808639
32384.765625	-55.006212
32387.695312	-55.822115
32390.625000	-54.989261
32393.554688	-55.291177
32396.484375	-55.794967
32399.414062	-54.935735
32402.343750	-54.819369
32405.273438	-56.574793
32408.203125	-54.876046
32411.132812	-54.462493
32414.062500	-54.638937
32416.992188	-54.475490
32419.921875	-53.956961
32422.851562	-54.526909
32425.781250	-55.108417
32428.710938	-55.617778
32431.640625	-55.345732
32434.570312	-55.660068
32437.500000	-56.131513
32440.429688	-55.810363
32443.359375	-55.132345
32446.289062	-54.770336
32449.218750	-54.188957
32452.148438	-54.601027
32455.078125	-54.469695
32458.007812	-55.099280
32460.937500	-55.452874
32463.867188	-54.722141
32466.796875	-54.953211
32469.726562	-55.719411
32472.656250	-55.303752
32475.585938	-55.888066
32478.515625	-55.216911
32481.445312	-55.509952
32484.375000	-55.361998
32487.304688	-54.966794
32490.234375	-54.967834
32493.164062	-55.132941
32496.093750	-54.947800
32499.023438	-54.966719
32501.953125	-55.413313
32504.882812	-54.840221
32507.812500	-54.493197
32510.742188	-53.858186
32513.671875	-55.581190
32516.601562	-54.919298
32519.531250	-55.109591
32522.460938	-54.696626
32525.390625	-56.594781
32528.320312	-57.152748
32531.250000	-55.924161
32534.179688	-54.445133
32537.109375	-53.841173
32540.039062	-54.657366
32542.968750	-54.534178
32545.898438	-55.830698
32548.828125	-55.690291
32551.757812	-55.088346
32554.687500	-54.722705
32557.617188	-55.006057
32560.546875	-54.092511
32563.476562	-54.733181
32566.406250	-54.510808
32569.335938	-53.825141
32572.265625	-54.119089
32575.195312	-54.050437
32578.125000	-54.487194
32581.054688	-55.056661
32583.984375	-55.548083
32586.914062	-55.125603
32589.843750	-55.351546
32592.773438	-55.135204
32595.703125	-55.295722
32598.632812	-55.196238
32601.562500	-55.314838
32604.492188	-55.267751
32607.421875	-54.577629
32610.351562	-54.578643
32613.281250	-55.652375
32616.210938	-55.539628
32619.140625	-54.329951
32622.070312	-54.317346
32625.000000	-54.843945
32627.929688	-54.442618
32630.859375	-54.355149
32633.789062	-53.751163
32636.718750	-54.084710
32639.648438	-54.457241
32642.578125	-54.420526
32645.507812	-54.294095
32648.437500	-54.070889
32651.367188	-53.629350
32654.296875	-55.101691
32657.226562	-54.586552
32660.156250	-53.737531
32663.085938	-53.961664
32666.015625	-55.390748
32668.945312	-55.371643
32671.875000	-55.019788
32674.804688	-56.502510
32677.734375	-55.018801
32680.664062	-55.394686
32683.593750	-56.115704
32686.523438	-55.570615
32689.453125	-55.562570
32692.382812	-56.257310
32695.312500	-56.209248
32698.242188	-55.251924
32701.171875	-55.248197
32704.101562	-55.426226
32707.031250	-55.402659
32709.960938	-54.588595
32712.890625	-54.893880
32715.820312	-55.113784
32718.750000	-55.348942
32721.679688	-54.831277
32724.609375	-55.142208
32727.539062	-54.716658
32730.468750	-54.012904
32733.398438	-54.529444
32736.328125	-54.415241
32739.257812	-54.705727
32742.187500	-54.805463
32745.117188	-55.333184
32748.046875	-56.826261
32750.976562	-55.570790
32753.906250	-55.245731
32756.835938	-55.825829
32759.765625	-55.879982
32762.695312	-54.902025
32765.625000	-54.371035
32768.554688	-54.362370
32771.484375	-54.402274
32774.414062	-55.727617
32777.343750	-55.179261
32780.273438	-54.484431
32783.203125	-54.917972
32786.132812	-54.079894
32789.062500	-55.339441
32791.992188	-54.669391
32794.921875	-54.977984
32797.851562	-55.448059
32800.781250	-55.780269
32803.710938	-54.900460
32806.640625	-55.401704
32809.570312	-54.976677
32812.500000	-54.674427
32815.429688	-55.032088
32818.359375	-55.157609
32821.289062	-55.232281
32824.218750	-55.072994
32827.148438	-54.063298
32830.078125	-53.724147
32833.007812	-55.336699
32835.937500	-54.310906
32838.867188	-54.832378
32841.796875	-55.819553
32844.726562	-55.031468
32847.656250	-55.634187
32850.585938	-55.491922
32853.515625	-56.623221
32856.445312	-56.726700
32859.375000	-55.140642
32862.304688	-55.048493
32865.234375	-55.324278
32868.164062	-56.043665
32871.093750	-56.386424
32874.023438	-54.937155
32876.953125	-54.501742
32879.882812	-55.022499
32882.812500	-55.605113
32885.742188	-54.805949
32888.671875	-54.185370
32891.601562	-54.608739
32894.531250	-56.209693
32897.460938	-55.517674
32900.390625	-54.855619
32903.320312	-54.745587
32906.250000	-54.922088
32909.179688	-55.280281
32912.109375	-55.120504
32915.039062	-53.847161
32917.968750	-53.448139
32920.898438	-53.292256
32923.828125	-53.628560
32926.757812	-53.906787
32929.687500	-55.483195
32932.617188	-56.148245
32935.546875	-54.815994
32938.476562	-54.518224
32941.406250	-54.383346
32944.335938	-55.096126
32947.265625	-54.566498
32950.195312	-53.601048
32953.125000	-54.528843
32956.054688	-55.389551
32958.984375	-54.345596
32961.914062	-53.905951
32964.843750	-54.292142
32967.773438	-54.610895
32970.703125	-54.867631
32973.632812	-55.309938
32976.562500	-54.455958
32979.492188	-53.369648
32982.421875	-53.996436
32985.351562	-55.321213
32988.281250	-55.497954
32991.210938	-55.978331
32994.140625	-54.566158
32997.070312	-54.437182
33000.000000	-55.032225
33002.929688	-55.143235
33005.859375	-55.733303
33008.789062	-55.194276
33011.718750	-54.947667
33014.648438	-54.345952
33017.578125	-54.729301
33020.507812	-54.643366
33023.437500	-54.696832
33026.367188	-54.825103
33029.296875	-55.522511
33032.226562	-55.874045
33035.156250	-54.556559
33038.085938	-54.558832
33041.015625	-54.336899
33043.945312	-54.795838
33046.875000	-54.378768
33049.804688	-54.163151
33052.734375	-54.735525
33055.664062	-56.591027
33058.593750	-56.854980
33061.523438	-55.066505
33064.453125	-54.333605
33067.382812	-54.706071
33070.312500	-55.159244
33073.242188	-54.710228
33076.171875	-55.112848
33079.101562	-54.166891
33082.031250	-54.068920
33084.960938	-54.253732
33087.890625	-54.966989
33090.820312	-54.122474
33093.750000	-54.375707
33096.679688	-54.181146
33099.609375	-55.387564
33102.539062	-54.161536
33105.468750	-54.387478
33108.398438	-54.746823
33111.328125	-54.318039
33114.257812	-54.933545
33117.187500	-55.697887
33120.117188	-55.625513
33123.046875	-54.478916
33125.976562	-54.705493
33128.906250	-54.975919
33131.835938	-54.786786
33134.765625	-54.430979
33137.695312	-55.062132
33140.625000	-54.700952
33143.554688	-55.249647
33146.484375	-55.971826
33149.414062	-54.168215
33152.343750	-55.455843
33155.273438	-54.954542
33158.203125	-54.597558
33161.132812	-54.198334
33164.062500	-54.325743
33166.992188	-54.832558
33169.921875	-55.173333
33172.851562	-54.356941
33175.781250	-53.596530
33178.710938	-53.985343
33181.640625	-54.229701
33184.570312	-54.036318
33187.500000	-54.565796
33190.429688	-54.534052
33193.359375	-54.699511
33196.289062	-54.222006
33199.218750	-55.327363
33202.148438	-55.316921
33205.078125	-55.688502
33208.007812	-55.001055
33210.937500	-55.544261
33213.867188	-55.262128
33216.796875	-55.695515
33219.726562	-55.112186
33222.656250	-54.478018
33225.585938	-54.405893
33228.515625	-53.944787
33231.445312	-54.149373
33234.375000	-54.317297
33237.304688	-54.136616
33240.234375	-54.284312
33243.164062	-55.059699
33246.093750	-53.881814
33249.023438	-54.672812
33251.953125	-54.739460
33254.882812	-54.198944
33257.812500	-53.824143
33260.742188	-55.026320
33263.671875	-54.280805
33266.601562	-53.844137
33269.531250	-53.801102
33272.460938	-54.734712
33275.390625	-54.810750
33278.320312	-53.978492
33281.250000	-54.176381
33284.179688	-54.885174
33287.109375	-55.586606
33290.039062	-54.809292
33292.968750	-55.035739
33295.898438	-55.099797
33298.828125	-55.220360
33301.757812	-54.635298
33304.687500	-55.606961
33307.617188	-54.279895
33310.546875	-55.180861
33313.476562	-54.730636
33316.406250	-54.162975
33319.335938	-55.151923
33322.265625	-55.306446
33325.195312	-55.013056
33328.125000	-55.563609
33331.054688	-55.109301
33333.984375	-53.953709
33336.914062	-54.335312
33339.843750	-54.244223
33342.773438	-54.143806
33345.703125	-54.433715
33348.632812	-54.942830
33351.562500	-54.065001
33354.492188	-54.422180
33357.421875	-54.162154
33360.351562	-54.518756
33363.281250	-55.176163
33366.210938	-54.937489
33369.140625	-55.201967
33372.070312	-54.678594
33375.000000	-55.199037
33377.929688	-54.043192
33380.859375	-54.310307
33383.789062	-55.040346
33386.718750	-54.834853
33389.648438	-54.484623
33392.578125	-54.767662
33395.507812	-54.931776
33398.437500	-54.243551
33401.367188	-54.852616
33404.296875	-54.193694
33407.226562	-53.888372
33410.156250	-54.181950
33413.085938	-54.003791
33416.015625	-54.461263
33418.945312	-55.244945
33421.875000	-55.460722
33424.804688	-54.921843
33427.734375	-54.743039
33430.664062	-54.534411
33433.593750	-55.225820
33436.523438	-55.233534
33439.453125	-55.330906
33442.382812	-55.331270
33445.312500	-54.561079
33448.242188	-54.110076
33451.171875	-53.869551
33454.101562	-53.625014
33457.031250	-54.290014
33459.960938	-53.910092
33462.890625	-54.376559
33465.820312	-54.771607
33468.750000	-54.513076
33471.679688	-54.191734
33474.609375	-54.350597
33477.539062	-53.990628
33480.468750	-54.290776
33483.398438	-54.625017
33486.328125	-54.365495
33489.257812	-54.658401
33492.187500	-54.828586
33495.117188	-54.985956
33498.046875	-55.237550
33500.976562	-54.340550
33503.906250	-53.880201
33506.835938	-54.198788
33509.765625	-54.835527
33512.695312	-55.591531
33515.625000	-54.493512
33518.554688	-54.658333
33521.484375	-54.417223
33524.414062	-54.336881
33527.343750	-55.658033
33530.273438	-55.843476
33533.203125	-55.389848
33536.132812	-54.847204
33539.062500	-55.009081
33541.992188	-54.285059
33544.921875	-54.736376
33547.851562	-54.595672
33550.781250	-55.381910
33553.710938	-55.942280
33556.640625	-55.266986
33559.570312	-54.519478
33562.500000	-54.018181
33565.429688	-54.589796
33568.359375	-54.011581
33571.289062	-54.300954
33574.218750	-55.622943
33577.148438	-54.865407
33580.078125	-54.038475
33583.007812	-54.255798
33585.937500	-54.421238
33588.867188	-54.914915
33591.796875	-55.032162
33594.726562	-55.859452
33597.656250	-56.240576
33600.585938	-55.064410
33603.515625	-54.623321
33606.445312	-54.490507
33609.375000	-54.364388
33612.304688	-53.745305
33615.234375	-53.462111
33618.164062	-52.943911
33621.093750	-54.271907
33624.023438	-54.468115
33626.953125	-54.616566
33629.882812	-54.110969
33632.812500	-54.742996
33635.742188	-54.699140
33638.671875	-54.355616
33641.601562	-54.590801
33644.531250	-55.006768
33647.460938	-54.591372
33650.390625	-54.542748
33653.320312	-54.524261
33656.250000	-53.772929
33659.179688	-54.740190
33662.109375	-54.413971
33665.039062	-53.986965
33667.968750	-54.432339
33670.898438	-54.407745
33673.828125	-53.630769
33676.757812	-55.466394
33679.687500	-54.640251
33682.617188	-53.945842
33685.546875	-54.604704
33688.476562	-55.063901
33691.406250	-54.068378
33694.335938	-54.618267
33697.265625	-53.908020
33700.195312	-54.734415
33703.125000	-55.288411
33706.054688	-55.507062
33708.984375	-54.981214
33711.914062	-54.708186
33714.843750	-54.073753
33717.773438	-53.936711
33720.703125	-54.327192
33723.632812	-54.952961
33726.562500	-55.517308
33729.492188	-55.011874
33732.421875	-55.184296
33735.351562	-54.322130
33738.281250	-53.416927
33741.210938	-53.720012
33744.140625	-54.479463
33747.070312	-54.769743
33750.000000	-54.657894
33752.929688	-54.403122
33755.859375	-53.742523
33758.789062	-54.075849
33761.718750	-54.761447
33764.648438	-54.535752
33767.578125	-54.315444
33770.507812	-53.947121
33773.437500	-55.029258
33776.367188	-53.902231
33779.296875	-53.585023
33782.226562	-54.162853
33785.156250	-54.723051
33788.085938	-54.927788
33791.015625	-55.248223
33793.945312	-55.021557
33796.875000	-55.542438
33799.804688	-55.372521
33802.734375	-54.937004
33805.664062	-53.573802
33808.593750	-54.161457
33811.523438	-54.629477
33814.453125	-55.141587
33817.382812	-55.189619
33820.312500	-53.872633
33823.242188	-53.855512
33826.171875	-54.080646
33829.101562	-55.313426
33832.031250	-54.081146
33834.960938	-53.928832
33837.890625	-53.752683
33840.820312	-52.954119
33843.750000	-53.414231
33846.679688	-54.358343
33849.609375	-54.278279
33852.539062	-55.060254
33855.468750	-55.828942
33858.398438	-55.252602
33861.328125	-55.615618
33864.257812	-54.707388
33867.187500	-55.478747
33870.117188	-55.630980
33873.046875	-55.026964
33875.976562	-55.205082
33878.906250	-54.504498
33881.835938	-54.219771
33884.765625	-53.876868
33887.695312	-53.874828
33890.625000	-54.953992
33893.554688	-54.694353
33896.484375	-54.817687
33899.414062	-54.527376
33902.343750	-55.312488
33905.273438	-55.402245
33908.203125	-54.710061
33911.132812	-55.536179
33914.062500	-54.723383
33916.992188	-55.431074
33919.921875	-54.908029
33922.851562	-55.066149
33925.781250	-55.802430
33928.710938	-54.446222
33931.640625	-54.261620
33934.570312	-54.605211
33937.500000	-54.712337
33940.429688	-54.017732
33943.359375	-54.343569
33946.289062	-54.355685
33949.218750	-55.497054
33952.148438	-54.663559
33955.078125	-54.303352
33958.007812	-54.669977
33960.937500	-54.284110
33963.867188	-54.319731
33966.796875	-54.549247
33969.726562	-54.312976
33972.656250	-54.540296
33975.585938	-55.424760
33978.515625	-55.030318
33981.445312	-53.919747
33984.375000	-54.915122
33987.304688	-54.419709
33990.234375	-54.154003
33993.164062	-54.767210
33996.093750	-55.257886
33999.023438	-54.186750
34001.953125	-54.972814
34004.882812	-54.605533
34007.812500	-54.077043
34010.742188	-55.415796
34013.671875	-54.998998
34016.601562	-55.311390
34019.531250	-54.756783
34022.460938	-54.548099
34025.390625	-54.984882
34028.320312	-55.073985
34031.250000	-54.781797
34034.179688	-54.843995
34037.109375	-54.908335
34040.039062	-54.544803
34042.968750	-54.175791
34045.898438	-53.956515
34048.828125	-53.859373
34051.757812	-56.081077
34054.687500	-55.077157
34057.617188	-54.503443
34060.546875	-54.842090
34063.476562	-54.666356
34066.406250	-54.130046
34069.335938	-54.304974
34072.265625	-54.380774
34075.195312	-55.527335
34078.125000	-54.550924
34081.054688	-54.469024
34083.984375	-54.016821
34086.914062	-53.375653
34089.843750	-53.965183
34092.773438	-54.851386
34095.703125	-55.132743
34098.632812	-54.894700
34101.562500	-55.233294
34104.492188	-55.159372
34107.421875	-54.794901
34110.351562	-53.959550
34113.281250	-53.825278
34116.210938	-54.187434
34119.140625	-53.506605
34122.070312	-53.770206
34125.000000	-54.242465
34127.929688	-55.088330
34130.859375	-55.138611
34133.789062	-54.524747
34136.718750	-54.036408
34139.648438	-54.216256
34142.578125	-55.479675
34145.507812	-55.239470
34148.437500	-55.527063
34151.367188	-55.492408
34154.296875	-55.325033
34157.226562	-55.005255
34160.156250	-55.176470
34163.085938	-53.863312
34166.015625	-53.950621
34168.945312	-55.322121
34171.875000	-55.728244
34174.804688	-54.563410
34177.734375	-54.686350
34180.664062	-54.627917
34183.593750	-54.992021
34186.523438	-54.748359
34189.453125	-54.476693
34192.382812	-55.406738
34195.312500	-55.156189
34198.242188	-55.251285
34201.171875	-55.201872
34204.101562	-54.752878
34207.031250	-55.443849
34209.960938	-56.222675
34212.890625	-55.057462
34215.820312	-54.189528
34218.750000	-54.452291
34221.679688	-54.778652
34224.609375	-54.917616
34227.539062	-55.548967
34230.468750	-54.199955
34233.398438	-54.576666
34236.328125	-54.328221
34239.257812	-53.834111
34242.187500	-53.512252
34245.117188	-54.441215
34248.046875	-54.970413
34250.976562	-54.287244
34253.906250	-55.174210
34256.835938	-55.333428
34259.765625	-55.633381
34262.695312	-55.943203
34265.625000	-55.659919
34268.554688	-55.426884
34271.484375	-54.573690
34274.414062	-54.723066
34277.343750	-54.630003
34280.273438	-54.402222
34283.203125	-54.213661
34286.132812	-55.322153
34289.062500	-54.948199
34291.992188	-54.258434
34294.921875	-54.281586
34297.851562	-54.529198
34300.781250	-55.256103
34303.710938	-53.981885
34306.640625	-53.104427
34309.570312	-53.415859
34312.500000	-55.134728
34315.429688	-54.215258
34318.359375	-55.259278
34321.289062	-55.545750
34324.218750	-54.968898
34327.148438	-55.199819
34330.078125	-55.230174
34333.007812	-54.716025
34335.937500	-54.439326
34338.867188	-54.126462
34341.796875	-54.944193
34344.726562	-54.337164
34347.656250	-53.425226
34350.585938	-54.694821
34353.515625	-55.578126
34356.445312	-55.158907
34359.375000	-55.147711
34362.304688	-54.732483
34365.234375	-54.431981
34368.164062	-55.036747
34371.093750	-54.203683
34374.023438	-54.741934
34376.953125	-55.239245
34379.882812	-54.902320
34382.812500	-54.519319
34385.742188	-53.792784
34388.671875	-54.586237
34391.601562	-54.366749
34394.531250	-53.854629
34397.460938	-55.028290
34400.390625	-54.545176
34403.320312	-55.210185
34406.250000	-54.816459
34409.179688	-53.986059
34412.109375	-54.507223
34415.039062	-54.708287
34417.968750	-55.470375
34420.898438	-55.414893
34423.828125	-54.523137
34426.757812	-54.472180
34429.687500	-54.659886
34432.617188	-54.911144
34435.546875	-55.911980
34438.476562	-55.464228
34441.406250	-55.704612
34444.335938	-54.934848
34447.265625	-54.614506
34450.195312	-54.630981
34453.125000	-54.570871
34456.054688	-55.042958
34458.984375	-54.724135
34461.914062	-55.044735
34464.843750	-56.067080
34467.773438	-55.590907
34470.703125	-54.637900
34473.632812	-54.378188
34476.562500	-54.726458
34479.492188	-54.829346
34482.421875	-56.163921
34485.351562	-55.968545
34488.281250	-55.827953
34491.210938	-55.689676
34494.140625	-54.874612
34497.070312	-55.332600
34500.000000	-55.988174
34502.929688	-54.919903
34505.859375	-54.347040
34508.789062	-53.668315
34511.718750	-54.251389
34514.648438	-54.839390
34517.578125	-53.862773
34520.507812	-54.070974
34523.437500	-54.724304
34526.367188	-54.710735
34529.296875	-54.352568
34532.226562	-53.603709
34535.156250	-54.892405
34538.085938	-55.492932
34541.015625	-56.143330
34543.945312	-55.906106
34546.875000	-54.840551
34549.804688	-54.960764
34552.734375	-54.066387
34555.664062	-54.980268
34558.593750	-55.719024
34561.523438	-53.957534
34564.453125	-55.178327
34567.382812	-55.868191
34570.312500	-55.484688
34573.242188	-54.893798
34576.171875	-55.071980
34579.101562	-54.620753
34582.031250	-54.210706
34584.960938	-53.957323
34587.890625	-54.544492
34590.820312	-54.256606
34593.750000	-53.915944
34596.679688	-53.188683
34599.609375	-53.854391
34602.539062	-54.433363
34605.468750	-54.765137
34608.398438	-54.601136
34611.328125	-54.518638
34614.257812	-55.047860
34617.187500	-54.783135
34620.117188	-54.433357
34623.046875	-54.278944
34625.976562	-53.669205
34628.906250	-54.122535
34631.835938	-54.052987
34634.765625	-55.211116
34637.695312	-55.354059
34640.625000	-52.755153
34643.554688	-54.050642
34646.484375	-55.150492
34649.414062	-53.633200
34652.343750	-53.162628
34655.273438	-55.663517
34658.203125	-56.378822
34661.132812	-55.115016
34664.062500	-54.936677
34666.992188	-55.342137
34669.921875	-54.796422
34672.851562	-54.978259
34675.781250	-54.669625
34678.710938	-53.893938
34681.640625	-54.210268
34684.570312	-54.853629
34687.500000	-55.613399
34690.429688	-54.628315
34693.359375	-53.490564
34696.289062	-53.792266
34699.218750	-54.420668
34702.148438	-54.562229
34705.078125	-53.795938
34708.007812	-53.672088
34710.937500	-54.863368
34713.867188	-54.879883
34716.796875	-54.563055
34719.726562	-53.161224
34722.656250	-52.938707
34725.585938	-54.503369
34728.515625	-54.849959
34731.445312	-54.937686
34734.375000	-55.520985
34737.304688	-56.071349
34740.234375	-55.402008
34743.164062	-54.585226
34746.093750	-54.205865
34749.023438	-55.308502
34751.953125	-54.878951
34754.882812	-54.659712
34757.812500	-55.002000
34760.742188	-55.437967
34763.671875	-55.646011
34766.601562	-55.091960
34769.531250	-54.895635
34772.460938	-54.839121
34775.390625	-55.359954
34778.320312	-56.043389
34781.250000	-56.557584
34784.179688	-55.767334
34787.109375	-55.528831
34790.039062	-55.140094
34792.968750	-55.088678
34795.898438	-54.515367
34798.828125	-55.135823
34801.757812	-54.951759
34804.687500	-55.401193
34807.617188	-55.049115
34810.546875	-55.307034
34813.476562	-55.299784
34816.406250	-54.647941
34819.335938	-54.340345
34822.265625	-54.649432
34825.195312	-54.478790
34828.125000	-54.485445
34831.054688	-55.168037
34833.984375	-54.677205
34836.914062	-54.465305
34839.843750	-54.716906
34842.773438	-56.143611
34845.703125	-56.268851
34848.632812	-54.920901
34851.562500	-54.867961
34854.492188	-55.347775
34857.421875	-54.693547
34860.351562	-55.639446
34863.281250	-54.993615
34866.210938	-54.907860
34869.140625	-54.160629
34872.070312	-54.070428
34875.000000	-54.188193
34877.929688	-54.981148
34880.859375	-54.446441
34883.789062	-54.271379
34886.718750	-54.379566
34889.648438	-54.012717
34892.578125	-54.959937
34895.507812	-54.748957
34898.437500	-55.158925
34901.367188	-55.981731
34904.296875	-55.110745
34907.226562	-55.657333
34910.156250	-55.667561
34913.085938	-54.507195
34916.015625	-54.944558
34918.945312	-55.322186
34921.875000	-55.469554
34924.804688	-55.377205
34927.734375	-55.388620
34930.664062	-55.609329
34933.593750	-54.670518
34936.523438	-54.512863
34939.453125	-55.034544
34942.382812	-54.992153
34945.312500	-54.850783
34948.242188	-55.173535
34951.171875	-55.112423
34954.101562	-54.113872
34957.031250	-53.314496
34959.960938	-53.598731
34962.890625	-53.883845
34965.820312	-53.368773
34968.750000	-54.389837
34971.679688	-53.991364
34974.609375	-54.328389
34977.539062	-54.859723
34980.468750	-54.967709
34983.398438	-55.718859
34986.328125	-55.667169
34989.257812	-55.028787
34992.187500	-54.924592
34995.117188	-53.751216
34998.046875	-53.708739
35000.976562	-54.294011
35003.906250	-53.946838
35006.835938	-54.090958
35009.765625	-54.394162
35012.695312	-54.128200
35015.625000	-55.298281
35018.554688	-54.351148
35021.484375	-54.219535
35024.414062	-54.261059
35027.343750	-54.734444
35030.273438	-54.770242
35033.203125	-54.521010
35036.132812	-55.559433
35039.062500	-55.440006
35041.992188	-54.021792
35044.921875	-55.163500
35047.851562	-55.457133
35050.781250	-55.167848
35053.710938	-54.827754
35056.640625	-54.603800
35059.570312	-54.438000
35062.500000	-55.540204
35065.429688	-54.930253
35068.359375	-55.116779
35071.289062	-54.958859
35074.218750	-55.061813
35077.148438	-55.148548
35080.078125	-55.470200
35083.007812	-55.409463
35085.937500	-54.869653
35088.867188	-53.506361
35091.796875	-54.770427
35094.726562	-55.242445
35097.656250	-55.865310
35100.585938	-56.250158
35103.515625	-55.302659
35106.445312	-54.466282
35109.375000	-54.282670
35112.304688	-54.870048
35115.234375	-54.581863
35118.164062	-55.017859
35121.093750	-55.434624
35124.023438	-55.213121
35126.953125	-54.806146
35129.882812	-55.476138
35132.812500	-55.436873
35135.742188	-54.522615
35138.671875	-54.704654
35141.601562	-54.762341
35144.531250	-54.692177
35147.460938	-55.150682
35150.390625	-55.609305
35153.320312	-55.249861
35156.250000	-55.483672
35159.179688	-55.567655
35162.109375	-55.550627
35165.039062	-56.150366
35167.968750	-54.788952
35170.898438	-55.276352
35173.828125	-53.487390
35176.757812	-53.202621
35179.687500	-54.303420
35182.617188	-54.584985
35185.546875	-54.794519
35188.476562	-54.446192
35191.406250	-55.273049
35194.335938	-54.290013
35197.265625	-54.294922
35200.195312	-54.501248
35203.125000	-53.613501
35206.054688	-53.657651
35208.984375	-53.889010
35211.914062	-54.626411
35214.843750	-56.045689
35217.773438	-56.292985
35220.703125	-55.368825
35223.632812	-55.081713
35226.562500	-54.323142
35229.492188	-55.310930
35232.421875	-54.172298
35235.351562	-54.303538
35238.281250	-54.245390
35241.210938	-55.198721
35244.140625	-55.547018
35247.070312	-56.194004
35250.000000	-55.909233
35252.929688	-54.464813
35255.859375	-54.309103
35258.789062	-54.696430
35261.718750	-55.002800
35264.648438	-54.475409
35267.578125	-54.321614
35270.507812	-53.785524
35273.437500	-53.932738
35276.367188	-53.721573
35279.296875	-54.990692
35282.226562	-55.040815
35285.156250	-54.006250
35288.085938	-54.166086
35291.015625	-54.368213
35293.945312	-54.256435
35296.875000	-54.540731
35299.804688	-55.038815
35302.734375	-54.406522
35305.664062	-55.030255
35308.593750	-54.849641
35311.523438	-54.748477
35314.453125	-54.611393
35317.382812	-54.522358
35320.312500	-54.299921
35323.242188	-54.467470
35326.171875	-55.400660
35329.101562	-55.812780
35332.031250	-55.568581
35334.960938	-55.447125
35337.890625	-56.035374
35340.820312	-55.287910
35343.750000	-54.541676
35346.679688	-55.645817
35349.609375	-55.320181
35352.539062	-54.580305
35355.468750	-54.092471
35358.398438	-54.460340
35361.328125	-56.010160
35364.257812	-55.696507
35367.187500	-55.419939
35370.117188	-56.018436
35373.046875	-55.202680
35375.976562	-55.096189
35378.906250	-54.804715
35381.835938	-54.924101
35384.765625	-54.900176
35387.695312	-54.353665
35390.625000	-54.178218
35393.554688	-55.119808
35396.484375	-55.054322
35399.414062	-54.686260
35402.343750	-53.990230
35405.273438	-54.647319
35408.203125	-56.675786
35411.132812	-56.037940
35414.062500	-54.867260
35416.992188	-55.112542
35419.921875	-54.533331
35422.851562	-54.429702
35425.781250	-54.789755
35428.710938	-53.937143
35431.640625	-54.138163
35434.570312	-54.495772
35437.500000	-54.306052
35440.429688	-54.688498
35443.359375	-55.592482
35446.289062	-55.297379
35449.218750	-54.455561
35452.148438	-54.792357
35455.078125	-54.969843
35458.007812	-55.176473
35460.937500	-55.389154
35463.867188	-55.396103
35466.796875	-54.472253
35469.726562	-53.982518
35472.656250	-54.666035
35475.585938	-55.096381
35478.515625	-53.854553
35481.445312	-54.248487
35484.375000	-54.333678
35487.304688	-54.462430
35490.234375	-55.070015
35493.164062	-54.834309
35496.093750	-55.199136
35499.023438	-54.074425
35501.953125	-54.055531
35504.882812	-54.015049
35507.812500	-54.041324
35510.742188	-54.488144
35513.671875	-54.678112
35516.601562	-53.605174
35519.531250	-55.044559
35522.460938	-54.874312
35525.390625	-54.710070
35528.320312	-54.028247
35531.250000	-54.351159
35534.179688	-54.668806
35537.109375	-54.675329
35540.039062	-54.525727
35542.968750	-55.102477
35545.898438	-54.713733
35548.828125	-53.902121
35551.757812	-53.415324
35554.687500	-54.516066
35557.617188	-54.326146
35560.546875	-54.646830
35563.476562	-54.692234
35566.406250	-54.305174
35569.335938	-55.194019
35572.265625	-54.514501
35575.195312	-55.320852
35578.125000	-54.995555
35581.054688	-54.435351
35583.984375	-54.735829
35586.914062	-54.108322
35589.843750	-54.455081
35592.773438	-54.983545
35595.703125	-54.929645
35598.632812	-54.622395
35601.562500	-55.741749
35604.492188	-55.451913
35607.421875	-55.086572
35610.351562	-55.172462
35613.281250	-54.858867
35616.210938	-55.027806
35619.140625	-54.171928
35622.070312	-54.228497
35625.000000	-55.222199
35627.929688	-54.904320
35630.859375	-55.132391
35633.789062	-55.411655
35636.718750	-55.694645
35639.648438	-55.884821
35642.578125	-54.349527
35645.507812	-53.884457
35648.437500	-54.378940
35651.367188	-54.361212
35654.296875	-53.360027
35657.226562	-54.248532
35660.156250	-56.020685
35663.085938	-54.862417
35666.015625	-54.311417
35668.945312	-54.424372
35671.875000	-54.817776
35674.804688	-53.904306
35677.734375	-54.033109
35680.664062	-54.641150
35683.593750	-54.018937
35686.523438	-54.153855
35689.453125	-54.427528
35692.382812	-53.789478
35695.312500	-54.179653
35698.242188	-53.860338
35701.171875	-53.840927
35704.101562	-53.898209
35707.031250	-54.343239
35709.960938	-56.295880
35712.890625	-56.239483
35715.820312	-54.817643
35718.750000	-53.840811
35721.679688	-54.871115
35724.609375	-55.160099
35727.539062	-55.325917
35730.468750	-55.137199
35733.398438	-53.371752
35736.328125	-53.421493
35739.257812	-55.108828
35742.187500	-56.027851
35745.117188	-55.314913
35748.046875	-54.759509
35750.976562	-54.809983
35753.906250	-54.732118
35756.835938	-54.571938
35759.765625	-54.678666
35762.695312	-55.523774
35765.625000	-54.596588
35768.554688	-53.644110
35771.484375	-54.153657
35774.414062	-54.287719
35777.343750	-54.011573
35780.273438	-53.320911
35783.203125	-54.476889
35786.132812	-54.363860
35789.062500	-54.890514
35791.992188	-54.554528
35794.921875	-53.761814
35797.851562	-53.973757
35800.781250	-54.444323
35803.710938	-54.473896
35806.640625	-54.856548
35809.570312	-54.514657
35812.500000	-54.835313
35815.429688	-56.314697
35818.359375	-56.430405
35821.289062	-54.959430
35824.218750	-55.013401
35827.148438	-55.188695
35830.078125	-54.579869
35833.007812	-54.425964
35835.937500	-54.720753
35838.867188	-55.095007
35841.796875	-55.317859
35844.726562	-55.330773
35847.656250	-56.235315
35850.585938	-54.579787
35853.515625	-53.727795
35856.445312	-55.124695
35859.375000	-55.413920
35862.304688	-55.355655
35865.234375	-55.166758
35868.164062	-55.286956
35871.093750	-55.531742
35874.023438	-54.725511
35876.953125	-53.932286
35879.882812	-53.846557
35882.812500	-55.642588
35885.742188	-55.876186
35888.671875	-54.843636
35891.601562	-55.139730
35894.531250	-55.992229
35897.460938	-56.078217
35900.390625	-55.820841
35903.320312	-55.222613
35906.250000	-54.276227
35909.179688	-54.277348
35912.109375	-54.460924
35915.039062	-54.689862
35917.968750	-55.788027
35920.898438	-55.959360
35923.828125	-55.417357
35926.757812	-54.063456
35929.687500	-54.350347
35932.617188	-55.066045
35935.546875	-56.352302
35938.476562	-54.022783
35941.406250	-53.442031
35944.335938	-54.523091
35947.265625	-55.259033
35950.195312	-55.329450
35953.125000	-55.022611
35956.054688	-55.304732
35958.984375	-54.134242
35961.914062	-54.769809
35964.843750	-55.250070
35967.773438	-55.863859
35970.703125	-54.505726
35973.632812	-54.767207
35976.562500	-54.966382
35979.492188	-54.697377
35982.421875	-55.821334
35985.351562	-54.781424
35988.281250	-55.720251
35991.210938	-55.582995
35994.140625	-53.928694
35997.070312	-53.347651
36000.000000	-54.707996
36002.929688	-54.811939
36005.859375	-54.769307
36008.789062	-53.885553
36011.718750	-54.682068
36014.648438	-55.406518
36017.578125	-56.629233
36020.507812	-55.249488
36023.437500	-55.329205
36026.367188	-55.701096
36029.296875	-55.059120
36032.226562	-54.998846
36035.156250	-54.480878
36038.085938	-54.762951
36041.015625	-54.916016
36043.945312	-55.078247
36046.875000	-54.306881
36049.804688	-54.489965
36052.734375	-54.319077
36055.664062	-55.132339
36058.593750	-54.535678
36061.523438	-54.997056
36064.453125	-54.364700
36067.382812	-53.417155
36070.312500	-54.486665
36073.242188	-53.894043
36076.171875	-54.173872
36079.101562	-54.582760
36082.031250	-55.309511
36084.960938	-55.583860
36087.890625	-54.801497
36090.820312	-54.978199
36093.750000	-55.115104
36096.679688	-54.836261
36099.609375	-55.727581
36102.539062	-54.956932
36105.468750	-55.309526
36108.398438	-53.901664
36111.328125	-54.108928
36114.257812	-54.967605
36117.187500	-55.792940
36120.117188	-54.433121
36123.046875	-54.861514
36125.976562	-54.405714
36128.906250	-54.448978
36131.835938	-54.892208
36134.765625	-54.847789
36137.695312	-54.702326
36140.625000	-54.342150
36143.554688	-55.330585
36146.484375	-55.998419
36149.414062	-55.160429
36152.343750	-55.414886
36155.273438	-55.096138
36158.203125	-54.742665
36161.132812	-54.024131
36164.062500	-53.752034
36166.992188	-54.074412
36169.921875	-55.116518
36172.851562	-55.914335
36175.781250	-55.384802
36178.710938	-54.357903
36181.640625	-54.160672
36184.570312	-54.810611
36187.500000	-54.957862
36190.429688	-54.956969
36193.359375	-55.172846
36196.289062	-55.127811
36199.218750	-55.318308
36202.148438	-55.727641
36205.078125	-55.264599
36208.007812	-55.047050
36210.937500	-54.574695
36213.867188	-54.086761
36216.796875	-53.939459
36219.726562	-53.757644
36222.656250	-54.610067
36225.585938	-54.607121
36228.515625	-54.073199
36231.445312	-54.577798
36234.375000	-54.814991
36237.304688	-53.927881
36240.234375	-53.518170
36243.164062	-54.355381
36246.093750	-55.583287
36249.023438	-54.825325
36251.953125	-54.946995
36254.882812	-55.972469
36257.812500	-54.734981
36260.742188	-54.775251
36263.671875	-54.277397
36266.601562	-55.064240
36269.531250	-54.951042
36272.460938	-55.248199
36275.390625	-54.647855
36278.320312	-54.950444
36281.250000	-55.172407
36284.179688	-54.896368
36287.109375	-53.879424
36290.039062	-54.284504
36292.968750	-55.478809
36295.898438	-55.158987
36298.828125	-54.971828
36301.757812	-54.701372
36304.687500	-54.049324
36307.617188	-54.010058
36310.546875	-54.422902
36313.476562	-53.947264
36316.406250	-54.220039
36319.335938	-53.255873
36322.265625	-54.411259
36325.195312	-55.752967
36328.125000	-54.852949
36331.054688	-54.415985
36333.984375	-54.107461
36336.914062	-54.607640
36339.843750	-54.677412
36342.773438	-56.362541
36345.703125	-55.608573
36348.632812	-54.633491
36351.562500	-55.237358
36354.492188	-54.837789
36357.421875	-54.963655
36360.351562	-55.160297
36363.281250	-56.391385
36366.210938	-54.807951
36369.140625	-54.429217
36372.070312	-55.118705
36375.000000	-55.035861
36377.929688	-54.588934
36380.859375	-54.724492
36383.789062	-54.862209
36386.718750	-54.822099
36389.648438	-55.727049
36392.578125	-54.860262
36395.507812	-54.900026
36398.437500	-56.351051
36401.367188	-55.797555
36404.296875	-54.946974
36407.226562	-54.262660
36410.156250	-54.341154
36413.085938	-54.913604
36416.015625	-55.026025
36418.945312	-55.607874
36421.875000	-55.432989
36424.804688	-56.209362
36427.734375	-54.935891
36430.664062	-54.941723
36433.593750	-54.689147
36436.523438	-55.064721
36439.453125	-55.159139
36442.382812	-55.155217
36445.312500	-54.230775
36448.242188	-54.946161
36451.171875	-55.355717
36454.101562	-55.855920
36457.031250	-55.632350
36459.960938	-54.700692
36462.890625	-53.867641
36465.820312	-54.565748
36468.750000	-54.985855
36471.679688	-55.139660
36474.609375	-54.343947
36477.539062	-54.656019
36480.468750	-54.803875
36483.398438	-54.251438
36486.328125	-55.456498
36489.257812	-55.431416
36492.187500	-53.682454
36495.117188	-54.134338
36498.046875	-55.063214
36500.976562	-54.115125
36503.906250	-55.136925
36506.835938	-55.070755
36509.765625	-54.952581
36512.695312	-54.675521
36515.625000	-54.280044
36518.554688	-54.824664
36521.484375	-55.413534
36524.414062	-55.207452
36527.343750	-54.381747
36530.273438	-55.484464
36533.203125	-54.677084
36536.132812	-56.281150
36539.062500	-55.451646
36541.992188	-55.932579
36544.921875	-54.877898
36547.851562	-54.537412
36550.781250	-54.589996
36553.710938	-56.294192
36556.640625	-56.372829
36559.570312	-55.460254
36562.500000	-54.469107
36565.429688	-55.377222
36568.359375	-56.578196
36571.289062	-55.734094
36574.218750	-54.255144
36577.148438	-53.579144
36580.078125	-53.728554
36583.007812	-55.406989
36585.937500	-55.914631
36588.867188	-54.792552
36591.796875	-54.051560
36594.726562	-55.199670
36597.656250	-54.933737
36600.585938	-54.995313
36603.515625	-54.484328
36606.445312	-54.399448
36609.375000	-55.645527
36612.304688	-54.936858
36615.234375	-55.323305
36618.164062	-54.913175
36621.093750	-54.157497
36624.023438	-54.680624
36626.953125	-54.822358
36629.882812	-55.319592
36632.812500	-53.899269
36635.742188	-53.828312
36638.671875	-54.627970
36641.601562	-53.799879
36644.531250	-54.140268
36647.460938	-54.574023
36650.390625	-55.579629
36653.320312	-54.908397
36656.250000	-53.833253
36659.179688	-53.839908
36662.109375	-53.804060
36665.039062	-54.226001
36667.968750	-54.741421
36670.898438	-54.335997
36673.828125	-54.283549
36676.757812	-55.340341
36679.687500	-55.812804
36682.617188	-56.225637
36685.546875	-55.082366
36688.476562	-54.787955
36691.406250	-55.862446
36694.335938	-55.890026
36697.265625	-55.453164
36700.195312	-54.962821
36703.125000	-53.660541
36706.054688	-53.828648
36708.984375	-54.387569
36711.914062	-54.674124
36714.843750	-55.368085
36717.773438	-54.926478
36720.703125	-55.315864
36723.632812	-55.620074
36726.562500	-54.919597
36729.492188	-53.944725
36732.421875	-54.355224
36735.351562	-54.427255
36738.281250	-55.092340
36741.210938	-55.645093
36744.140625	-55.084035
36747.070312	-55.440186
36750.000000	-54.883539
36752.929688	-54.356881
36755.859375	-53.832478
36758.789062	-54.168728
36761.718750	-54.626479
36764.648438	-54.300003
36767.578125	-54.712451
36770.507812	-54.859706
36773.437500	-54.855961
36776.367188	-54.908691
36779.296875	-54.414846
36782.226562	-54.759715
36785.156250	-55.567488
36788.085938	-54.299844
36791.015625	-54.506555
36793.945312	-54.768661
36796.875000	-55.389278
36799.804688	-55.003079
36802.734375	-55.049039
36805.664062	-55.508070
36808.593750	-54.680445
36811.523438	-54.890926
36814.453125	-55.229354
36817.382812	-55.301841
36820.312500	-54.874231
36823.242188	-56.095765
36826.171875	-55.182606
36829.101562	-55.690614
36832.031250	-55.468556
36834.960938	-55.101611
36837.890625	-55.317870
36840.820312	-55.026746
36843.750000	-54.786911
36846.679688	-55.006290
36849.609375	-54.507222
36852.539062	-54.434872
36855.468750	-54.713957
36858.398438	-53.877573
36861.328125	-54.586354
36864.257812	-55.195545
36867.187500	-55.528427
36870.117188	-53.939770
36873.046875	-53.299136
36875.976562	-54.170744
36878.906250	-54.968535
36881.835938	-54.034779
36884.765625	-53.786371
36887.695312	-55.191275
36890.625000	-55.107506
36893.554688	-56.138364
36896.484375	-54.531336
36899.414062	-55.070248
36902.343750	-55.699836
36905.273438	-54.534886
36908.203125	-54.438631
36911.132812	-54.461449
36914.062500	-53.588770
36916.992188	-54.040944
36919.921875	-54.977706
36922.851562	-54.900742
36925.781250	-54.612669
36928.710938	-54.811932
36931.640625	-55.140249
36934.570312	-54.591164
36937.500000	-55.049509
36940.429688	-54.693027
36943.359375	-54.686161
36946.289062	-54.910501
36949.218750	-54.380485
36952.148438	-54.839452
36955.078125	-55.580191
36958.007812	-55.250891
36960.937500	-54.474735
36963.867188	-54.148915
36966.796875	-54.707453
36969.726562	-54.890435
36972.656250	-55.304264
36975.585938	-56.195707
36978.515625	-54.741074
36981.445312	-55.887337
36984.375000	-56.397199
36987.304688	-56.419146
36990.234375	-55.600886
36993.164062	-54.662094
36996.093750	-55.309133
36999.023438	-55.798629
37001.953125	-55.553002
37004.882812	-55.882558
37007.812500	-55.456070
37010.742188	-54.669631
37013.671875	-56.167120
37016.601562	-55.746862
37019.531250	-54.798829
37022.460938	-54.726373
37025.390625	-55.770126
37028.320312	-55.354764
37031.250000	-54.337208
37034.179688	-54.523146
37037.109375	-54.593596
37040.039062	-54.840775
37042.968750	-54.659168
37045.898438	-55.171945
37048.828125	-55.538162
37051.757812	-54.091270
37054.687500	-53.736587
37057.617188	-54.705772
37060.546875	-54.343236
37063.476562	-53.300345
37066.406250	-54.387026
37069.335938	-54.429770
37072.265625	-54.846398
37075.195312	-54.590059
37078.125000	-53.817405
37081.054688	-54.104756
37083.984375	-54.971241
37086.914062	-54.890000
37089.843750	-54.853737
37092.773438	-54.870147
37095.703125	-53.939125
37098.632812	-54.697209
37101.562500	-54.982200
37104.492188	-55.624169
37107.421875	-55.047737
37110.351562	-53.904624
37113.281250	-55.450221
37116.210938	-54.285821
37119.140625	-54.403466
37122.070312	-55.080413
37125.000000	-54.485376
37127.929688	-54.201345
37130.859375	-54.728758
37133.789062	-54.684941
37136.718750	-54.337608
37139.648438	-54.419357
37142.578125	-54.634607
37145.507812	-53.798131
37148.437500	-54.974301
37151.367188	-55.320678
37154.296875	-55.405412
37157.226562	-55.649627
37160.156250	-54.459212
37163.085938	-54.127006
37166.015625	-54.728147
37168.945312	-54.717859
37171.875000	-54.417348
37174.804688	-55.465109
37177.734375	-55.712227
37180.664062	-54.094216
37183.593750	-54.967636
37186.523438	-55.459942
37189.453125	-55.057041
37192.382812	-55.315581
37195.312500	-54.565570
37198.242188	-53.497971
37201.171875	-53.439298
37204.101562	-54.535226
37207.031250	-55.696361
37209.960938	-55.375849
37212.890625	-55.692051
37215.820312	-55.556350
37218.750000	-54.784570
37221.679688	-54.695250
37224.609375	-55.295863
37227.539062	-54.923168
37230.468750	-54.763452
37233.398438	-55.469406
37236.328125	-55.098878
37239.257812	-55.016464
37242.187500	-55.539659
37245.117188	-54.480705
37248.046875	-54.592873
37250.976562	-55.778474
37253.906250	-54.910121
37256.835938	-55.136633
37259.765625	-55.540685
37262.695312	-55.384501
37265.625000	-54.928676
37268.554688	-54.638577
37271.484375	-54.912525
37274.414062	-54.883486
37277.343750	-54.449386
37280.273438	-54.552060
37283.203125	-54.682732
37286.132812	-54.122306
37289.062500	-54.699590
37291.992188	-55.547983
37294.921875	-54.668459
37297.851562	-54.691555
37300.781250	-54.806116
37303.710938	-54.577079
37306.640625	-54.923877
37309.570312	-54.563937
37312.500000	-54.422299
37315.429688	-54.729815
37318.359375	-55.396782
37321.289062	-54.837645
37324.218750	-54.528076
37327.148438	-55.983762
37330.078125	-54.967146
37333.007812	-54.183001
37335.937500	-54.099711
37338.867188	-54.622196
37341.796875	-54.344138
37344.726562	-54.425011
37347.656250	-55.484160
37350.585938	-54.764941
37353.515625	-53.714876
37356.445312	-54.678059
37359.375000	-56.122376
37362.304688	-55.756735
37365.234375	-54.372664
37368.164062	-54.173832
37371.093750	-55.006326
37374.023438	-55.898867
37376.953125	-55.179266
37379.882812	-54.322682
37382.812500	-53.837498
37385.742188	-54.351605
37388.671875	-55.935619
37391.601562	-55.510751
37394.531250	-54.447578
37397.460938	-54.193769
37400.390625	-55.177105
37403.320312	-54.221063
37406.250000	-54.126036
37409.179688	-53.808588
37412.109375	-53.184977
37415.039062	-54.361674
37417.968750	-54.803011
37420.898438	-55.053046
37423.828125	-54.781586
37426.757812	-54.149160
37429.687500	-55.153231
37432.617188	-54.474432
37435.546875	-54.307401
37438.476562	-54.202455
37441.406250	-55.021598
37444.335938	-55.194217
37447.265625	-55.052225
37450.195312	-54.699700
37453.125000	-54.164120
37456.054688	-54.045690
37458.984375	-54.091237
37461.914062	-53.980536
37464.843750	-53.673071
37467.773438	-53.990277
37470.703125	-54.327092
37473.632812	-53.885547
37476.562500	-54.619143
37479.492188	-54.443905
37482.421875	-55.091300
37485.351562	-55.564129
37488.281250	-55.520452
37491.210938	-55.197369
37494.140625	-54.695178
37497.070312	-55.316791
37500.000000	-55.481911
37502.929688	-54.782263
37505.859375	-54.213419
37508.789062	-54.186092
37511.718750	-54.493692
37514.648438	-54.630445
37517.578125	-54.974670
37520.507812	-55.576917
37523.437500	-55.328776
37526.367188	-54.018377
37529.296875	-54.424491
37532.226562	-55.456042
37535.156250	-55.962257
37538.085938	-54.577571
37541.015625	-54.275544
37543.945312	-55.242425
37546.875000	-54.767586
37549.804688	-53.502698
37552.734375	-54.047674
37555.664062	-54.960295
37558.593750	-55.942088
37561.523438	-55.424803
37564.453125	-54.720444
37567.382812	-54.334127
37570.312500	-55.286007
37573.242188	-55.470984
37576.171875	-55.333151
37579.101562	-55.563111
37582.031250	-55.280542
37584.960938	-54.809620
37587.890625	-54.888168
37590.820312	-55.109526
37593.750000	-55.177114
37596.679688	-53.621865
37599.609375	-53.916935
37602.539062	-55.689472
37605.468750	-55.795858
37608.398438	-55.037566
37611.328125	-54.379779
37614.257812	-53.964577
37617.187500	-54.120906
37620.117188	-54.236697
37623.046875	-54.294839
37625.976562	-55.867671
37628.906250	-56.246361
37631.835938	-54.551718
37634.765625	-54.348885
37637.695312	-54.891396
37640.625000	-55.218752
37643.554688	-55.220537
37646.484375	-54.173817
37649.414062	-55.359808
37652.343750	-55.105067
37655.273438	-54.394662
37658.203125	-54.118176
37661.132812	-55.095462
37664.062500	-54.513182
37666.992188	-54.157659
37669.921875	-53.369221
37672.851562	-54.769288
37675.781250	-54.052036
37678.710938	-54.124258
37681.640625	-54.808251
37684.570312	-54.433271
37687.500000	-54.099778
37690.429688	-54.616526
37693.359375	-54.948201
37696.289062	-55.366679
37699.218750	-55.045832
37702.148438	-55.186991
37705.078125	-55.749473
37708.007812	-55.353373
37710.937500	-55.475583
37713.867188	-54.872367
37716.796875	-54.325850
37719.726562	-54.220742
37722.656250	-54.317095
37725.585938	-55.128064
37728.515625	-55.468605
37731.445312	-54.797840
37734.375000	-54.594513
37737.304688	-54.661613
37740.234375	-54.585018
37743.164062	-55.364395
37746.093750	-55.951661
37749.023438	-53.836328
37751.953125	-54.766704
37754.882812	-55.143803
37757.812500	-54.539673
37760.742188	-55.531303
37763.671875	-54.563303
37766.601562	-54.047825
37769.531250	-54.968296
37772.460938	-54.719581
37775.390625	-54.733622
37778.320312	-54.987059
37781.250000	-53.674936
37784.179688	-53.884726
37787.109375	-54.794094
37790.039062	-54.531031
37792.968750	-54.489888
37795.898438	-54.497621
37798.828125	-54.929525
37801.757812	-54.918052
37804.687500	-54.587069
37807.617188	-55.008781
37810.546875	-54.096908
37813.476562	-54.859276
37816.406250	-55.584671
37819.335938	-54.290621
37822.265625	-55.032145
37825.195312	-55.019480
37828.125000	-54.805080
37831.054688	-54.703442
37833.984375	-54.434263
37836.914062	-55.623508
37839.843750	-55.278745
37842.773438	-55.962846
37845.703125	-55.215547
37848.632812	-54.302095
37851.562500	-54.838781
37854.492188	-54.403194
37857.421875	-54.649403
37860.351562	-54.821621
37863.281250	-54.993375
37866.210938	-54.073311
37869.140625	-54.550465
37872.070312	-55.829476
37875.000000	-55.056117
37877.929688	-54.220541
37880.859375	-53.492864
37883.789062	-55.226118
37886.718750	-56.376917
37889.648438	-53.830969
37892.578125	-54.451111
37895.507812	-54.143039
37898.437500	-54.237486
37901.367188	-54.307347
37904.296875	-54.960825
37907.226562	-54.725774
37910.156250	-54.707258
37913.085938	-54.845991
37916.015625	-54.868896
37918.945312	-53.747050
37921.875000	-53.703992
37924.804688	-53.784046
37927.734375	-53.698893
37930.664062	-53.994814
37933.593750	-53.479171
37936.523438	-53.796403
37939.453125	-55.301839
37942.382812	-54.652033
37945.312500	-55.070671
37948.242188	-54.622987
37951.171875	-54.554844
37954.101562	-55.013076
37957.031250	-55.025787
37959.960938	-54.857179
37962.890625	-54.317855
37965.820312	-54.453291
37968.750000	-55.278759
37971.679688	-54.550551
37974.609375	-54.593056
37977.539062	-54.473924
37980.468750	-54.038055
37983.398438	-54.726817
37986.328125	-54.821613
37989.257812	-55.017628
37992.187500	-54.583356
37995.117188	-54.328062
37998.046875	-55.323664
38000.976562	-54.884644
38003.906250	-54.687614
38006.835938	-54.046475
38009.765625	-54.279361
38012.695312	-55.244116
38015.625000	-55.557265
38018.554688	-55.405115
38021.484375	-55.576986
38024.414062	-55.167689
38027.343750	-55.402549
38030.273438	-55.776536
38033.203125	-54.558130
38036.132812	-54.223599
38039.062500	-53.840089
38041.992188	-54.536457
38044.921875	-55.477060
38047.851562	-55.226198
38050.781250	-54.939012
38053.710938	-54.054366
38056.640625	-54.659878
38059.570312	-54.344319
38062.500000	-54.625945
38065.429688	-55.192920
38068.359375	-55.048998
38071.289062	-55.843896
38074.218750	-54.949509
38077.148438	-54.841792
38080.078125	-54.610440
38083.007812	-55.145179
38085.937500	-55.803192
38088.867188	-55.916066
38091.796875	-55.137292
38094.726562	-54.673086
38097.656250	-55.251385
38100.585938	-54.382125
38103.515625	-54.451473
38106.445312	-55.052440
38109.375000	-54.854724
38112.304688	-55.044131
38115.234375	-54.978645
38118.164062	-55.221568
38121.093750	-55.174129
38124.023438	-55.333641
38126.953125	-55.545471
38129.882812	-54.926858
38132.812500	-54.555600
38135.742188	-54.899357
38138.671875	-54.829764
38141.601562	-53.825099
38144.531250	-53.770582
38147.460938	-54.037010
38150.390625	-54.714166
38153.320312	-54.746862
38156.250000	-53.839920
38159.179688	-54.322271
38162.109375	-55.447822
38165.039062	-53.754129
38167.968750	-54.014020
38170.898438	-55.074443
38173.828125	-55.083037
38176.757812	-55.606957
38179.687500	-55.374216
38182.617188	-55.267779
38185.546875	-54.426671
38188.476562	-55.125236
38191.406250	-53.943193
38194.335938	-54.316736
38197.265625	-54.368977
38200.195312	-54.161700
38203.125000	-54.115564
38206.054688	-53.901215
38208.984375	-54.607929
38211.914062	-54.916011
38214.843750	-55.045513
38217.773438	-54.465570
38220.703125	-54.328340
38223.632812	-56.225700
38226.562500	-55.984195
38229.492188	-55.773969
38232.421875	-55.920732
38235.351562	-55.124490
38238.281250	-55.290553
38241.210938	-55.726471
38244.140625	-54.916024
38247.070312	-54.781024
38250.000000	-54.211479
38252.929688	-54.055920
38255.859375	-55.025342
38258.789062	-55.120492
38261.718750	-55.154815
38264.648438	-55.141031
38267.578125	-54.518969
38270.507812	-53.941103
38273.437500	-54.171108
38276.367188	-53.686553
38279.296875	-55.232754
38282.226562	-55.421351
38285.156250	-54.964551
38288.085938	-55.869865
38291.015625	-55.537664
38293.945312	-54.777433
38296.875000	-54.220274
38299.804688	-54.402635
38302.734375	-54.727068
38305.664062	-54.645448
38308.593750	-54.133707
38311.523438	-54.407581
38314.453125	-54.637040
38317.382812	-55.075320
38320.312500	-55.309524
38323.242188	-54.194967
38326.171875	-54.108530
38329.101562	-54.180037
38332.031250	-54.906429
38334.960938	-54.816203
38337.890625	-54.514554
38340.820312	-54.309333
38343.750000	-55.262073
38346.679688	-55.135976
38349.609375	-54.078927
38352.539062	-54.180999
38355.468750	-55.747968
38358.398438	-56.309170
38361.328125	-54.516396
38364.257812	-54.664133
38367.187500	-56.103669
38370.117188	-55.107003
38373.046875	-53.527015
38375.976562	-53.776973
38378.906250	-54.400482
38381.835938	-55.001841
38384.765625	-55.462788
38387.695312	-55.175551
38390.625000	-54.595291
38393.554688	-55.113760
38396.484375	-55.496118
38399.414062	-55.276452
38402.343750	-55.051025
38405.273438	-56.622100
38408.203125	-56.288506
38411.132812	-56.074422
38414.062500	-55.672888
38416.992188	-54.325828
38419.921875	-55.302266
38422.851562	-54.932768
38425.781250	-55.103040
38428.710938	-54.557836
38431.640625	-54.390737
38434.570312	-54.685359
38437.500000	-55.365293
38440.429688	-55.030901
38443.359375	-54.771936
38446.289062	-55.011797
38449.218750	-55.370463
38452.148438	-55.681412
38455.078125	-56.336095
38458.007812	-55.253986
38460.937500	-54.006679
38463.867188	-54.522731
38466.796875	-54.667593
38469.726562	-55.155612
38472.656250	-55.035562
38475.585938	-55.181514
38478.515625	-55.529660
38481.445312	-54.651023
38484.375000	-55.530514
38487.304688	-54.966634
38490.234375	-54.461679
38493.164062	-54.715517
38496.093750	-54.149241
38499.023438	-53.829667
38501.953125	-53.839712
38504.882812	-54.571565
38507.812500	-55.158716
38510.742188	-54.174610
38513.671875	-54.612724
38516.601562	-54.779030
38519.531250	-55.687138
38522.460938	-55.498756
38525.390625	-54.434261
38528.320312	-54.598336
38531.250000	-54.684392
38534.179688	-54.528768
38537.109375	-55.014804
38540.039062	-54.820762
38542.968750	-54.414822
38545.898438	-54.682939
38548.828125	-56.086626
38551.757812	-54.698558
38554.687500	-53.451959
38557.617188	-54.504723
38560.546875	-54.989733
38563.476562	-54.072654
38566.406250	-54.929872
38569.335938	-54.148548
38572.265625	-53.278032
38575.195312	-55.320664
38578.125000	-55.270438
38581.054688	-55.485396
38583.984375	-55.581026
38586.914062	-55.533061
38589.843750	-54.921273
38592.773438	-55.093303
38595.703125	-55.314885
38598.632812	-54.586895
38601.562500	-54.666253
38604.492188	-55.829268
38607.421875	-55.839667
38610.351562	-55.067701
38613.281250	-54.977817
38616.210938	-55.080326
38619.140625	-54.395271
38622.070312	-54.710262
38625.000000	-55.534048
38627.929688	-55.049892
38630.859375	-54.701198
38633.789062	-54.400705
38636.718750	-54.676465
38639.648438	-54.824629
38642.578125	-55.239651
38645.507812	-55.120671
38648.437500	-55.092285
38651.367188	-54.485337
38654.296875	-54.769876
38657.226562	-55.778106
38660.156250	-55.879193
38663.085938	-54.906056
38666.015625	-54.906478
38668.945312	-54.182733
38671.875000	-53.787337
38674.804688	-53.587838
38677.734375	-54.675401
38680.664062	-54.728871
38683.593750	-54.511218
38686.523438	-55.677194
38689.453125	-54.749878
38692.382812	-54.368303
38695.312500	-54.919159
38698.242188	-54.428142
38701.171875	-53.849633
38704.101562	-54.442775
38707.031250	-54.231194
38709.960938	-54.445775
38712.890625	-54.914678
38715.820312	-54.582136
38718.750000	-55.244962
38721.679688	-55.552477
38724.609375	-54.541404
38727.539062	-56.553327
38730.468750	-56.050725
38733.398438	-55.451240
38736.328125	-55.155300
38739.257812	-55.094835
38742.187500	-54.763333
38745.117188	-54.485193
38748.046875	-54.836197
38750.976562	-55.360480
38753.906250	-55.352696
38756.835938	-54.962327
38759.765625	-54.184047
38762.695312	-54.543270
38765.625000	-55.271578
38768.554688	-55.073486
38771.484375	-54.658540
38774.414062	-54.178763
38777.343750	-54.591948
38780.273438	-55.049322
38783.203125	-55.109359
38786.132812	-55.853186
38789.062500	-54.956066
38791.992188	-55.235935
38794.921875	-54.530453
38797.851562	-54.124349
38800.781250	-54.290204
38803.710938	-55.041120
38806.640625	-55.865801
38809.570312	-54.565429
38812.500000	-54.389530
38815.429688	-54.674655
38818.359375	-55.559850
38821.289062	-55.430202
38824.218750	-54.333659
38827.148438	-54.238389
38830.078125	-53.532040
38833.007812	-53.799632
38835.937500	-54.067660
38838.867188	-54.881027
38841.796875	-54.924791
38844.726562	-54.228628
38847.656250	-55.714674
38850.585938	-55.263476
38853.515625	-54.707354
38856.445312	-54.536339
38859.375000	-54.260119
38862.304688	-53.659930
38865.234375	-54.283770
38868.164062	-55.062312
38871.093750	-55.521206
38874.023438	-53.708900
38876.953125	-55.093399
38879.882812	-54.536058
38882.812500	-54.813921
38885.742188	-54.758060
38888.671875	-54.630052
38891.601562	-55.499237
38894.531250	-55.026695
38897.460938	-55.046561
38900.390625	-54.511992
38903.320312	-53.961476
38906.250000	-54.726898
38909.179688	-54.828650
38912.109375	-54.354876
38915.039062	-55.620833
38917.968750	-54.598832
38920.898438	-54.890842
38923.828125	-54.934734
38926.757812	-54.533485
38929.687500	-55.242725
38932.617188	-56.255015
38935.546875	-55.130372
38938.476562	-54.004232
38941.406250	-54.785855
38944.335938	-55.168347
38947.265625	-54.846516
38950.195312	-55.446907
38953.125000	-55.683543
38956.054688	-55.325459
38958.984375	-54.489824
38961.914062	-54.687342
38964.843750	-54.275455
38967.773438	-54.916004
38970.703125	-55.291915
38973.632812	-54.900050
38976.562500	-54.361642
38979.492188	-54.516858
38982.421875	-54.919355
38985.351562	-54.742990
38988.281250	-54.840327
38991.210938	-54.554392
38994.140625	-54.157585
38997.070312	-53.879131
39000.000000	-54.142010
39002.929688	-54.596878
39005.859375	-54.862821
39008.789062	-54.745620
39011.718750	-54.287585
39014.648438	-55.117865
39017.578125	-54.693339
39020.507812	-54.682959
39023.437500	-54.251235
39026.367188	-55.124761
39029.296875	-56.279297
39032.226562	-55.545673
39035.156250	-54.421510
39038.085938	-54.168599
39041.015625	-55.070473
39043.945312	-53.682561
39046.875000	-54.313829
39049.804688	-55.259426
39052.734375	-54.650402
39055.664062	-53.953226
39058.593750	-53.669786
39061.523438	-54.282766
39064.453125	-55.019133
39067.382812	-55.690102
39070.312500	-54.514207
39073.242188	-54.415701
39076.171875	-54.585893
39079.101562	-55.575999
39082.031250	-56.149986
39084.960938	-55.909401
39087.890625	-55.024163
39090.820312	-55.213952
39093.750000	-54.968580
39096.679688	-54.083327
39099.609375	-54.614586
39102.539062	-54.990421
39105.468750	-54.940859
39108.398438	-54.401741
39111.328125	-54.658694
39114.257812	-54.700397
39117.187500	-55.112326
39120.117188	-55.364872
39123.046875	-55.341229
39125.976562	-55.156880
39128.906250	-54.766301
39131.835938	-55.113865
39134.765625	-55.510981
39137.695312	-55.586047
39140.625000	-54.809003
39143.554688	-54.080566
39146.484375	-54.767514
39149.414062	-55.221044
39152.343750	-54.852161
39155.273438	-54.970107
39158.203125	-53.240538
39161.132812	-53.509972
39164.062500	-55.264406
39166.992188	-55.943625
39169.921875	-54.224137
39172.851562	-54.858701
39175.781250	-56.207729
39178.710938	-56.513699
39181.640625	-55.587694
39184.570312	-54.146235
39187.500000	-54.752549
39190.429688	-55.001552
39193.359375	-54.718449
39196.289062	-54.497445
39199.218750	-54.375892
39202.148438	-54.562010
39205.078125	-55.046331
39208.007812	-55.013758
39210.937500	-54.408976
39213.867188	-54.076350
39216.796875	-53.721307
39219.726562	-54.517583
39222.656250	-54.319623
39225.585938	-54.499576
39228.515625	-54.011207
39231.445312	-54.580262
39234.375000	-55.263343
39237.304688	-54.533973
39240.234375	-54.090915
39243.164062	-54.568601
39246.093750	-53.984966
39249.023438	-54.639455
39251.953125	-55.316357
39254.882812	-53.947448
39257.812500	-54.458341
39260.742188	-55.047834
39263.671875	-54.874044
39266.601562	-53.917780
39269.531250	-54.394591
39272.460938	-54.420461
39275.390625	-53.717649
39278.320312	-54.564011
39281.250000	-55.622827
39284.179688	-54.721411
39287.109375	-54.372673
39290.039062	-54.483682
39292.968750	-54.713123
39295.898438	-55.113635
39298.828125	-55.398944
39301.757812	-55.312813
39304.687500	-55.104515
39307.617188	-56.710077
39310.546875	-55.390061
39313.476562	-55.602790
39316.406250	-55.578420
39319.335938	-55.215010
39322.265625	-54.411683
39325.195312	-53.247886
39328.125000	-53.004925
39331.054688	-54.355555
39333.984375	-55.464133
39336.914062	-55.971429
39339.843750	-55.302163
39342.773438	-54.818642
39345.703125	-56.271498
39348.632812	-56.167069
39351.562500	-55.217253
39354.492188	-55.052308
39357.421875	-54.657198
39360.351562	-54.381599
39363.281250	-54.484735
39366.210938	-55.193867
39369.140625	-55.507002
39372.070312	-54.967525
39375.000000	-54.932596
39377.929688	-55.267637
39380.859375	-56.281243
39383.789062	-54.908073
39386.718750	-53.802390
39389.648438	-53.989576
39392.578125	-55.222840
39395.507812	-54.677103
39398.437500	-54.024857
39401.367188	-55.250033
39404.296875	-54.243004
39407.226562	-53.799373
39410.156250	-55.121187
39413.085938	-55.226867
39416.015625	-54.658436
39418.945312	-55.176086
39421.875000	-56.175447
39424.804688	-54.757452
39427.734375	-54.471622
39430.664062	-54.402999
39433.593750	-54.815541
39436.523438	-54.199218
39439.453125	-54.588504
39442.382812	-55.878549
39445.312500	-54.743610
39448.242188	-54.943497
39451.171875	-54.640437
39454.101562	-54.293758
39457.031250	-53.996698
39459.960938	-54.502035
39462.890625	-54.978152
39465.820312	-54.633727
39468.750000	-54.045744
39471.679688	-55.036105
39474.609375	-55.171710
39477.539062	-54.188656
39480.468750	-53.710153
39483.398438	-53.373625
39486.328125	-54.323540
39489.257812	-55.457491
39492.187500	-55.451357
39495.117188	-55.605106
39498.046875	-54.025460
39500.976562	-53.999311
39503.906250	-54.311459
39506.835938	-55.196426
39509.765625	-55.865149
39512.695312	-54.070199
39515.625000	-54.087840
39518.554688	-54.485844
39521.484375	-54.648732
39524.414062	-55.275990
39527.343750	-55.206212
39530.273438	-54.298368
39533.203125	-54.330599
39536.132812	-56.025285
39539.062500	-56.009525
39541.992188	-54.952804
39544.921875	-54.901976
39547.851562	-56.054286
39550.781250	-54.499389
39553.710938	-54.706205
39556.640625	-54.494341
39559.570312	-54.102454
39562.500000	-55.242124
39565.429688	-54.423182
39568.359375	-55.037211
39571.289062	-55.729464
39574.218750	-54.568617
39577.148438	-54.929772
39580.078125	-54.595629
39583.007812	-54.495314
39585.937500	-54.324383
39588.867188	-54.718462
39591.796875	-55.378333
39594.726562	-54.423611
39597.656250	-55.170737
39600.585938	-55.210728
39603.515625	-55.160701
39606.445312	-55.273523
39609.375000	-54.540818
39612.304688	-54.317992
39615.234375	-55.121814
39618.164062	-54.629109
39621.093750	-53.498179
39624.023438	-54.227947
39626.953125	-52.953142
39629.882812	-52.984658
39632.812500	-53.823042
39635.742188	-54.310599
39638.671875	-55.979273
39641.601562	-55.153480
39644.531250	-54.170824
39647.460938	-54.852316
39650.390625	-54.841648
39653.320312	-54.417178
39656.250000	-54.886283
39659.179688	-54.603080
39662.109375	-54.564169
39665.039062	-54.763548
39667.968750	-54.845166
39670.898438	-53.793613
39673.828125	-53.932466
39676.757812	-54.450523
39679.687500	-54.817121
39682.617188	-55.607325
39685.546875	-56.863701
39688.476562	-55.120691
39691.406250	-55.086323
39694.335938	-54.123113
39697.265625	-53.577641
39700.195312	-54.685860
39703.125000	-54.664299
39706.054688	-55.030186
39708.984375	-55.326351
39711.914062	-55.347987
39714.843750	-54.691999
39717.773438	-55.192738
39720.703125	-56.483585
39723.632812	-55.488779
39726.562500	-56.079665
39729.492188	-55.484270
39732.421875	-55.871461
39735.351562	-55.924101
39738.281250	-55.213689
39741.210938	-55.152440
39744.140625	-54.025952
39747.070312	-55.147028
39750.000000	-55.207561
39752.929688	-55.612840
39755.859375	-54.557527
39758.789062	-54.102732
39761.718750	-53.820595
39764.648438	-55.153564
39767.578125	-54.537992
39770.507812	-54.412461
39773.437500	-54.492458
39776.367188	-54.439992
39779.296875	-55.050390
39782.226562	-55.196586
39785.156250	-56.713072
39788.085938	-56.273102
39791.015625	-54.869673
39793.945312	-54.882940
39796.875000	-55.204365
39799.804688	-54.638284
39802.734375	-55.295704
39805.664062	-56.250951
39808.593750	-54.539723
39811.523438	-53.148409
39814.453125	-53.357600
39817.382812	-54.145463
39820.312500	-53.609558
39823.242188	-54.636204
39826.171875	-55.016686
39829.101562	-53.912948
39832.031250	-53.734785
39834.960938	-55.503137
39837.890625	-55.936768
39840.820312	-56.174409
39843.750000	-55.839872
39846.679688	-55.583347
39849.609375	-55.043551
39852.539062	-53.607833
39855.468750	-54.399738
39858.398438	-56.294930
39861.328125	-55.755402
39864.257812	-55.459234
39867.187500	-55.072582
39870.117188	-54.218071
39873.046875	-54.669733
39875.976562	-55.867271
39878.906250	-54.593464
39881.835938	-55.153187
39884.765625	-55.565693
39887.695312	-54.925275
39890.625000	-54.963743
39893.554688	-55.421323
39896.484375	-54.568296
39899.414062	-54.704940
39902.343750	-53.969882
39905.273438	-54.974167
39908.203125	-54.765477
39911.132812	-54.242672
39914.062500	-54.370132
39916.992188	-55.115262
39919.921875	-54.928014
39922.851562	-54.389373
39925.781250	-53.916281
39928.710938	-54.931052
39931.640625	-55.728586
39934.570312	-54.710021
39937.500000	-54.791754
39940.429688	-54.094953
39943.359375	-54.559943
39946.289062	-54.768653
39949.218750	-54.287737
39952.148438	-54.173367
39955.078125	-53.297866
39958.007812	-53.749134
39960.937500	-54.233807
39963.867188	-54.790277
39966.796875	-54.881802
39969.726562	-55.118722
39972.656250	-55.777637
39975.585938	-54.631365
39978.515625	-54.507086
39981.445312	-55.014682
39984.375000	-55.241491
39987.304688	-55.160502
39990.234375	-54.542516
39993.164062	-54.712826
39996.093750	-55.669708
39999.023438	-54.390555
